
D:/SIH 2026/Voice_Activator_Project/firmware/build/hero_arise_adiy_rp2040.elf:     file format elf32-littlearm

Sections:
Idx Name          Size      VMA       LMA       File off  Algn
  0 .boot2        00000100  10000000  10000000  00001000  2**0
                  CONTENTS, ALLOC, LOAD, READONLY, CODE
  1 .text         0000674c  10000100  10000100  00001100  2**3
                  CONTENTS, ALLOC, LOAD, READONLY, CODE
  2 .rodata       00000820  10006850  10006850  00007850  2**3
                  CONTENTS, ALLOC, LOAD, READONLY, DATA
  3 .binary_info  00000020  10007070  10007070  00008070  2**2
                  CONTENTS, ALLOC, LOAD, READONLY, DATA
  4 .xip_ram      00000000  15000000  15000000  00009040  2**0
                  CONTENTS
  5 .ram_vector_table 000000c0  20000000  20000000  0000a000  2**2
                  ALLOC
  6 .uninitialized_data 00000000  200000c0  200000c0  00009040  2**0
                  CONTENTS
  7 .data         00000f80  200000c0  10007090  000080c0  2**4
                  CONTENTS, ALLOC, LOAD, READONLY, CODE
  8 .tdata        00000000  20001040  20001040  00009040  2**0
                  CONTENTS, ALLOC, LOAD, DATA, THREAD_LOCAL
  9 .tbss         00000000  20001040  20001040  00000000  2**0
                  ALLOC, THREAD_LOCAL
 10 .tbss_space   00000000  20001040  20001040  00009040  2**0
                  CONTENTS
 11 .bss          00000c24  20001040  10008010  00009040  2**3
                  ALLOC
 12 .tls0         00000000  20001c64  20001c64  00009040  2**0
                  CONTENTS
 13 .tls1         00000000  20001c64  20001c64  00009040  2**0
                  CONTENTS
 14 .persistent_data 00000000  20001c64  20001c64  00009040  2**0
                  CONTENTS
 15 .dummy_pre_heap 00000000  20001c64  20001c64  00009040  2**0
                  CONTENTS
 16 .heap         00000800  20001c64  20001c64  0000a000  2**2
                  ALLOC, READONLY
 17 .scratch_x    00000000  20040000  20040000  00009040  2**0
                  CONTENTS
 18 .scratch_y    00000000  20041000  20041000  00009040  2**0
                  CONTENTS
 19 .stack_dummy  00000800  20041000  20041000  0000a000  2**5
                  ALLOC, READONLY
 20 .debug_info   000311bb  00000000  00000000  00009040  2**0
                  CONTENTS, READONLY, DEBUGGING, OCTETS
 21 .debug_abbrev 00008a52  00000000  00000000  0003a1fb  2**0
                  CONTENTS, READONLY, DEBUGGING, OCTETS
 22 .debug_loclists 000181bc  00000000  00000000  00042c4d  2**0
                  CONTENTS, READONLY, DEBUGGING, OCTETS
 23 .debug_aranges 00001698  00000000  00000000  0005ae10  2**3
                  CONTENTS, READONLY, DEBUGGING, OCTETS
 24 .debug_rnglists 00004402  00000000  00000000  0005c4a8  2**0
                  CONTENTS, READONLY, DEBUGGING, OCTETS
 25 .debug_line   00020b73  00000000  00000000  000608aa  2**0
                  CONTENTS, READONLY, DEBUGGING, OCTETS
 26 .debug_str    00008f97  00000000  00000000  0008141d  2**0
                  CONTENTS, READONLY, DEBUGGING, OCTETS
 27 .comment      00000055  00000000  00000000  0008a3b4  2**0
                  CONTENTS, READONLY
 28 .ARM.attributes 0000002a  00000000  00000000  0008a409  2**0
                  CONTENTS, READONLY
 29 .debug_frame  00002e70  00000000  00000000  0008a434  2**2
                  CONTENTS, READONLY, DEBUGGING, OCTETS
 30 .debug_line_str 000002d3  00000000  00000000  0008d2a4  2**0
                  CONTENTS, READONLY, DEBUGGING, OCTETS

D:/SIH 2026/Voice_Activator_Project/firmware/build/hero_arise_adiy_rp2040.elf:     file format elf32-littlearm


Disassembly of section .boot2:

10000000 <__boot2_start__>:
10000000:	4b32b500 	.word	0x4b32b500
10000004:	60582021 	.word	0x60582021
10000008:	21026898 	.word	0x21026898
1000000c:	60984388 	.word	0x60984388
10000010:	611860d8 	.word	0x611860d8
10000014:	4b2e6158 	.word	0x4b2e6158
10000018:	60992100 	.word	0x60992100
1000001c:	61592102 	.word	0x61592102
10000020:	22f02101 	.word	0x22f02101
10000024:	492b5099 	.word	0x492b5099
10000028:	21016019 	.word	0x21016019
1000002c:	20356099 	.word	0x20356099
10000030:	f844f000 	.word	0xf844f000
10000034:	42902202 	.word	0x42902202
10000038:	2106d014 	.word	0x2106d014
1000003c:	f0006619 	.word	0xf0006619
10000040:	6e19f834 	.word	0x6e19f834
10000044:	66192101 	.word	0x66192101
10000048:	66182000 	.word	0x66182000
1000004c:	f000661a 	.word	0xf000661a
10000050:	6e19f82c 	.word	0x6e19f82c
10000054:	6e196e19 	.word	0x6e196e19
10000058:	f0002005 	.word	0xf0002005
1000005c:	2101f82f 	.word	0x2101f82f
10000060:	d1f94208 	.word	0xd1f94208
10000064:	60992100 	.word	0x60992100
10000068:	6019491b 	.word	0x6019491b
1000006c:	60592100 	.word	0x60592100
10000070:	481b491a 	.word	0x481b491a
10000074:	21016001 	.word	0x21016001
10000078:	21eb6099 	.word	0x21eb6099
1000007c:	21a06619 	.word	0x21a06619
10000080:	f0006619 	.word	0xf0006619
10000084:	2100f812 	.word	0x2100f812
10000088:	49166099 	.word	0x49166099
1000008c:	60014814 	.word	0x60014814
10000090:	60992101 	.word	0x60992101
10000094:	2800bc01 	.word	0x2800bc01
10000098:	4700d000 	.word	0x4700d000
1000009c:	49134812 	.word	0x49134812
100000a0:	c8036008 	.word	0xc8036008
100000a4:	8808f380 	.word	0x8808f380
100000a8:	b5034708 	.word	0xb5034708
100000ac:	20046a99 	.word	0x20046a99
100000b0:	d0fb4201 	.word	0xd0fb4201
100000b4:	42012001 	.word	0x42012001
100000b8:	bd03d1f8 	.word	0xbd03d1f8
100000bc:	6618b502 	.word	0x6618b502
100000c0:	f7ff6618 	.word	0xf7ff6618
100000c4:	6e18fff2 	.word	0x6e18fff2
100000c8:	bd026e18 	.word	0xbd026e18
100000cc:	40020000 	.word	0x40020000
100000d0:	18000000 	.word	0x18000000
100000d4:	00070000 	.word	0x00070000
100000d8:	005f0300 	.word	0x005f0300
100000dc:	00002221 	.word	0x00002221
100000e0:	180000f4 	.word	0x180000f4
100000e4:	a0002022 	.word	0xa0002022
100000e8:	10000100 	.word	0x10000100
100000ec:	e000ed08 	.word	0xe000ed08
	...
100000fc:	7a4eb274 	.word	0x7a4eb274

Disassembly of section .text:

10000100 <__VECTOR_TABLE>:
10000100:	20042000 	.word	0x20042000
10000104:	100001f7 	.word	0x100001f7
10000108:	100001cb 	.word	0x100001cb
1000010c:	100001cd 	.word	0x100001cd
10000110:	100001c9 	.word	0x100001c9
10000114:	100001c9 	.word	0x100001c9
10000118:	100001c9 	.word	0x100001c9
1000011c:	100001c9 	.word	0x100001c9
10000120:	100001c9 	.word	0x100001c9
10000124:	100001c9 	.word	0x100001c9
10000128:	100001c9 	.word	0x100001c9
1000012c:	100001cf 	.word	0x100001cf
10000130:	100001c9 	.word	0x100001c9
10000134:	100001c9 	.word	0x100001c9
10000138:	100001d1 	.word	0x100001d1
1000013c:	100001d3 	.word	0x100001d3
10000140:	100001c1 	.word	0x100001c1
10000144:	100001c1 	.word	0x100001c1
10000148:	100001c1 	.word	0x100001c1
1000014c:	100001c1 	.word	0x100001c1
10000150:	100001c1 	.word	0x100001c1
10000154:	100001c1 	.word	0x100001c1
10000158:	100001c1 	.word	0x100001c1
1000015c:	100001c1 	.word	0x100001c1
10000160:	100001c1 	.word	0x100001c1
10000164:	100001c1 	.word	0x100001c1
10000168:	100001c1 	.word	0x100001c1
1000016c:	100001c1 	.word	0x100001c1
10000170:	100001c1 	.word	0x100001c1
10000174:	100001c1 	.word	0x100001c1
10000178:	100001c1 	.word	0x100001c1
1000017c:	100001c1 	.word	0x100001c1
10000180:	100001c1 	.word	0x100001c1
10000184:	100001c1 	.word	0x100001c1
10000188:	100001c1 	.word	0x100001c1
1000018c:	100001c1 	.word	0x100001c1
10000190:	100001c1 	.word	0x100001c1
10000194:	100001c1 	.word	0x100001c1
10000198:	100001c1 	.word	0x100001c1
1000019c:	100001c1 	.word	0x100001c1
100001a0:	100001c1 	.word	0x100001c1
100001a4:	100001c1 	.word	0x100001c1
100001a8:	100001c1 	.word	0x100001c1
100001ac:	100001c1 	.word	0x100001c1
100001b0:	100001c1 	.word	0x100001c1
100001b4:	100001c1 	.word	0x100001c1
100001b8:	100001c1 	.word	0x100001c1
100001bc:	100001c1 	.word	0x100001c1

100001c0 <__unhandled_user_irq>:
100001c0:	f3ef 8005 	mrs	r0, IPSR
100001c4:	3810      	subs	r0, #16

100001c6 <unhandled_user_irq_num_in_r0>:
100001c6:	be00      	bkpt	0x0000

100001c8 <isr_invalid>:
100001c8:	be00      	bkpt	0x0000

100001ca <isr_nmi>:
100001ca:	be00      	bkpt	0x0000

100001cc <isr_hardfault>:
100001cc:	be00      	bkpt	0x0000

100001ce <isr_svcall>:
100001ce:	be00      	bkpt	0x0000

100001d0 <isr_pendsv>:
100001d0:	be00      	bkpt	0x0000

100001d2 <isr_systick>:
100001d2:	be00      	bkpt	0x0000

100001d4 <__default_isrs_end>:
100001d4:	7188ebf2 	.word	0x7188ebf2
100001d8:	10007070 	.word	0x10007070
100001dc:	10007090 	.word	0x10007090
100001e0:	10000238 	.word	0x10000238
100001e4:	e71aa390 	.word	0xe71aa390

100001e8 <_entry_point>:
100001e8:	2000      	movs	r0, #0

100001ea <_enter_vtable_in_r0>:
100001ea:	491e      	ldr	r1, [pc, #120]	@ (10000264 <data_cpy_table+0x2c>)
100001ec:	6008      	str	r0, [r1, #0]
100001ee:	c806      	ldmia	r0!, {r1, r2}
100001f0:	f381 8808 	msr	MSP, r1
100001f4:	4710      	bx	r2

100001f6 <_reset_handler>:
100001f6:	481c      	ldr	r0, [pc, #112]	@ (10000268 <data_cpy_table+0x30>)
100001f8:	6800      	ldr	r0, [r0, #0]
100001fa:	2800      	cmp	r0, #0
100001fc:	d001      	beq.n	10000202 <hold_non_core0_in_bootrom+0x4>

100001fe <hold_non_core0_in_bootrom>:
100001fe:	2000      	movs	r0, #0
10000200:	e7f3      	b.n	100001ea <_enter_vtable_in_r0>
10000202:	a40d      	add	r4, pc, #52	@ (adr r4, 10000238 <data_cpy_table>)
10000204:	cc0e      	ldmia	r4!, {r1, r2, r3}
10000206:	2900      	cmp	r1, #0
10000208:	d002      	beq.n	10000210 <hold_non_core0_in_bootrom+0x12>
1000020a:	f000 f812 	bl	10000232 <data_cpy>
1000020e:	e7f9      	b.n	10000204 <hold_non_core0_in_bootrom+0x6>
10000210:	4916      	ldr	r1, [pc, #88]	@ (1000026c <data_cpy_table+0x34>)
10000212:	4a17      	ldr	r2, [pc, #92]	@ (10000270 <data_cpy_table+0x38>)
10000214:	2000      	movs	r0, #0
10000216:	e000      	b.n	1000021a <bss_fill_test>

10000218 <bss_fill_loop>:
10000218:	c101      	stmia	r1!, {r0}

1000021a <bss_fill_test>:
1000021a:	4291      	cmp	r1, r2
1000021c:	d1fc      	bne.n	10000218 <bss_fill_loop>

1000021e <platform_entry>:
1000021e:	4915      	ldr	r1, [pc, #84]	@ (10000274 <data_cpy_table+0x3c>)
10000220:	4788      	blx	r1
10000222:	4915      	ldr	r1, [pc, #84]	@ (10000278 <data_cpy_table+0x40>)
10000224:	4788      	blx	r1
10000226:	4915      	ldr	r1, [pc, #84]	@ (1000027c <data_cpy_table+0x44>)
10000228:	4788      	blx	r1
1000022a:	be00      	bkpt	0x0000
1000022c:	e7fd      	b.n	1000022a <platform_entry+0xc>

1000022e <data_cpy_loop>:
1000022e:	c901      	ldmia	r1!, {r0}
10000230:	c201      	stmia	r2!, {r0}

10000232 <data_cpy>:
10000232:	429a      	cmp	r2, r3
10000234:	d3fb      	bcc.n	1000022e <data_cpy_loop>

10000236 <data_cpy_done>:
10000236:	4770      	bx	lr

10000238 <data_cpy_table>:
10000238:	10007090 	.word	0x10007090
1000023c:	200000c0 	.word	0x200000c0
10000240:	20001040 	.word	0x20001040
10000244:	10008010 	.word	0x10008010
10000248:	20040000 	.word	0x20040000
1000024c:	20040000 	.word	0x20040000
10000250:	10008010 	.word	0x10008010
10000254:	20041000 	.word	0x20041000
10000258:	20041000 	.word	0x20041000
1000025c:	00000000 	.word	0x00000000
10000260:	4770      	bx	lr
10000262:	0000      	.short	0x0000
10000264:	e000ed08 	.word	0xe000ed08
10000268:	d0000000 	.word	0xd0000000
1000026c:	20001040 	.word	0x20001040
10000270:	20001c64 	.word	0x20001c64
10000274:	10003fbd 	.word	0x10003fbd
10000278:	1000030d 	.word	0x1000030d
1000027c:	10003fb5 	.word	0x10003fb5

10000280 <_Z14loop_test_modev>:
10000280:	b510      	push	{r4, lr}
10000282:	481e      	ldr	r0, [pc, #120]	@ (100002fc <_Z14loop_test_modev+0x7c>)
10000284:	b082      	sub	sp, #8
10000286:	f004 f815 	bl	100042b4 <__wrap_puts>
1000028a:	4c1d      	ldr	r4, [pc, #116]	@ (10000300 <_Z14loop_test_modev+0x80>)
1000028c:	e025      	b.n	100002da <_Z14loop_test_modev+0x5a>
1000028e:	22fa      	movs	r2, #250	@ 0xfa
10000290:	2300      	movs	r3, #0
10000292:	0092      	lsls	r2, r2, #2
10000294:	f001 fc1a 	bl	10001acc <__wrap___aeabi_uldivmod>
10000298:	0003      	movs	r3, r0
1000029a:	2201      	movs	r2, #1
1000029c:	2100      	movs	r1, #0
1000029e:	0020      	movs	r0, r4
100002a0:	9200      	str	r2, [sp, #0]
100002a2:	4a18      	ldr	r2, [pc, #96]	@ (10000304 <_Z14loop_test_modev+0x84>)
100002a4:	f000 f87a 	bl	1000039c <_ZN14DecisionEngine17processPredictionEifmb>
100002a8:	20fa      	movs	r0, #250	@ 0xfa
100002aa:	00c0      	lsls	r0, r0, #3
100002ac:	f000 ffb8 	bl	10001220 <sleep_ms>
100002b0:	f001 f870 	bl	10001394 <time_us_64>
100002b4:	2900      	cmp	r1, #0
100002b6:	d01a      	beq.n	100002ee <_Z14loop_test_modev+0x6e>
100002b8:	22fa      	movs	r2, #250	@ 0xfa
100002ba:	2300      	movs	r3, #0
100002bc:	0092      	lsls	r2, r2, #2
100002be:	f001 fc05 	bl	10001acc <__wrap___aeabi_uldivmod>
100002c2:	0003      	movs	r3, r0
100002c4:	2200      	movs	r2, #0
100002c6:	0020      	movs	r0, r4
100002c8:	9200      	str	r2, [sp, #0]
100002ca:	2101      	movs	r1, #1
100002cc:	4a0e      	ldr	r2, [pc, #56]	@ (10000308 <_Z14loop_test_modev+0x88>)
100002ce:	f000 f865 	bl	1000039c <_ZN14DecisionEngine17processPredictionEifmb>
100002d2:	20fa      	movs	r0, #250	@ 0xfa
100002d4:	00c0      	lsls	r0, r0, #3
100002d6:	f000 ffa3 	bl	10001220 <sleep_ms>
100002da:	f001 f85b 	bl	10001394 <time_us_64>
100002de:	2900      	cmp	r1, #0
100002e0:	d1d5      	bne.n	1000028e <_Z14loop_test_modev+0xe>
100002e2:	21fa      	movs	r1, #250	@ 0xfa
100002e4:	0089      	lsls	r1, r1, #2
100002e6:	f001 fbb3 	bl	10001a50 <__wrap___aeabi_uidiv>
100002ea:	0003      	movs	r3, r0
100002ec:	e7d5      	b.n	1000029a <_Z14loop_test_modev+0x1a>
100002ee:	21fa      	movs	r1, #250	@ 0xfa
100002f0:	0089      	lsls	r1, r1, #2
100002f2:	f001 fbad 	bl	10001a50 <__wrap___aeabi_uidiv>
100002f6:	0003      	movs	r3, r0
100002f8:	e7e4      	b.n	100002c4 <_Z14loop_test_modev+0x44>
100002fa:	46c0      	nop			@ (mov r8, r8)
100002fc:	10006850 	.word	0x10006850
10000300:	200013c8 	.word	0x200013c8
10000304:	3f733333 	.word	0x3f733333
10000308:	3df5c28f 	.word	0x3df5c28f

1000030c <main>:
1000030c:	b510      	push	{r4, lr}
1000030e:	f003 ff81 	bl	10004214 <stdio_init_all>
10000312:	4808      	ldr	r0, [pc, #32]	@ (10000334 <main+0x28>)
10000314:	f000 ff84 	bl	10001220 <sleep_ms>
10000318:	4807      	ldr	r0, [pc, #28]	@ (10000338 <main+0x2c>)
1000031a:	f003 ffcb 	bl	100042b4 <__wrap_puts>
1000031e:	4807      	ldr	r0, [pc, #28]	@ (1000033c <main+0x30>)
10000320:	f000 f81e 	bl	10000360 <_ZN14DecisionEngine5beginEv>
10000324:	2800      	cmp	r0, #0
10000326:	d001      	beq.n	1000032c <main+0x20>
10000328:	f7ff ffaa 	bl	10000280 <_Z14loop_test_modev>
1000032c:	4804      	ldr	r0, [pc, #16]	@ (10000340 <main+0x34>)
1000032e:	f003 ffc1 	bl	100042b4 <__wrap_puts>
10000332:	e7f9      	b.n	10000328 <main+0x1c>
10000334:	000005dc 	.word	0x000005dc
10000338:	10006884 	.word	0x10006884
1000033c:	200013c8 	.word	0x200013c8
10000340:	100068c4 	.word	0x100068c4

10000344 <_GLOBAL__sub_I__Z14loop_test_modev>:
10000344:	b510      	push	{r4, lr}
10000346:	4802      	ldr	r0, [pc, #8]	@ (10000350 <_GLOBAL__sub_I__Z14loop_test_modev+0xc>)
10000348:	f000 f804 	bl	10000354 <_ZN14DecisionEngineC1Ev>
1000034c:	bd10      	pop	{r4, pc}
1000034e:	46c0      	nop			@ (mov r8, r8)
10000350:	200013c8 	.word	0x200013c8

10000354 <_ZN14DecisionEngineC1Ev>:
10000354:	2300      	movs	r3, #0
10000356:	7003      	strb	r3, [r0, #0]
10000358:	6043      	str	r3, [r0, #4]
1000035a:	6083      	str	r3, [r0, #8]
1000035c:	4770      	bx	lr
1000035e:	46c0      	nop			@ (mov r8, r8)

10000360 <_ZN14DecisionEngine5beginEv>:
10000360:	b570      	push	{r4, r5, r6, lr}
10000362:	2300      	movs	r3, #0
10000364:	24d0      	movs	r4, #208	@ 0xd0
10000366:	2680      	movs	r6, #128	@ 0x80
10000368:	2580      	movs	r5, #128	@ 0x80
1000036a:	0624      	lsls	r4, r4, #24
1000036c:	7003      	strb	r3, [r0, #0]
1000036e:	6043      	str	r3, [r0, #4]
10000370:	6083      	str	r3, [r0, #8]
10000372:	01f6      	lsls	r6, r6, #7
10000374:	200e      	movs	r0, #14
10000376:	f000 f8cf 	bl	10000518 <gpio_init>
1000037a:	022d      	lsls	r5, r5, #8
1000037c:	6266      	str	r6, [r4, #36]	@ 0x24
1000037e:	200f      	movs	r0, #15
10000380:	f000 f8ca 	bl	10000518 <gpio_init>
10000384:	6265      	str	r5, [r4, #36]	@ 0x24
10000386:	2010      	movs	r0, #16
10000388:	f000 f8c6 	bl	10000518 <gpio_init>
1000038c:	2380      	movs	r3, #128	@ 0x80
1000038e:	025b      	lsls	r3, r3, #9
10000390:	6263      	str	r3, [r4, #36]	@ 0x24
10000392:	2001      	movs	r0, #1
10000394:	61a6      	str	r6, [r4, #24]
10000396:	6165      	str	r5, [r4, #20]
10000398:	61a3      	str	r3, [r4, #24]
1000039a:	bd70      	pop	{r4, r5, r6, pc}

1000039c <_ZN14DecisionEngine17processPredictionEifmb>:
1000039c:	b5f0      	push	{r4, r5, r6, r7, lr}
1000039e:	46d6      	mov	lr, sl
100003a0:	464f      	mov	r7, r9
100003a2:	4646      	mov	r6, r8
100003a4:	b5c0      	push	{r6, r7, lr}
100003a6:	b082      	sub	sp, #8
100003a8:	001d      	movs	r5, r3
100003aa:	ab0a      	add	r3, sp, #40	@ 0x28
100003ac:	781b      	ldrb	r3, [r3, #0]
100003ae:	0004      	movs	r4, r0
100003b0:	4688      	mov	r8, r1
100003b2:	4691      	mov	r9, r2
100003b4:	469a      	mov	sl, r3
100003b6:	2d00      	cmp	r5, #0
100003b8:	d002      	beq.n	100003c0 <_ZN14DecisionEngine17processPredictionEifmb+0x24>
100003ba:	6881      	ldr	r1, [r0, #8]
100003bc:	42a9      	cmp	r1, r5
100003be:	d836      	bhi.n	1000042e <_ZN14DecisionEngine17processPredictionEifmb+0x92>
100003c0:	494b      	ldr	r1, [pc, #300]	@ (100004f0 <_ZN14DecisionEngine17processPredictionEifmb+0x154>)
100003c2:	4648      	mov	r0, r9
100003c4:	f002 f997 	bl	100026f6 <__wrap___aeabi_fmul>
100003c8:	f002 f9cc 	bl	10002764 <__wrap___aeabi_f2d>
100003cc:	4653      	mov	r3, sl
100003ce:	0006      	movs	r6, r0
100003d0:	000f      	movs	r7, r1
100003d2:	2b00      	cmp	r3, #0
100003d4:	d023      	beq.n	1000041e <_ZN14DecisionEngine17processPredictionEifmb+0x82>
100003d6:	4643      	mov	r3, r8
100003d8:	2b00      	cmp	r3, #0
100003da:	d120      	bne.n	1000041e <_ZN14DecisionEngine17processPredictionEifmb+0x82>
100003dc:	21fd      	movs	r1, #253	@ 0xfd
100003de:	4648      	mov	r0, r9
100003e0:	0589      	lsls	r1, r1, #22
100003e2:	f002 f9b7 	bl	10002754 <__wrap___aeabi_fcmpge>
100003e6:	2800      	cmp	r0, #0
100003e8:	d13c      	bne.n	10000464 <_ZN14DecisionEngine17processPredictionEifmb+0xc8>
100003ea:	4643      	mov	r3, r8
100003ec:	6063      	str	r3, [r4, #4]
100003ee:	7023      	strb	r3, [r4, #0]
100003f0:	4940      	ldr	r1, [pc, #256]	@ (100004f4 <_ZN14DecisionEngine17processPredictionEifmb+0x158>)
100003f2:	0032      	movs	r2, r6
100003f4:	003b      	movs	r3, r7
100003f6:	4840      	ldr	r0, [pc, #256]	@ (100004f8 <_ZN14DecisionEngine17processPredictionEifmb+0x15c>)
100003f8:	f003 ffe4 	bl	100043c4 <__wrap_printf>
100003fc:	23d0      	movs	r3, #208	@ 0xd0
100003fe:	2280      	movs	r2, #128	@ 0x80
10000400:	061b      	lsls	r3, r3, #24
10000402:	01d2      	lsls	r2, r2, #7
10000404:	619a      	str	r2, [r3, #24]
10000406:	2280      	movs	r2, #128	@ 0x80
10000408:	0212      	lsls	r2, r2, #8
1000040a:	615a      	str	r2, [r3, #20]
1000040c:	2280      	movs	r2, #128	@ 0x80
1000040e:	0252      	lsls	r2, r2, #9
10000410:	619a      	str	r2, [r3, #24]
10000412:	b002      	add	sp, #8
10000414:	bce0      	pop	{r5, r6, r7}
10000416:	46ba      	mov	sl, r7
10000418:	46b1      	mov	r9, r6
1000041a:	46a8      	mov	r8, r5
1000041c:	bdf0      	pop	{r4, r5, r6, r7, pc}
1000041e:	2300      	movs	r3, #0
10000420:	6063      	str	r3, [r4, #4]
10000422:	7023      	strb	r3, [r4, #0]
10000424:	4643      	mov	r3, r8
10000426:	2b01      	cmp	r3, #1
10000428:	d1e2      	bne.n	100003f0 <_ZN14DecisionEngine17processPredictionEifmb+0x54>
1000042a:	4934      	ldr	r1, [pc, #208]	@ (100004fc <_ZN14DecisionEngine17processPredictionEifmb+0x160>)
1000042c:	e7e1      	b.n	100003f2 <_ZN14DecisionEngine17processPredictionEifmb+0x56>
1000042e:	2300      	movs	r3, #0
10000430:	6043      	str	r3, [r0, #4]
10000432:	7003      	strb	r3, [r0, #0]
10000434:	4832      	ldr	r0, [pc, #200]	@ (10000500 <_ZN14DecisionEngine17processPredictionEifmb+0x164>)
10000436:	f003 ffc5 	bl	100043c4 <__wrap_printf>
1000043a:	7823      	ldrb	r3, [r4, #0]
1000043c:	2b00      	cmp	r3, #0
1000043e:	d14b      	bne.n	100004d8 <_ZN14DecisionEngine17processPredictionEifmb+0x13c>
10000440:	6861      	ldr	r1, [r4, #4]
10000442:	2900      	cmp	r1, #0
10000444:	dc2d      	bgt.n	100004a2 <_ZN14DecisionEngine17processPredictionEifmb+0x106>
10000446:	4643      	mov	r3, r8
10000448:	2b01      	cmp	r3, #1
1000044a:	d04f      	beq.n	100004ec <_ZN14DecisionEngine17processPredictionEifmb+0x150>
1000044c:	4c29      	ldr	r4, [pc, #164]	@ (100004f4 <_ZN14DecisionEngine17processPredictionEifmb+0x158>)
1000044e:	4928      	ldr	r1, [pc, #160]	@ (100004f0 <_ZN14DecisionEngine17processPredictionEifmb+0x154>)
10000450:	4648      	mov	r0, r9
10000452:	f002 f950 	bl	100026f6 <__wrap___aeabi_fmul>
10000456:	f002 f985 	bl	10002764 <__wrap___aeabi_f2d>
1000045a:	0002      	movs	r2, r0
1000045c:	000b      	movs	r3, r1
1000045e:	4826      	ldr	r0, [pc, #152]	@ (100004f8 <_ZN14DecisionEngine17processPredictionEifmb+0x15c>)
10000460:	0021      	movs	r1, r4
10000462:	e7c9      	b.n	100003f8 <_ZN14DecisionEngine17processPredictionEifmb+0x5c>
10000464:	6861      	ldr	r1, [r4, #4]
10000466:	2203      	movs	r2, #3
10000468:	3101      	adds	r1, #1
1000046a:	6061      	str	r1, [r4, #4]
1000046c:	4825      	ldr	r0, [pc, #148]	@ (10000504 <_ZN14DecisionEngine17processPredictionEifmb+0x168>)
1000046e:	9600      	str	r6, [sp, #0]
10000470:	9701      	str	r7, [sp, #4]
10000472:	f003 ffa7 	bl	100043c4 <__wrap_printf>
10000476:	6861      	ldr	r1, [r4, #4]
10000478:	2902      	cmp	r1, #2
1000047a:	dd17      	ble.n	100004ac <_ZN14DecisionEngine17processPredictionEifmb+0x110>
1000047c:	2301      	movs	r3, #1
1000047e:	7023      	strb	r3, [r4, #0]
10000480:	2d00      	cmp	r5, #0
10000482:	d003      	beq.n	1000048c <_ZN14DecisionEngine17processPredictionEifmb+0xf0>
10000484:	4b20      	ldr	r3, [pc, #128]	@ (10000508 <_ZN14DecisionEngine17processPredictionEifmb+0x16c>)
10000486:	469c      	mov	ip, r3
10000488:	4465      	add	r5, ip
1000048a:	60a5      	str	r5, [r4, #8]
1000048c:	2300      	movs	r3, #0
1000048e:	481f      	ldr	r0, [pc, #124]	@ (1000050c <_ZN14DecisionEngine17processPredictionEifmb+0x170>)
10000490:	6063      	str	r3, [r4, #4]
10000492:	f003 ff0f 	bl	100042b4 <__wrap_puts>
10000496:	7823      	ldrb	r3, [r4, #0]
10000498:	2b00      	cmp	r3, #0
1000049a:	d10c      	bne.n	100004b6 <_ZN14DecisionEngine17processPredictionEifmb+0x11a>
1000049c:	6861      	ldr	r1, [r4, #4]
1000049e:	2900      	cmp	r1, #0
100004a0:	dda6      	ble.n	100003f0 <_ZN14DecisionEngine17processPredictionEifmb+0x54>
100004a2:	2203      	movs	r2, #3
100004a4:	481a      	ldr	r0, [pc, #104]	@ (10000510 <_ZN14DecisionEngine17processPredictionEifmb+0x174>)
100004a6:	f003 ff8d 	bl	100043c4 <__wrap_printf>
100004aa:	e7a7      	b.n	100003fc <_ZN14DecisionEngine17processPredictionEifmb+0x60>
100004ac:	4643      	mov	r3, r8
100004ae:	7023      	strb	r3, [r4, #0]
100004b0:	2900      	cmp	r1, #0
100004b2:	dd9d      	ble.n	100003f0 <_ZN14DecisionEngine17processPredictionEifmb+0x54>
100004b4:	e7f5      	b.n	100004a2 <_ZN14DecisionEngine17processPredictionEifmb+0x106>
100004b6:	0032      	movs	r2, r6
100004b8:	003b      	movs	r3, r7
100004ba:	4816      	ldr	r0, [pc, #88]	@ (10000514 <_ZN14DecisionEngine17processPredictionEifmb+0x178>)
100004bc:	f003 ff82 	bl	100043c4 <__wrap_printf>
100004c0:	23d0      	movs	r3, #208	@ 0xd0
100004c2:	2280      	movs	r2, #128	@ 0x80
100004c4:	061b      	lsls	r3, r3, #24
100004c6:	01d2      	lsls	r2, r2, #7
100004c8:	615a      	str	r2, [r3, #20]
100004ca:	2280      	movs	r2, #128	@ 0x80
100004cc:	0212      	lsls	r2, r2, #8
100004ce:	619a      	str	r2, [r3, #24]
100004d0:	2280      	movs	r2, #128	@ 0x80
100004d2:	0252      	lsls	r2, r2, #9
100004d4:	615a      	str	r2, [r3, #20]
100004d6:	e79c      	b.n	10000412 <_ZN14DecisionEngine17processPredictionEifmb+0x76>
100004d8:	4905      	ldr	r1, [pc, #20]	@ (100004f0 <_ZN14DecisionEngine17processPredictionEifmb+0x154>)
100004da:	4648      	mov	r0, r9
100004dc:	f002 f90b 	bl	100026f6 <__wrap___aeabi_fmul>
100004e0:	f002 f940 	bl	10002764 <__wrap___aeabi_f2d>
100004e4:	0002      	movs	r2, r0
100004e6:	000b      	movs	r3, r1
100004e8:	480a      	ldr	r0, [pc, #40]	@ (10000514 <_ZN14DecisionEngine17processPredictionEifmb+0x178>)
100004ea:	e7e7      	b.n	100004bc <_ZN14DecisionEngine17processPredictionEifmb+0x120>
100004ec:	4c03      	ldr	r4, [pc, #12]	@ (100004fc <_ZN14DecisionEngine17processPredictionEifmb+0x160>)
100004ee:	e7ae      	b.n	1000044e <_ZN14DecisionEngine17processPredictionEifmb+0xb2>
100004f0:	42c80000 	.word	0x42c80000
100004f4:	100068fc 	.word	0x100068fc
100004f8:	100069b8 	.word	0x100069b8
100004fc:	100068f4 	.word	0x100068f4
10000500:	10006904 	.word	0x10006904
10000504:	100069f0 	.word	0x100069f0
10000508:	000005dc 	.word	0x000005dc
1000050c:	10006a28 	.word	0x10006a28
10000510:	10006990 	.word	0x10006990
10000514:	1000694c 	.word	0x1000694c

10000518 <gpio_init>:
10000518:	2301      	movs	r3, #1
1000051a:	22d0      	movs	r2, #208	@ 0xd0
1000051c:	4083      	lsls	r3, r0
1000051e:	0612      	lsls	r2, r2, #24
10000520:	6293      	str	r3, [r2, #40]	@ 0x28
10000522:	6193      	str	r3, [r2, #24]
10000524:	4a09      	ldr	r2, [pc, #36]	@ (1000054c <gpio_init+0x34>)
10000526:	0083      	lsls	r3, r0, #2
10000528:	189a      	adds	r2, r3, r2
1000052a:	6811      	ldr	r1, [r2, #0]
1000052c:	2240      	movs	r2, #64	@ 0x40
1000052e:	4051      	eors	r1, r2
10000530:	3280      	adds	r2, #128	@ 0x80
10000532:	400a      	ands	r2, r1
10000534:	4906      	ldr	r1, [pc, #24]	@ (10000550 <gpio_init+0x38>)
10000536:	00c0      	lsls	r0, r0, #3
10000538:	468c      	mov	ip, r1
1000053a:	4463      	add	r3, ip
1000053c:	601a      	str	r2, [r3, #0]
1000053e:	4b05      	ldr	r3, [pc, #20]	@ (10000554 <gpio_init+0x3c>)
10000540:	469c      	mov	ip, r3
10000542:	2305      	movs	r3, #5
10000544:	4460      	add	r0, ip
10000546:	6043      	str	r3, [r0, #4]
10000548:	4770      	bx	lr
1000054a:	46c0      	nop			@ (mov r8, r8)
1000054c:	4001c004 	.word	0x4001c004
10000550:	4001d004 	.word	0x4001d004
10000554:	40014000 	.word	0x40014000

10000558 <rp2040_chip_version>:
10000558:	2380      	movs	r3, #128	@ 0x80
1000055a:	05db      	lsls	r3, r3, #23
1000055c:	6818      	ldr	r0, [r3, #0]
1000055e:	0f00      	lsrs	r0, r0, #28
10000560:	4770      	bx	lr
10000562:	46c0      	nop			@ (mov r8, r8)

10000564 <panic>:
10000564:	b40f      	push	{r0, r1, r2, r3}
10000566:	b500      	push	{lr}
10000568:	4808      	ldr	r0, [pc, #32]	@ (1000058c <panic+0x28>)
1000056a:	b083      	sub	sp, #12
1000056c:	f003 fea2 	bl	100042b4 <__wrap_puts>
10000570:	9b04      	ldr	r3, [sp, #16]
10000572:	2b00      	cmp	r3, #0
10000574:	d007      	beq.n	10000586 <panic+0x22>
10000576:	a905      	add	r1, sp, #20
10000578:	0018      	movs	r0, r3
1000057a:	9101      	str	r1, [sp, #4]
1000057c:	f003 fcfe 	bl	10003f7c <weak_raw_vprintf>
10000580:	4803      	ldr	r0, [pc, #12]	@ (10000590 <panic+0x2c>)
10000582:	f003 fe97 	bl	100042b4 <__wrap_puts>
10000586:	2001      	movs	r0, #1
10000588:	f003 fd10 	bl	10003fac <_exit>
1000058c:	10006a74 	.word	0x10006a74
10000590:	100069ec 	.word	0x100069ec

10000594 <hw_claim_or_assert>:
10000594:	b570      	push	{r4, r5, r6, lr}
10000596:	f3ef 8c10 	mrs	ip, PRIMASK
1000059a:	b672      	cpsid	i
1000059c:	4d0d      	ldr	r5, [pc, #52]	@ (100005d4 <hw_claim_or_assert+0x40>)
1000059e:	682b      	ldr	r3, [r5, #0]
100005a0:	2b00      	cmp	r3, #0
100005a2:	d0fc      	beq.n	1000059e <hw_claim_or_assert+0xa>
100005a4:	f3bf 8f5f 	dmb	sy
100005a8:	2407      	movs	r4, #7
100005aa:	08cb      	lsrs	r3, r1, #3
100005ac:	18c6      	adds	r6, r0, r3
100005ae:	5cc0      	ldrb	r0, [r0, r3]
100005b0:	2301      	movs	r3, #1
100005b2:	400c      	ands	r4, r1
100005b4:	40a3      	lsls	r3, r4
100005b6:	001c      	movs	r4, r3
100005b8:	4004      	ands	r4, r0
100005ba:	4203      	tst	r3, r0
100005bc:	d107      	bne.n	100005ce <hw_claim_or_assert+0x3a>
100005be:	4318      	orrs	r0, r3
100005c0:	7030      	strb	r0, [r6, #0]
100005c2:	f3bf 8f5f 	dmb	sy
100005c6:	602c      	str	r4, [r5, #0]
100005c8:	f38c 8810 	msr	PRIMASK, ip
100005cc:	bd70      	pop	{r4, r5, r6, pc}
100005ce:	0010      	movs	r0, r2
100005d0:	f7ff ffc8 	bl	10000564 <panic>
100005d4:	d000012c 	.word	0xd000012c

100005d8 <hw_claim_unused_from_range>:
100005d8:	b5f8      	push	{r3, r4, r5, r6, r7, lr}
100005da:	4647      	mov	r7, r8
100005dc:	46ce      	mov	lr, r9
100005de:	4688      	mov	r8, r1
100005e0:	b580      	push	{r7, lr}
100005e2:	f3ef 8c10 	mrs	ip, PRIMASK
100005e6:	b672      	cpsid	i
100005e8:	4d21      	ldr	r5, [pc, #132]	@ (10000670 <hw_claim_unused_from_range+0x98>)
100005ea:	682c      	ldr	r4, [r5, #0]
100005ec:	2c00      	cmp	r4, #0
100005ee:	d0fc      	beq.n	100005ea <hw_claim_unused_from_range+0x12>
100005f0:	f3bf 8f5f 	dmb	sy
100005f4:	429a      	cmp	r2, r3
100005f6:	d82c      	bhi.n	10000652 <hw_claim_unused_from_range+0x7a>
100005f8:	08d4      	lsrs	r4, r2, #3
100005fa:	2707      	movs	r7, #7
100005fc:	5d05      	ldrb	r5, [r0, r4]
100005fe:	1906      	adds	r6, r0, r4
10000600:	2401      	movs	r4, #1
10000602:	4017      	ands	r7, r2
10000604:	40bc      	lsls	r4, r7
10000606:	422c      	tst	r4, r5
10000608:	d01f      	beq.n	1000064a <hw_claim_unused_from_range+0x72>
1000060a:	2107      	movs	r1, #7
1000060c:	2701      	movs	r7, #1
1000060e:	4689      	mov	r9, r1
10000610:	e009      	b.n	10000626 <hw_claim_unused_from_range+0x4e>
10000612:	08d4      	lsrs	r4, r2, #3
10000614:	5d05      	ldrb	r5, [r0, r4]
10000616:	1906      	adds	r6, r0, r4
10000618:	464c      	mov	r4, r9
1000061a:	0039      	movs	r1, r7
1000061c:	4014      	ands	r4, r2
1000061e:	40a1      	lsls	r1, r4
10000620:	000c      	movs	r4, r1
10000622:	4229      	tst	r1, r5
10000624:	d011      	beq.n	1000064a <hw_claim_unused_from_range+0x72>
10000626:	3201      	adds	r2, #1
10000628:	4293      	cmp	r3, r2
1000062a:	d2f2      	bcs.n	10000612 <hw_claim_unused_from_range+0x3a>
1000062c:	2001      	movs	r0, #1
1000062e:	4240      	negs	r0, r0
10000630:	f3bf 8f5f 	dmb	sy
10000634:	2200      	movs	r2, #0
10000636:	4b0e      	ldr	r3, [pc, #56]	@ (10000670 <hw_claim_unused_from_range+0x98>)
10000638:	601a      	str	r2, [r3, #0]
1000063a:	f38c 8810 	msr	PRIMASK, ip
1000063e:	2800      	cmp	r0, #0
10000640:	db0f      	blt.n	10000662 <hw_claim_unused_from_range+0x8a>
10000642:	bcc0      	pop	{r6, r7}
10000644:	46b9      	mov	r9, r7
10000646:	46b0      	mov	r8, r6
10000648:	bdf8      	pop	{r3, r4, r5, r6, r7, pc}
1000064a:	4325      	orrs	r5, r4
1000064c:	0010      	movs	r0, r2
1000064e:	7035      	strb	r5, [r6, #0]
10000650:	e7ee      	b.n	10000630 <hw_claim_unused_from_range+0x58>
10000652:	f3bf 8f5f 	dmb	sy
10000656:	2300      	movs	r3, #0
10000658:	602b      	str	r3, [r5, #0]
1000065a:	f38c 8810 	msr	PRIMASK, ip
1000065e:	2001      	movs	r0, #1
10000660:	4240      	negs	r0, r0
10000662:	4643      	mov	r3, r8
10000664:	2b00      	cmp	r3, #0
10000666:	d0ec      	beq.n	10000642 <hw_claim_unused_from_range+0x6a>
10000668:	9808      	ldr	r0, [sp, #32]
1000066a:	f7ff ff7b 	bl	10000564 <panic>
1000066e:	46c0      	nop			@ (mov r8, r8)
10000670:	d000012c 	.word	0xd000012c

10000674 <next_striped_spin_lock_num>:
10000674:	4a04      	ldr	r2, [pc, #16]	@ (10000688 <next_striped_spin_lock_num+0x14>)
10000676:	7810      	ldrb	r0, [r2, #0]
10000678:	1c43      	adds	r3, r0, #1
1000067a:	b2db      	uxtb	r3, r3
1000067c:	2b17      	cmp	r3, #23
1000067e:	d900      	bls.n	10000682 <next_striped_spin_lock_num+0xe>
10000680:	2310      	movs	r3, #16
10000682:	7013      	strb	r3, [r2, #0]
10000684:	4770      	bx	lr
10000686:	46c0      	nop			@ (mov r8, r8)
10000688:	20000f58 	.word	0x20000f58

1000068c <spin_lock_claim_unused>:
1000068c:	b510      	push	{r4, lr}
1000068e:	4b06      	ldr	r3, [pc, #24]	@ (100006a8 <spin_lock_claim_unused+0x1c>)
10000690:	4c06      	ldr	r4, [pc, #24]	@ (100006ac <spin_lock_claim_unused+0x20>)
10000692:	b082      	sub	sp, #8
10000694:	0001      	movs	r1, r0
10000696:	9300      	str	r3, [sp, #0]
10000698:	2218      	movs	r2, #24
1000069a:	231f      	movs	r3, #31
1000069c:	0020      	movs	r0, r4
1000069e:	f7ff ff9b 	bl	100005d8 <hw_claim_unused_from_range>
100006a2:	b002      	add	sp, #8
100006a4:	bd10      	pop	{r4, pc}
100006a6:	46c0      	nop			@ (mov r8, r8)
100006a8:	10006a84 	.word	0x10006a84
100006ac:	200017a8 	.word	0x200017a8

100006b0 <spin_locks_reset>:
100006b0:	2100      	movs	r1, #0
100006b2:	4b04      	ldr	r3, [pc, #16]	@ (100006c4 <spin_locks_reset+0x14>)
100006b4:	4a04      	ldr	r2, [pc, #16]	@ (100006c8 <spin_locks_reset+0x18>)
100006b6:	f3bf 8f5f 	dmb	sy
100006ba:	c302      	stmia	r3!, {r1}
100006bc:	4293      	cmp	r3, r2
100006be:	d1fa      	bne.n	100006b6 <spin_locks_reset+0x6>
100006c0:	4770      	bx	lr
100006c2:	46c0      	nop			@ (mov r8, r8)
100006c4:	d0000100 	.word	0xd0000100
100006c8:	d0000180 	.word	0xd0000180

100006cc <runtime_init_per_core_irq_priorities>:
100006cc:	4b05      	ldr	r3, [pc, #20]	@ (100006e4 <runtime_init_per_core_irq_priorities+0x18>)
100006ce:	4a06      	ldr	r2, [pc, #24]	@ (100006e8 <runtime_init_per_core_irq_priorities+0x1c>)
100006d0:	6013      	str	r3, [r2, #0]
100006d2:	4a06      	ldr	r2, [pc, #24]	@ (100006ec <runtime_init_per_core_irq_priorities+0x20>)
100006d4:	6013      	str	r3, [r2, #0]
100006d6:	6053      	str	r3, [r2, #4]
100006d8:	6093      	str	r3, [r2, #8]
100006da:	60d3      	str	r3, [r2, #12]
100006dc:	6113      	str	r3, [r2, #16]
100006de:	6153      	str	r3, [r2, #20]
100006e0:	6193      	str	r3, [r2, #24]
100006e2:	4770      	bx	lr
100006e4:	80808080 	.word	0x80808080
100006e8:	e000e400 	.word	0xe000e400
100006ec:	e000e404 	.word	0xe000e404

100006f0 <irq_set_enabled>:
100006f0:	231f      	movs	r3, #31
100006f2:	4018      	ands	r0, r3
100006f4:	3b1e      	subs	r3, #30
100006f6:	4083      	lsls	r3, r0
100006f8:	2900      	cmp	r1, #0
100006fa:	d005      	beq.n	10000708 <irq_set_enabled+0x18>
100006fc:	21c0      	movs	r1, #192	@ 0xc0
100006fe:	4a04      	ldr	r2, [pc, #16]	@ (10000710 <irq_set_enabled+0x20>)
10000700:	0049      	lsls	r1, r1, #1
10000702:	5053      	str	r3, [r2, r1]
10000704:	6013      	str	r3, [r2, #0]
10000706:	4770      	bx	lr
10000708:	2280      	movs	r2, #128	@ 0x80
1000070a:	4901      	ldr	r1, [pc, #4]	@ (10000710 <irq_set_enabled+0x20>)
1000070c:	508b      	str	r3, [r1, r2]
1000070e:	e7fa      	b.n	10000706 <irq_set_enabled+0x16>
10000710:	e000e100 	.word	0xe000e100

10000714 <irq_is_enabled>:
10000714:	2201      	movs	r2, #1
10000716:	4082      	lsls	r2, r0
10000718:	4b03      	ldr	r3, [pc, #12]	@ (10000728 <irq_is_enabled+0x14>)
1000071a:	681b      	ldr	r3, [r3, #0]
1000071c:	4013      	ands	r3, r2
1000071e:	1e5a      	subs	r2, r3, #1
10000720:	4193      	sbcs	r3, r2
10000722:	b2d8      	uxtb	r0, r3
10000724:	4770      	bx	lr
10000726:	46c0      	nop			@ (mov r8, r8)
10000728:	e000e100 	.word	0xe000e100

1000072c <irq_set_pending>:
1000072c:	2301      	movs	r3, #1
1000072e:	4083      	lsls	r3, r0
10000730:	4a01      	ldr	r2, [pc, #4]	@ (10000738 <irq_set_pending+0xc>)
10000732:	6013      	str	r3, [r2, #0]
10000734:	4770      	bx	lr
10000736:	46c0      	nop			@ (mov r8, r8)
10000738:	e000e200 	.word	0xe000e200

1000073c <irq_has_shared_handler>:
1000073c:	4b06      	ldr	r3, [pc, #24]	@ (10000758 <irq_has_shared_handler+0x1c>)
1000073e:	3010      	adds	r0, #16
10000740:	689b      	ldr	r3, [r3, #8]
10000742:	0080      	lsls	r0, r0, #2
10000744:	58c3      	ldr	r3, [r0, r3]
10000746:	4a05      	ldr	r2, [pc, #20]	@ (1000075c <irq_has_shared_handler+0x20>)
10000748:	2000      	movs	r0, #0
1000074a:	1a9b      	subs	r3, r3, r2
1000074c:	2247      	movs	r2, #71	@ 0x47
1000074e:	429a      	cmp	r2, r3
10000750:	4140      	adcs	r0, r0
10000752:	b2c0      	uxtb	r0, r0
10000754:	4770      	bx	lr
10000756:	46c0      	nop			@ (mov r8, r8)
10000758:	e000ed00 	.word	0xe000ed00
1000075c:	20000f5c 	.word	0x20000f5c

10000760 <irq_set_exclusive_handler>:
10000760:	b510      	push	{r4, lr}
10000762:	f3ef 8c10 	mrs	ip, PRIMASK
10000766:	b672      	cpsid	i
10000768:	4a0f      	ldr	r2, [pc, #60]	@ (100007a8 <irq_set_exclusive_handler+0x48>)
1000076a:	6813      	ldr	r3, [r2, #0]
1000076c:	2b00      	cmp	r3, #0
1000076e:	d0fc      	beq.n	1000076a <irq_set_exclusive_handler+0xa>
10000770:	f3bf 8f5f 	dmb	sy
10000774:	4b0d      	ldr	r3, [pc, #52]	@ (100007ac <irq_set_exclusive_handler+0x4c>)
10000776:	3010      	adds	r0, #16
10000778:	689b      	ldr	r3, [r3, #8]
1000077a:	0080      	lsls	r0, r0, #2
1000077c:	581b      	ldr	r3, [r3, r0]
1000077e:	4a0c      	ldr	r2, [pc, #48]	@ (100007b0 <irq_set_exclusive_handler+0x50>)
10000780:	4293      	cmp	r3, r2
10000782:	d001      	beq.n	10000788 <irq_set_exclusive_handler+0x28>
10000784:	4299      	cmp	r1, r3
10000786:	d10c      	bne.n	100007a2 <irq_set_exclusive_handler+0x42>
10000788:	4b08      	ldr	r3, [pc, #32]	@ (100007ac <irq_set_exclusive_handler+0x4c>)
1000078a:	689b      	ldr	r3, [r3, #8]
1000078c:	5019      	str	r1, [r3, r0]
1000078e:	f3bf 8f5f 	dmb	sy
10000792:	f3bf 8f5f 	dmb	sy
10000796:	2200      	movs	r2, #0
10000798:	4b03      	ldr	r3, [pc, #12]	@ (100007a8 <irq_set_exclusive_handler+0x48>)
1000079a:	601a      	str	r2, [r3, #0]
1000079c:	f38c 8810 	msr	PRIMASK, ip
100007a0:	bd10      	pop	{r4, pc}
100007a2:	f001 f803 	bl	100017ac <hard_assertion_failure>
100007a6:	46c0      	nop			@ (mov r8, r8)
100007a8:	d0000124 	.word	0xd0000124
100007ac:	e000ed00 	.word	0xe000ed00
100007b0:	100001c1 	.word	0x100001c1

100007b4 <irq_add_shared_handler>:
100007b4:	b5f0      	push	{r4, r5, r6, r7, lr}
100007b6:	4657      	mov	r7, sl
100007b8:	464e      	mov	r6, r9
100007ba:	46de      	mov	lr, fp
100007bc:	4645      	mov	r5, r8
100007be:	b5e0      	push	{r5, r6, r7, lr}
100007c0:	468a      	mov	sl, r1
100007c2:	b085      	sub	sp, #20
100007c4:	0006      	movs	r6, r0
100007c6:	f3ef 8910 	mrs	r9, PRIMASK
100007ca:	b672      	cpsid	i
100007cc:	4962      	ldr	r1, [pc, #392]	@ (10000958 <irq_add_shared_handler+0x1a4>)
100007ce:	680b      	ldr	r3, [r1, #0]
100007d0:	2b00      	cmp	r3, #0
100007d2:	d0fc      	beq.n	100007ce <irq_add_shared_handler+0x1a>
100007d4:	f3bf 8f5f 	dmb	sy
100007d8:	2100      	movs	r1, #0
100007da:	4b60      	ldr	r3, [pc, #384]	@ (1000095c <irq_add_shared_handler+0x1a8>)
100007dc:	5659      	ldrsb	r1, [r3, r1]
100007de:	468c      	mov	ip, r1
100007e0:	2900      	cmp	r1, #0
100007e2:	da00      	bge.n	100007e6 <irq_add_shared_handler+0x32>
100007e4:	e0b5      	b.n	10000952 <irq_add_shared_handler+0x19e>
100007e6:	0049      	lsls	r1, r1, #1
100007e8:	000d      	movs	r5, r1
100007ea:	4c5d      	ldr	r4, [pc, #372]	@ (10000960 <irq_add_shared_handler+0x1ac>)
100007ec:	4465      	add	r5, ip
100007ee:	00ad      	lsls	r5, r5, #2
100007f0:	1967      	adds	r7, r4, r5
100007f2:	9102      	str	r1, [sp, #8]
100007f4:	79b9      	ldrb	r1, [r7, #6]
100007f6:	3610      	adds	r6, #16
100007f8:	7019      	strb	r1, [r3, #0]
100007fa:	4b5a      	ldr	r3, [pc, #360]	@ (10000964 <irq_add_shared_handler+0x1b0>)
100007fc:	00b1      	lsls	r1, r6, #2
100007fe:	689b      	ldr	r3, [r3, #8]
10000800:	9101      	str	r1, [sp, #4]
10000802:	585b      	ldr	r3, [r3, r1]
10000804:	1b19      	subs	r1, r3, r4
10000806:	2947      	cmp	r1, #71	@ 0x47
10000808:	d835      	bhi.n	10000876 <irq_add_shared_handler+0xc2>
1000080a:	2101      	movs	r1, #1
1000080c:	0018      	movs	r0, r3
1000080e:	4388      	bics	r0, r1
10000810:	79c6      	ldrb	r6, [r0, #7]
10000812:	4296      	cmp	r6, r2
10000814:	d800      	bhi.n	10000818 <irq_add_shared_handler+0x64>
10000816:	e073      	b.n	10000900 <irq_add_shared_handler+0x14c>
10000818:	469b      	mov	fp, r3
1000081a:	9b02      	ldr	r3, [sp, #8]
1000081c:	9e01      	ldr	r6, [sp, #4]
1000081e:	4698      	mov	r8, r3
10000820:	9503      	str	r5, [sp, #12]
10000822:	e007      	b.n	10000834 <irq_add_shared_handler+0x80>
10000824:	004d      	lsls	r5, r1, #1
10000826:	186d      	adds	r5, r5, r1
10000828:	00ad      	lsls	r5, r5, #2
1000082a:	1965      	adds	r5, r4, r5
1000082c:	79eb      	ldrb	r3, [r5, #7]
1000082e:	4293      	cmp	r3, r2
10000830:	d94e      	bls.n	100008d0 <irq_add_shared_handler+0x11c>
10000832:	0028      	movs	r0, r5
10000834:	2106      	movs	r1, #6
10000836:	5641      	ldrsb	r1, [r0, r1]
10000838:	2900      	cmp	r1, #0
1000083a:	daf3      	bge.n	10000824 <irq_add_shared_handler+0x70>
1000083c:	4645      	mov	r5, r8
1000083e:	465b      	mov	r3, fp
10000840:	9502      	str	r5, [sp, #8]
10000842:	1d05      	adds	r5, r0, #4
10000844:	9503      	str	r5, [sp, #12]
10000846:	4d48      	ldr	r5, [pc, #288]	@ (10000968 <irq_add_shared_handler+0x1b4>)
10000848:	9601      	str	r6, [sp, #4]
1000084a:	9e03      	ldr	r6, [sp, #12]
1000084c:	3f04      	subs	r7, #4
1000084e:	1bbf      	subs	r7, r7, r6
10000850:	053f      	lsls	r7, r7, #20
10000852:	4e46      	ldr	r6, [pc, #280]	@ (1000096c <irq_add_shared_handler+0x1b8>)
10000854:	0d7f      	lsrs	r7, r7, #21
10000856:	4337      	orrs	r7, r6
10000858:	4666      	mov	r6, ip
1000085a:	8087      	strh	r7, [r0, #4]
1000085c:	7186      	strb	r6, [r0, #6]
1000085e:	9802      	ldr	r0, [sp, #8]
10000860:	4460      	add	r0, ip
10000862:	0080      	lsls	r0, r0, #2
10000864:	1824      	adds	r4, r4, r0
10000866:	71e2      	strb	r2, [r4, #7]
10000868:	4652      	mov	r2, sl
1000086a:	4841      	ldr	r0, [pc, #260]	@ (10000970 <irq_add_shared_handler+0x1bc>)
1000086c:	80a5      	strh	r5, [r4, #4]
1000086e:	6020      	str	r0, [r4, #0]
10000870:	71a1      	strb	r1, [r4, #6]
10000872:	60a2      	str	r2, [r4, #8]
10000874:	e018      	b.n	100008a8 <irq_add_shared_handler+0xf4>
10000876:	493f      	ldr	r1, [pc, #252]	@ (10000974 <irq_add_shared_handler+0x1c0>)
10000878:	428b      	cmp	r3, r1
1000087a:	d000      	beq.n	1000087e <irq_add_shared_handler+0xca>
1000087c:	e069      	b.n	10000952 <irq_add_shared_handler+0x19e>
1000087e:	4b3e      	ldr	r3, [pc, #248]	@ (10000978 <irq_add_shared_handler+0x1c4>)
10000880:	493a      	ldr	r1, [pc, #232]	@ (1000096c <irq_add_shared_handler+0x1b8>)
10000882:	5363      	strh	r3, [r4, r5]
10000884:	4b3d      	ldr	r3, [pc, #244]	@ (1000097c <irq_add_shared_handler+0x1c8>)
10000886:	3502      	adds	r5, #2
10000888:	3b04      	subs	r3, #4
1000088a:	1965      	adds	r5, r4, r5
1000088c:	1b5b      	subs	r3, r3, r5
1000088e:	051b      	lsls	r3, r3, #20
10000890:	0d5b      	lsrs	r3, r3, #21
10000892:	430b      	orrs	r3, r1
10000894:	807b      	strh	r3, [r7, #2]
10000896:	4b3a      	ldr	r3, [pc, #232]	@ (10000980 <irq_add_shared_handler+0x1cc>)
10000898:	71fa      	strb	r2, [r7, #7]
1000089a:	80bb      	strh	r3, [r7, #4]
1000089c:	23ff      	movs	r3, #255	@ 0xff
1000089e:	71bb      	strb	r3, [r7, #6]
100008a0:	4653      	mov	r3, sl
100008a2:	60bb      	str	r3, [r7, #8]
100008a4:	2301      	movs	r3, #1
100008a6:	433b      	orrs	r3, r7
100008a8:	4a2e      	ldr	r2, [pc, #184]	@ (10000964 <irq_add_shared_handler+0x1b0>)
100008aa:	9901      	ldr	r1, [sp, #4]
100008ac:	6892      	ldr	r2, [r2, #8]
100008ae:	5053      	str	r3, [r2, r1]
100008b0:	f3bf 8f5f 	dmb	sy
100008b4:	f3bf 8f5f 	dmb	sy
100008b8:	2200      	movs	r2, #0
100008ba:	4b27      	ldr	r3, [pc, #156]	@ (10000958 <irq_add_shared_handler+0x1a4>)
100008bc:	601a      	str	r2, [r3, #0]
100008be:	f389 8810 	msr	PRIMASK, r9
100008c2:	b005      	add	sp, #20
100008c4:	bcf0      	pop	{r4, r5, r6, r7}
100008c6:	46bb      	mov	fp, r7
100008c8:	46b2      	mov	sl, r6
100008ca:	46a9      	mov	r9, r5
100008cc:	46a0      	mov	r8, r4
100008ce:	bdf0      	pop	{r4, r5, r6, r7, pc}
100008d0:	9601      	str	r6, [sp, #4]
100008d2:	4646      	mov	r6, r8
100008d4:	9602      	str	r6, [sp, #8]
100008d6:	1d06      	adds	r6, r0, #4
100008d8:	9d03      	ldr	r5, [sp, #12]
100008da:	9603      	str	r6, [sp, #12]
100008dc:	8886      	ldrh	r6, [r0, #4]
100008de:	465b      	mov	r3, fp
100008e0:	0576      	lsls	r6, r6, #21
100008e2:	1536      	asrs	r6, r6, #20
100008e4:	46b3      	mov	fp, r6
100008e6:	9e03      	ldr	r6, [sp, #12]
100008e8:	3504      	adds	r5, #4
100008ea:	46b0      	mov	r8, r6
100008ec:	44c3      	add	fp, r8
100008ee:	465e      	mov	r6, fp
100008f0:	1965      	adds	r5, r4, r5
100008f2:	1b75      	subs	r5, r6, r5
100008f4:	26e0      	movs	r6, #224	@ 0xe0
100008f6:	052d      	lsls	r5, r5, #20
100008f8:	0d6d      	lsrs	r5, r5, #21
100008fa:	0236      	lsls	r6, r6, #8
100008fc:	4335      	orrs	r5, r6
100008fe:	e7a4      	b.n	1000084a <irq_add_shared_handler+0x96>
10000900:	4b20      	ldr	r3, [pc, #128]	@ (10000984 <irq_add_shared_handler+0x1d0>)
10000902:	71fa      	strb	r2, [r7, #7]
10000904:	469c      	mov	ip, r3
10000906:	0003      	movs	r3, r0
10000908:	4666      	mov	r6, ip
1000090a:	1b1b      	subs	r3, r3, r4
1000090c:	415b      	adcs	r3, r3
1000090e:	435e      	muls	r6, r3
10000910:	0d36      	lsrs	r6, r6, #20
10000912:	46b4      	mov	ip, r6
10000914:	1cae      	adds	r6, r5, #2
10000916:	46b0      	mov	r8, r6
10000918:	44a0      	add	r8, r4
1000091a:	4646      	mov	r6, r8
1000091c:	4b16      	ldr	r3, [pc, #88]	@ (10000978 <irq_add_shared_handler+0x1c4>)
1000091e:	5363      	strh	r3, [r4, r5]
10000920:	4b16      	ldr	r3, [pc, #88]	@ (1000097c <irq_add_shared_handler+0x1c8>)
10000922:	3504      	adds	r5, #4
10000924:	3b04      	subs	r3, #4
10000926:	1b9b      	subs	r3, r3, r6
10000928:	051b      	lsls	r3, r3, #20
1000092a:	4e10      	ldr	r6, [pc, #64]	@ (1000096c <irq_add_shared_handler+0x1b8>)
1000092c:	0d5b      	lsrs	r3, r3, #21
1000092e:	4333      	orrs	r3, r6
10000930:	807b      	strh	r3, [r7, #2]
10000932:	1963      	adds	r3, r4, r5
10000934:	1ac3      	subs	r3, r0, r3
10000936:	3b04      	subs	r3, #4
10000938:	051b      	lsls	r3, r3, #20
1000093a:	0d5b      	lsrs	r3, r3, #21
1000093c:	4333      	orrs	r3, r6
1000093e:	80bb      	strh	r3, [r7, #4]
10000940:	4663      	mov	r3, ip
10000942:	71bb      	strb	r3, [r7, #6]
10000944:	4653      	mov	r3, sl
10000946:	60bb      	str	r3, [r7, #8]
10000948:	4b09      	ldr	r3, [pc, #36]	@ (10000970 <irq_add_shared_handler+0x1bc>)
1000094a:	6003      	str	r3, [r0, #0]
1000094c:	003b      	movs	r3, r7
1000094e:	430b      	orrs	r3, r1
10000950:	e7aa      	b.n	100008a8 <irq_add_shared_handler+0xf4>
10000952:	f000 ff2b 	bl	100017ac <hard_assertion_failure>
10000956:	46c0      	nop			@ (mov r8, r8)
10000958:	d0000124 	.word	0xd0000124
1000095c:	20001c5d 	.word	0x20001c5d
10000960:	20000f5c 	.word	0x20000f5c
10000964:	e000ed00 	.word	0xe000ed00
10000968:	0000bd01 	.word	0x0000bd01
1000096c:	ffffe000 	.word	0xffffe000
10000970:	47804801 	.word	0x47804801
10000974:	100001c1 	.word	0x100001c1
10000978:	ffffa100 	.word	0xffffa100
1000097c:	20000fa4 	.word	0x20000fa4
10000980:	ffffbd01 	.word	0xffffbd01
10000984:	0000aaaa 	.word	0x0000aaaa

10000988 <irq_add_tail_to_free_list>:
10000988:	b570      	push	{r4, r5, r6, lr}
1000098a:	2401      	movs	r4, #1
1000098c:	4304      	orrs	r4, r0
1000098e:	f3ef 8105 	mrs	r1, IPSR
10000992:	f3ef 8c10 	mrs	ip, PRIMASK
10000996:	b672      	cpsid	i
10000998:	4a27      	ldr	r2, [pc, #156]	@ (10000a38 <irq_add_tail_to_free_list+0xb0>)
1000099a:	6813      	ldr	r3, [r2, #0]
1000099c:	2b00      	cmp	r3, #0
1000099e:	d0fc      	beq.n	1000099a <irq_add_tail_to_free_list+0x12>
100009a0:	f3bf 8f5f 	dmb	sy
100009a4:	4a25      	ldr	r2, [pc, #148]	@ (10000a3c <irq_add_tail_to_free_list+0xb4>)
100009a6:	0005      	movs	r5, r0
100009a8:	4b25      	ldr	r3, [pc, #148]	@ (10000a40 <irq_add_tail_to_free_list+0xb8>)
100009aa:	1aad      	subs	r5, r5, r2
100009ac:	416d      	adcs	r5, r5
100009ae:	436b      	muls	r3, r5
100009b0:	0d1b      	lsrs	r3, r3, #20
100009b2:	4d24      	ldr	r5, [pc, #144]	@ (10000a44 <irq_add_tail_to_free_list+0xbc>)
100009b4:	0089      	lsls	r1, r1, #2
100009b6:	68ae      	ldr	r6, [r5, #8]
100009b8:	b25b      	sxtb	r3, r3
100009ba:	5876      	ldr	r6, [r6, r1]
100009bc:	42a6      	cmp	r6, r4
100009be:	d024      	beq.n	10000a0a <irq_add_tail_to_free_list+0x82>
100009c0:	2106      	movs	r1, #6
100009c2:	5651      	ldrsb	r1, [r2, r1]
100009c4:	4299      	cmp	r1, r3
100009c6:	d024      	beq.n	10000a12 <irq_add_tail_to_free_list+0x8a>
100009c8:	2112      	movs	r1, #18
100009ca:	5651      	ldrsb	r1, [r2, r1]
100009cc:	4299      	cmp	r1, r3
100009ce:	d02a      	beq.n	10000a26 <irq_add_tail_to_free_list+0x9e>
100009d0:	211e      	movs	r1, #30
100009d2:	5651      	ldrsb	r1, [r2, r1]
100009d4:	4299      	cmp	r1, r3
100009d6:	d028      	beq.n	10000a2a <irq_add_tail_to_free_list+0xa2>
100009d8:	212a      	movs	r1, #42	@ 0x2a
100009da:	5651      	ldrsb	r1, [r2, r1]
100009dc:	4299      	cmp	r1, r3
100009de:	d026      	beq.n	10000a2e <irq_add_tail_to_free_list+0xa6>
100009e0:	2136      	movs	r1, #54	@ 0x36
100009e2:	5651      	ldrsb	r1, [r2, r1]
100009e4:	4299      	cmp	r1, r3
100009e6:	d024      	beq.n	10000a32 <irq_add_tail_to_free_list+0xaa>
100009e8:	2142      	movs	r1, #66	@ 0x42
100009ea:	5651      	ldrsb	r1, [r2, r1]
100009ec:	2405      	movs	r4, #5
100009ee:	4299      	cmp	r1, r3
100009f0:	d010      	beq.n	10000a14 <irq_add_tail_to_free_list+0x8c>
100009f2:	4a15      	ldr	r2, [pc, #84]	@ (10000a48 <irq_add_tail_to_free_list+0xc0>)
100009f4:	7811      	ldrb	r1, [r2, #0]
100009f6:	7013      	strb	r3, [r2, #0]
100009f8:	7181      	strb	r1, [r0, #6]
100009fa:	f3bf 8f5f 	dmb	sy
100009fe:	2200      	movs	r2, #0
10000a00:	4b0d      	ldr	r3, [pc, #52]	@ (10000a38 <irq_add_tail_to_free_list+0xb0>)
10000a02:	601a      	str	r2, [r3, #0]
10000a04:	f38c 8810 	msr	PRIMASK, ip
10000a08:	bd70      	pop	{r4, r5, r6, pc}
10000a0a:	68aa      	ldr	r2, [r5, #8]
10000a0c:	4c0f      	ldr	r4, [pc, #60]	@ (10000a4c <irq_add_tail_to_free_list+0xc4>)
10000a0e:	5054      	str	r4, [r2, r1]
10000a10:	e7ef      	b.n	100009f2 <irq_add_tail_to_free_list+0x6a>
10000a12:	2400      	movs	r4, #0
10000a14:	0061      	lsls	r1, r4, #1
10000a16:	1909      	adds	r1, r1, r4
10000a18:	0089      	lsls	r1, r1, #2
10000a1a:	1852      	adds	r2, r2, r1
10000a1c:	21ff      	movs	r1, #255	@ 0xff
10000a1e:	7191      	strb	r1, [r2, #6]
10000a20:	490b      	ldr	r1, [pc, #44]	@ (10000a50 <irq_add_tail_to_free_list+0xc8>)
10000a22:	8091      	strh	r1, [r2, #4]
10000a24:	e7e5      	b.n	100009f2 <irq_add_tail_to_free_list+0x6a>
10000a26:	2401      	movs	r4, #1
10000a28:	e7f4      	b.n	10000a14 <irq_add_tail_to_free_list+0x8c>
10000a2a:	2402      	movs	r4, #2
10000a2c:	e7f2      	b.n	10000a14 <irq_add_tail_to_free_list+0x8c>
10000a2e:	2403      	movs	r4, #3
10000a30:	e7f0      	b.n	10000a14 <irq_add_tail_to_free_list+0x8c>
10000a32:	2404      	movs	r4, #4
10000a34:	e7ee      	b.n	10000a14 <irq_add_tail_to_free_list+0x8c>
10000a36:	46c0      	nop			@ (mov r8, r8)
10000a38:	d0000124 	.word	0xd0000124
10000a3c:	20000f5c 	.word	0x20000f5c
10000a40:	0000aaaa 	.word	0x0000aaaa
10000a44:	e000ed00 	.word	0xe000ed00
10000a48:	20001c5d 	.word	0x20001c5d
10000a4c:	100001c1 	.word	0x100001c1
10000a50:	ffffbd01 	.word	0xffffbd01

10000a54 <user_irq_claim_unused>:
10000a54:	b510      	push	{r4, lr}
10000a56:	4b08      	ldr	r3, [pc, #32]	@ (10000a78 <user_irq_claim_unused+0x24>)
10000a58:	4c08      	ldr	r4, [pc, #32]	@ (10000a7c <user_irq_claim_unused+0x28>)
10000a5a:	b082      	sub	sp, #8
10000a5c:	0001      	movs	r1, r0
10000a5e:	9300      	str	r3, [sp, #0]
10000a60:	2200      	movs	r2, #0
10000a62:	2305      	movs	r3, #5
10000a64:	0020      	movs	r0, r4
10000a66:	f7ff fdb7 	bl	100005d8 <hw_claim_unused_from_range>
10000a6a:	2800      	cmp	r0, #0
10000a6c:	db01      	blt.n	10000a72 <user_irq_claim_unused+0x1e>
10000a6e:	231f      	movs	r3, #31
10000a70:	1a18      	subs	r0, r3, r0
10000a72:	b002      	add	sp, #8
10000a74:	bd10      	pop	{r4, pc}
10000a76:	46c0      	nop			@ (mov r8, r8)
10000a78:	10006aa0 	.word	0x10006aa0
10000a7c:	20001c61 	.word	0x20001c61

10000a80 <lock_init>:
10000a80:	4b02      	ldr	r3, [pc, #8]	@ (10000a8c <lock_init+0xc>)
10000a82:	469c      	mov	ip, r3
10000a84:	4461      	add	r1, ip
10000a86:	0089      	lsls	r1, r1, #2
10000a88:	6001      	str	r1, [r0, #0]
10000a8a:	4770      	bx	lr
10000a8c:	34000040 	.word	0x34000040

10000a90 <runtime_init_mutex>:
10000a90:	b5f0      	push	{r4, r5, r6, r7, lr}
10000a92:	23ff      	movs	r3, #255	@ 0xff
10000a94:	46c6      	mov	lr, r8
10000a96:	4d14      	ldr	r5, [pc, #80]	@ (10000ae8 <runtime_init_mutex+0x58>)
10000a98:	4f14      	ldr	r7, [pc, #80]	@ (10000aec <runtime_init_mutex+0x5c>)
10000a9a:	002c      	movs	r4, r5
10000a9c:	4698      	mov	r8, r3
10000a9e:	b500      	push	{lr}
10000aa0:	42bd      	cmp	r5, r7
10000aa2:	d30d      	bcc.n	10000ac0 <runtime_init_mutex+0x30>
10000aa4:	e01d      	b.n	10000ae2 <runtime_init_mutex+0x52>
10000aa6:	f7ff fde5 	bl	10000674 <next_striped_spin_lock_num>
10000aaa:	0001      	movs	r1, r0
10000aac:	0028      	movs	r0, r5
10000aae:	f7ff ffe7 	bl	10000a80 <lock_init>
10000ab2:	4643      	mov	r3, r8
10000ab4:	80b3      	strh	r3, [r6, #4]
10000ab6:	f3bf 8f5f 	dmb	sy
10000aba:	42bc      	cmp	r4, r7
10000abc:	d211      	bcs.n	10000ae2 <runtime_init_mutex+0x52>
10000abe:	0025      	movs	r5, r4
10000ac0:	6823      	ldr	r3, [r4, #0]
10000ac2:	0026      	movs	r6, r4
10000ac4:	3408      	adds	r4, #8
10000ac6:	2b00      	cmp	r3, #0
10000ac8:	d1ed      	bne.n	10000aa6 <runtime_init_mutex+0x16>
10000aca:	f7ff fdd3 	bl	10000674 <next_striped_spin_lock_num>
10000ace:	0001      	movs	r1, r0
10000ad0:	0028      	movs	r0, r5
10000ad2:	f7ff ffd5 	bl	10000a80 <lock_init>
10000ad6:	4643      	mov	r3, r8
10000ad8:	7133      	strb	r3, [r6, #4]
10000ada:	f3bf 8f5f 	dmb	sy
10000ade:	42bc      	cmp	r4, r7
10000ae0:	d3ed      	bcc.n	10000abe <runtime_init_mutex+0x2e>
10000ae2:	bc80      	pop	{r7}
10000ae4:	46b8      	mov	r8, r7
10000ae6:	bdf0      	pop	{r4, r5, r6, r7, pc}
10000ae8:	20001038 	.word	0x20001038
10000aec:	20001040 	.word	0x20001040

10000af0 <mutex_init>:
10000af0:	b510      	push	{r4, lr}
10000af2:	0004      	movs	r4, r0
10000af4:	f7ff fdbe 	bl	10000674 <next_striped_spin_lock_num>
10000af8:	0001      	movs	r1, r0
10000afa:	0020      	movs	r0, r4
10000afc:	f7ff ffc0 	bl	10000a80 <lock_init>
10000b00:	23ff      	movs	r3, #255	@ 0xff
10000b02:	7123      	strb	r3, [r4, #4]
10000b04:	f3bf 8f5f 	dmb	sy
10000b08:	bd10      	pop	{r4, pc}
10000b0a:	46c0      	nop			@ (mov r8, r8)

10000b0c <critical_section_init>:
10000b0c:	b510      	push	{r4, lr}
10000b0e:	0004      	movs	r4, r0
10000b10:	2001      	movs	r0, #1
10000b12:	f7ff fdbb 	bl	1000068c <spin_lock_claim_unused>
10000b16:	4b03      	ldr	r3, [pc, #12]	@ (10000b24 <critical_section_init+0x18>)
10000b18:	18c3      	adds	r3, r0, r3
10000b1a:	009b      	lsls	r3, r3, #2
10000b1c:	6023      	str	r3, [r4, #0]
10000b1e:	f3bf 8f5f 	dmb	sy
10000b22:	bd10      	pop	{r4, pc}
10000b24:	34000040 	.word	0x34000040

10000b28 <critical_section_init_with_lock_num>:
10000b28:	4b03      	ldr	r3, [pc, #12]	@ (10000b38 <critical_section_init_with_lock_num+0x10>)
10000b2a:	469c      	mov	ip, r3
10000b2c:	4461      	add	r1, ip
10000b2e:	0089      	lsls	r1, r1, #2
10000b30:	6001      	str	r1, [r0, #0]
10000b32:	f3bf 8f5f 	dmb	sy
10000b36:	4770      	bx	lr
10000b38:	34000040 	.word	0x34000040

10000b3c <sleep_until_callback>:
10000b3c:	4b0a      	ldr	r3, [pc, #40]	@ (10000b68 <sleep_until_callback+0x2c>)
10000b3e:	6819      	ldr	r1, [r3, #0]
10000b40:	f3ef 8010 	mrs	r0, PRIMASK
10000b44:	b672      	cpsid	i
10000b46:	680a      	ldr	r2, [r1, #0]
10000b48:	2a00      	cmp	r2, #0
10000b4a:	d0fc      	beq.n	10000b46 <sleep_until_callback+0xa>
10000b4c:	f3bf 8f5f 	dmb	sy
10000b50:	681b      	ldr	r3, [r3, #0]
10000b52:	f3bf 8f5f 	dmb	sy
10000b56:	2200      	movs	r2, #0
10000b58:	601a      	str	r2, [r3, #0]
10000b5a:	f380 8810 	msr	PRIMASK, r0
10000b5e:	bf40      	sev
10000b60:	2000      	movs	r0, #0
10000b62:	2100      	movs	r1, #0
10000b64:	4770      	bx	lr
10000b66:	46c0      	nop			@ (mov r8, r8)
10000b68:	20001c3c 	.word	0x20001c3c

10000b6c <alarm_pool_irq_handler>:
10000b6c:	b5f0      	push	{r4, r5, r6, r7, lr}
10000b6e:	46de      	mov	lr, fp
10000b70:	4657      	mov	r7, sl
10000b72:	464e      	mov	r6, r9
10000b74:	4645      	mov	r5, r8
10000b76:	b5e0      	push	{r5, r6, r7, lr}
10000b78:	b085      	sub	sp, #20
10000b7a:	f3ef 8205 	mrs	r2, IPSR
10000b7e:	2303      	movs	r3, #3
10000b80:	4013      	ands	r3, r2
10000b82:	4ab5      	ldr	r2, [pc, #724]	@ (10000e58 <alarm_pool_irq_handler+0x2ec>)
10000b84:	0099      	lsls	r1, r3, #2
10000b86:	5857      	ldr	r7, [r2, r1]
10000b88:	2201      	movs	r2, #1
10000b8a:	409a      	lsls	r2, r3
10000b8c:	4688      	mov	r8, r1
10000b8e:	4693      	mov	fp, r2
10000b90:	4bb2      	ldr	r3, [pc, #712]	@ (10000e5c <alarm_pool_irq_handler+0x2f0>)
10000b92:	601a      	str	r2, [r3, #0]
10000b94:	4bb2      	ldr	r3, [pc, #712]	@ (10000e60 <alarm_pool_irq_handler+0x2f4>)
10000b96:	9302      	str	r3, [sp, #8]
10000b98:	465b      	mov	r3, fp
10000b9a:	48b2      	ldr	r0, [pc, #712]	@ (10000e64 <alarm_pool_irq_handler+0x2f8>)
10000b9c:	6343      	str	r3, [r0, #52]	@ 0x34
10000b9e:	2308      	movs	r3, #8
10000ba0:	5efe      	ldrsh	r6, [r7, r3]
10000ba2:	2e00      	cmp	r6, #0
10000ba4:	da35      	bge.n	10000c12 <alarm_pool_irq_handler+0xa6>
10000ba6:	88bb      	ldrh	r3, [r7, #4]
10000ba8:	b21b      	sxth	r3, r3
10000baa:	2b00      	cmp	r3, #0
10000bac:	db00      	blt.n	10000bb0 <alarm_pool_irq_handler+0x44>
10000bae:	e0a8      	b.n	10000d02 <alarm_pool_irq_handler+0x196>
10000bb0:	79bb      	ldrb	r3, [r7, #6]
10000bb2:	2b00      	cmp	r3, #0
10000bb4:	d000      	beq.n	10000bb8 <alarm_pool_irq_handler+0x4c>
10000bb6:	e0e9      	b.n	10000d8c <alarm_pool_irq_handler+0x220>
10000bb8:	2308      	movs	r3, #8
10000bba:	5ef8      	ldrsh	r0, [r7, r3]
10000bbc:	2800      	cmp	r0, #0
10000bbe:	db1e      	blt.n	10000bfe <alarm_pool_irq_handler+0x92>
10000bc0:	0043      	lsls	r3, r0, #1
10000bc2:	697a      	ldr	r2, [r7, #20]
10000bc4:	181b      	adds	r3, r3, r0
10000bc6:	00db      	lsls	r3, r3, #3
10000bc8:	18d3      	adds	r3, r2, r3
10000bca:	689d      	ldr	r5, [r3, #8]
10000bcc:	68dc      	ldr	r4, [r3, #12]
10000bce:	1c6b      	adds	r3, r5, #1
10000bd0:	d100      	bne.n	10000bd4 <alarm_pool_irq_handler+0x68>
10000bd2:	e108      	b.n	10000de6 <alarm_pool_irq_handler+0x27a>
10000bd4:	48a3      	ldr	r0, [pc, #652]	@ (10000e64 <alarm_pool_irq_handler+0x2f8>)
10000bd6:	0001      	movs	r1, r0
10000bd8:	4441      	add	r1, r8
10000bda:	6a82      	ldr	r2, [r0, #40]	@ 0x28
10000bdc:	690b      	ldr	r3, [r1, #16]
10000bde:	1aae      	subs	r6, r5, r2
10000be0:	1a9b      	subs	r3, r3, r2
10000be2:	429e      	cmp	r6, r3
10000be4:	d313      	bcc.n	10000c0e <alarm_pool_irq_handler+0xa2>
10000be6:	465a      	mov	r2, fp
10000be8:	6a03      	ldr	r3, [r0, #32]
10000bea:	421a      	tst	r2, r3
10000bec:	d00f      	beq.n	10000c0e <alarm_pool_irq_handler+0xa2>
10000bee:	489d      	ldr	r0, [pc, #628]	@ (10000e64 <alarm_pool_irq_handler+0x2f8>)
10000bf0:	f000 fbc8 	bl	10001384 <timer_time_us_64>
10000bf4:	428c      	cmp	r4, r1
10000bf6:	dc02      	bgt.n	10000bfe <alarm_pool_irq_handler+0x92>
10000bf8:	d1ce      	bne.n	10000b98 <alarm_pool_irq_handler+0x2c>
10000bfa:	4285      	cmp	r5, r0
10000bfc:	d9cc      	bls.n	10000b98 <alarm_pool_irq_handler+0x2c>
10000bfe:	bf40      	sev
10000c00:	b005      	add	sp, #20
10000c02:	bcf0      	pop	{r4, r5, r6, r7}
10000c04:	46bb      	mov	fp, r7
10000c06:	46b2      	mov	sl, r6
10000c08:	46a9      	mov	r9, r5
10000c0a:	46a0      	mov	r8, r4
10000c0c:	bdf0      	pop	{r4, r5, r6, r7, pc}
10000c0e:	610d      	str	r5, [r1, #16]
10000c10:	e7ed      	b.n	10000bee <alarm_pool_irq_handler+0x82>
10000c12:	697a      	ldr	r2, [r7, #20]
10000c14:	0073      	lsls	r3, r6, #1
10000c16:	4691      	mov	r9, r2
10000c18:	199b      	adds	r3, r3, r6
10000c1a:	00db      	lsls	r3, r3, #3
10000c1c:	4499      	add	r9, r3
10000c1e:	464b      	mov	r3, r9
10000c20:	689c      	ldr	r4, [r3, #8]
10000c22:	68dd      	ldr	r5, [r3, #12]
10000c24:	f000 fbae 	bl	10001384 <timer_time_us_64>
10000c28:	428d      	cmp	r5, r1
10000c2a:	dcbc      	bgt.n	10000ba6 <alarm_pool_irq_handler+0x3a>
10000c2c:	d100      	bne.n	10000c30 <alarm_pool_irq_handler+0xc4>
10000c2e:	e0fc      	b.n	10000e2a <alarm_pool_irq_handler+0x2be>
10000c30:	2d00      	cmp	r5, #0
10000c32:	da00      	bge.n	10000c36 <alarm_pool_irq_handler+0xca>
10000c34:	e0e1      	b.n	10000dfa <alarm_pool_irq_handler+0x28e>
10000c36:	464a      	mov	r2, r9
10000c38:	464b      	mov	r3, r9
10000c3a:	6952      	ldr	r2, [r2, #20]
10000c3c:	691b      	ldr	r3, [r3, #16]
10000c3e:	4692      	mov	sl, r2
10000c40:	9a02      	ldr	r2, [sp, #8]
10000c42:	4293      	cmp	r3, r2
10000c44:	d100      	bne.n	10000c48 <alarm_pool_irq_handler+0xdc>
10000c46:	e0d2      	b.n	10000dee <alarm_pool_irq_handler+0x282>
10000c48:	464a      	mov	r2, r9
10000c4a:	2108      	movs	r1, #8
10000c4c:	5e78      	ldrsh	r0, [r7, r1]
10000c4e:	8852      	ldrh	r2, [r2, #2]
10000c50:	0400      	lsls	r0, r0, #16
10000c52:	4651      	mov	r1, sl
10000c54:	4310      	orrs	r0, r2
10000c56:	4798      	blx	r3
10000c58:	9000      	str	r0, [sp, #0]
10000c5a:	9101      	str	r1, [sp, #4]
10000c5c:	9900      	ldr	r1, [sp, #0]
10000c5e:	9a01      	ldr	r2, [sp, #4]
10000c60:	000b      	movs	r3, r1
10000c62:	0010      	movs	r0, r2
10000c64:	4313      	orrs	r3, r2
10000c66:	d100      	bne.n	10000c6a <alarm_pool_irq_handler+0xfe>
10000c68:	e0c7      	b.n	10000dfa <alarm_pool_irq_handler+0x28e>
10000c6a:	0013      	movs	r3, r2
10000c6c:	000a      	movs	r2, r1
10000c6e:	2800      	cmp	r0, #0
10000c70:	db00      	blt.n	10000c74 <alarm_pool_irq_handler+0x108>
10000c72:	e0de      	b.n	10000e32 <alarm_pool_irq_handler+0x2c6>
10000c74:	0020      	movs	r0, r4
10000c76:	0029      	movs	r1, r5
10000c78:	1a80      	subs	r0, r0, r2
10000c7a:	4199      	sbcs	r1, r3
10000c7c:	464b      	mov	r3, r9
10000c7e:	6098      	str	r0, [r3, #8]
10000c80:	60d9      	str	r1, [r3, #12]
10000c82:	2200      	movs	r2, #0
10000c84:	5e9a      	ldrsh	r2, [r3, r2]
10000c86:	2a00      	cmp	r2, #0
10000c88:	da00      	bge.n	10000c8c <alarm_pool_irq_handler+0x120>
10000c8a:	e78c      	b.n	10000ba6 <alarm_pool_irq_handler+0x3a>
10000c8c:	0053      	lsls	r3, r2, #1
10000c8e:	189c      	adds	r4, r3, r2
10000c90:	697d      	ldr	r5, [r7, #20]
10000c92:	00e4      	lsls	r4, r4, #3
10000c94:	192c      	adds	r4, r5, r4
10000c96:	9300      	str	r3, [sp, #0]
10000c98:	68a3      	ldr	r3, [r4, #8]
10000c9a:	68e4      	ldr	r4, [r4, #12]
10000c9c:	469a      	mov	sl, r3
10000c9e:	428c      	cmp	r4, r1
10000ca0:	dd00      	ble.n	10000ca4 <alarm_pool_irq_handler+0x138>
10000ca2:	e780      	b.n	10000ba6 <alarm_pool_irq_handler+0x3a>
10000ca4:	d102      	bne.n	10000cac <alarm_pool_irq_handler+0x140>
10000ca6:	4283      	cmp	r3, r0
10000ca8:	d900      	bls.n	10000cac <alarm_pool_irq_handler+0x140>
10000caa:	e77c      	b.n	10000ba6 <alarm_pool_irq_handler+0x3a>
10000cac:	2308      	movs	r3, #8
10000cae:	469c      	mov	ip, r3
10000cb0:	44bc      	add	ip, r7
10000cb2:	813a      	strh	r2, [r7, #8]
10000cb4:	9703      	str	r7, [sp, #12]
10000cb6:	4667      	mov	r7, ip
10000cb8:	9b00      	ldr	r3, [sp, #0]
10000cba:	46b4      	mov	ip, r6
10000cbc:	003e      	movs	r6, r7
10000cbe:	e00e      	b.n	10000cde <alarm_pool_irq_handler+0x172>
10000cc0:	428c      	cmp	r4, r1
10000cc2:	d100      	bne.n	10000cc6 <alarm_pool_irq_handler+0x15a>
10000cc4:	e0c3      	b.n	10000e4e <alarm_pool_irq_handler+0x2e2>
10000cc6:	001e      	movs	r6, r3
10000cc8:	2300      	movs	r3, #0
10000cca:	5ef2      	ldrsh	r2, [r6, r3]
10000ccc:	2a00      	cmp	r2, #0
10000cce:	db0b      	blt.n	10000ce8 <alarm_pool_irq_handler+0x17c>
10000cd0:	0053      	lsls	r3, r2, #1
10000cd2:	189c      	adds	r4, r3, r2
10000cd4:	00e4      	lsls	r4, r4, #3
10000cd6:	192c      	adds	r4, r5, r4
10000cd8:	68a7      	ldr	r7, [r4, #8]
10000cda:	68e4      	ldr	r4, [r4, #12]
10000cdc:	46ba      	mov	sl, r7
10000cde:	189b      	adds	r3, r3, r2
10000ce0:	00db      	lsls	r3, r3, #3
10000ce2:	18eb      	adds	r3, r5, r3
10000ce4:	428c      	cmp	r4, r1
10000ce6:	ddeb      	ble.n	10000cc0 <alarm_pool_irq_handler+0x154>
10000ce8:	0033      	movs	r3, r6
10000cea:	4666      	mov	r6, ip
10000cec:	469c      	mov	ip, r3
10000cee:	464b      	mov	r3, r9
10000cf0:	801a      	strh	r2, [r3, #0]
10000cf2:	4663      	mov	r3, ip
10000cf4:	9f03      	ldr	r7, [sp, #12]
10000cf6:	801e      	strh	r6, [r3, #0]
10000cf8:	88bb      	ldrh	r3, [r7, #4]
10000cfa:	b21b      	sxth	r3, r3
10000cfc:	2b00      	cmp	r3, #0
10000cfe:	da00      	bge.n	10000d02 <alarm_pool_irq_handler+0x196>
10000d00:	e756      	b.n	10000bb0 <alarm_pool_irq_handler+0x44>
10000d02:	693a      	ldr	r2, [r7, #16]
10000d04:	f3ef 8110 	mrs	r1, PRIMASK
10000d08:	b672      	cpsid	i
10000d0a:	6813      	ldr	r3, [r2, #0]
10000d0c:	2b00      	cmp	r3, #0
10000d0e:	d0fc      	beq.n	10000d0a <alarm_pool_irq_handler+0x19e>
10000d10:	f3bf 8f5f 	dmb	sy
10000d14:	2301      	movs	r3, #1
10000d16:	88be      	ldrh	r6, [r7, #4]
10000d18:	425b      	negs	r3, r3
10000d1a:	80bb      	strh	r3, [r7, #4]
10000d1c:	b236      	sxth	r6, r6
10000d1e:	693b      	ldr	r3, [r7, #16]
10000d20:	f3bf 8f5f 	dmb	sy
10000d24:	2200      	movs	r2, #0
10000d26:	601a      	str	r2, [r3, #0]
10000d28:	f381 8810 	msr	PRIMASK, r1
10000d2c:	2e00      	cmp	r6, #0
10000d2e:	da00      	bge.n	10000d32 <alarm_pool_irq_handler+0x1c6>
10000d30:	e73e      	b.n	10000bb0 <alarm_pool_irq_handler+0x44>
10000d32:	003b      	movs	r3, r7
10000d34:	3308      	adds	r3, #8
10000d36:	003a      	movs	r2, r7
10000d38:	4699      	mov	r9, r3
10000d3a:	697d      	ldr	r5, [r7, #20]
10000d3c:	0073      	lsls	r3, r6, #1
10000d3e:	199b      	adds	r3, r3, r6
10000d40:	00db      	lsls	r3, r3, #3
10000d42:	18eb      	adds	r3, r5, r3
10000d44:	6899      	ldr	r1, [r3, #8]
10000d46:	68dc      	ldr	r4, [r3, #12]
10000d48:	468c      	mov	ip, r1
10000d4a:	2008      	movs	r0, #8
10000d4c:	5e11      	ldrsh	r1, [r2, r0]
10000d4e:	4648      	mov	r0, r9
10000d50:	2900      	cmp	r1, #0
10000d52:	db10      	blt.n	10000d76 <alarm_pool_irq_handler+0x20a>
10000d54:	9300      	str	r3, [sp, #0]
10000d56:	e006      	b.n	10000d66 <alarm_pool_irq_handler+0x1fa>
10000d58:	42a3      	cmp	r3, r4
10000d5a:	d040      	beq.n	10000dde <alarm_pool_irq_handler+0x272>
10000d5c:	2300      	movs	r3, #0
10000d5e:	5ef9      	ldrsh	r1, [r7, r3]
10000d60:	0038      	movs	r0, r7
10000d62:	2900      	cmp	r1, #0
10000d64:	db06      	blt.n	10000d74 <alarm_pool_irq_handler+0x208>
10000d66:	004f      	lsls	r7, r1, #1
10000d68:	187f      	adds	r7, r7, r1
10000d6a:	00ff      	lsls	r7, r7, #3
10000d6c:	19ef      	adds	r7, r5, r7
10000d6e:	68fb      	ldr	r3, [r7, #12]
10000d70:	42a3      	cmp	r3, r4
10000d72:	ddf1      	ble.n	10000d58 <alarm_pool_irq_handler+0x1ec>
10000d74:	9b00      	ldr	r3, [sp, #0]
10000d76:	8006      	strh	r6, [r0, #0]
10000d78:	2000      	movs	r0, #0
10000d7a:	5e1e      	ldrsh	r6, [r3, r0]
10000d7c:	8019      	strh	r1, [r3, #0]
10000d7e:	2e00      	cmp	r6, #0
10000d80:	dadc      	bge.n	10000d3c <alarm_pool_irq_handler+0x1d0>
10000d82:	0017      	movs	r7, r2
10000d84:	79bb      	ldrb	r3, [r7, #6]
10000d86:	2b00      	cmp	r3, #0
10000d88:	d100      	bne.n	10000d8c <alarm_pool_irq_handler+0x220>
10000d8a:	e715      	b.n	10000bb8 <alarm_pool_irq_handler+0x4c>
10000d8c:	2300      	movs	r3, #0
10000d8e:	71bb      	strb	r3, [r7, #6]
10000d90:	003d      	movs	r5, r7
10000d92:	2308      	movs	r3, #8
10000d94:	5ef9      	ldrsh	r1, [r7, r3]
10000d96:	3508      	adds	r5, #8
10000d98:	1c4b      	adds	r3, r1, #1
10000d9a:	d100      	bne.n	10000d9e <alarm_pool_irq_handler+0x232>
10000d9c:	e72f      	b.n	10000bfe <alarm_pool_irq_handler+0x92>
10000d9e:	697c      	ldr	r4, [r7, #20]
10000da0:	0008      	movs	r0, r1
10000da2:	46a4      	mov	ip, r4
10000da4:	e003      	b.n	10000dae <alarm_pool_irq_handler+0x242>
10000da6:	0035      	movs	r5, r6
10000da8:	1c4b      	adds	r3, r1, #1
10000daa:	d100      	bne.n	10000dae <alarm_pool_irq_handler+0x242>
10000dac:	e706      	b.n	10000bbc <alarm_pool_irq_handler+0x50>
10000dae:	004b      	lsls	r3, r1, #1
10000db0:	185b      	adds	r3, r3, r1
10000db2:	000a      	movs	r2, r1
10000db4:	4661      	mov	r1, ip
10000db6:	00db      	lsls	r3, r3, #3
10000db8:	18ce      	adds	r6, r1, r3
10000dba:	5ec9      	ldrsh	r1, [r1, r3]
10000dbc:	8873      	ldrh	r3, [r6, #2]
10000dbe:	b21b      	sxth	r3, r3
10000dc0:	2b00      	cmp	r3, #0
10000dc2:	daf0      	bge.n	10000da6 <alarm_pool_irq_handler+0x23a>
10000dc4:	2301      	movs	r3, #1
10000dc6:	425b      	negs	r3, r3
10000dc8:	17dc      	asrs	r4, r3, #31
10000dca:	60b3      	str	r3, [r6, #8]
10000dcc:	60f4      	str	r4, [r6, #12]
10000dce:	4282      	cmp	r2, r0
10000dd0:	d0ea      	beq.n	10000da8 <alarm_pool_irq_handler+0x23c>
10000dd2:	8029      	strh	r1, [r5, #0]
10000dd4:	893b      	ldrh	r3, [r7, #8]
10000dd6:	0010      	movs	r0, r2
10000dd8:	8033      	strh	r3, [r6, #0]
10000dda:	813a      	strh	r2, [r7, #8]
10000ddc:	e7e4      	b.n	10000da8 <alarm_pool_irq_handler+0x23c>
10000dde:	68bb      	ldr	r3, [r7, #8]
10000de0:	4563      	cmp	r3, ip
10000de2:	d9bb      	bls.n	10000d5c <alarm_pool_irq_handler+0x1f0>
10000de4:	e7c6      	b.n	10000d74 <alarm_pool_irq_handler+0x208>
10000de6:	1c63      	adds	r3, r4, #1
10000de8:	d000      	beq.n	10000dec <alarm_pool_irq_handler+0x280>
10000dea:	e6f3      	b.n	10000bd4 <alarm_pool_irq_handler+0x68>
10000dec:	e6ff      	b.n	10000bee <alarm_pool_irq_handler+0x82>
10000dee:	4653      	mov	r3, sl
10000df0:	4650      	mov	r0, sl
10000df2:	691b      	ldr	r3, [r3, #16]
10000df4:	4798      	blx	r3
10000df6:	2800      	cmp	r0, #0
10000df8:	d123      	bne.n	10000e42 <alarm_pool_irq_handler+0x2d6>
10000dfa:	464b      	mov	r3, r9
10000dfc:	881b      	ldrh	r3, [r3, #0]
10000dfe:	693a      	ldr	r2, [r7, #16]
10000e00:	813b      	strh	r3, [r7, #8]
10000e02:	f3ef 8310 	mrs	r3, PRIMASK
10000e06:	b672      	cpsid	i
10000e08:	6811      	ldr	r1, [r2, #0]
10000e0a:	2900      	cmp	r1, #0
10000e0c:	d0fc      	beq.n	10000e08 <alarm_pool_irq_handler+0x29c>
10000e0e:	f3bf 8f5f 	dmb	sy
10000e12:	4649      	mov	r1, r9
10000e14:	887a      	ldrh	r2, [r7, #2]
10000e16:	800a      	strh	r2, [r1, #0]
10000e18:	693a      	ldr	r2, [r7, #16]
10000e1a:	807e      	strh	r6, [r7, #2]
10000e1c:	f3bf 8f5f 	dmb	sy
10000e20:	2100      	movs	r1, #0
10000e22:	6011      	str	r1, [r2, #0]
10000e24:	f383 8810 	msr	PRIMASK, r3
10000e28:	e6bd      	b.n	10000ba6 <alarm_pool_irq_handler+0x3a>
10000e2a:	4284      	cmp	r4, r0
10000e2c:	d800      	bhi.n	10000e30 <alarm_pool_irq_handler+0x2c4>
10000e2e:	e6ff      	b.n	10000c30 <alarm_pool_irq_handler+0xc4>
10000e30:	e6b9      	b.n	10000ba6 <alarm_pool_irq_handler+0x3a>
10000e32:	480c      	ldr	r0, [pc, #48]	@ (10000e64 <alarm_pool_irq_handler+0x2f8>)
10000e34:	f000 faa6 	bl	10001384 <timer_time_us_64>
10000e38:	9b00      	ldr	r3, [sp, #0]
10000e3a:	9c01      	ldr	r4, [sp, #4]
10000e3c:	18c0      	adds	r0, r0, r3
10000e3e:	4161      	adcs	r1, r4
10000e40:	e71c      	b.n	10000c7c <alarm_pool_irq_handler+0x110>
10000e42:	4653      	mov	r3, sl
10000e44:	681a      	ldr	r2, [r3, #0]
10000e46:	685b      	ldr	r3, [r3, #4]
10000e48:	9200      	str	r2, [sp, #0]
10000e4a:	9301      	str	r3, [sp, #4]
10000e4c:	e706      	b.n	10000c5c <alarm_pool_irq_handler+0xf0>
10000e4e:	4582      	cmp	sl, r0
10000e50:	d800      	bhi.n	10000e54 <alarm_pool_irq_handler+0x2e8>
10000e52:	e738      	b.n	10000cc6 <alarm_pool_irq_handler+0x15a>
10000e54:	e748      	b.n	10000ce8 <alarm_pool_irq_handler+0x17c>
10000e56:	46c0      	nop			@ (mov r8, r8)
10000e58:	20001c20 	.word	0x20001c20
10000e5c:	4005703c 	.word	0x4005703c
10000e60:	10000b6d 	.word	0x10000b6d
10000e64:	40054000 	.word	0x40054000

10000e68 <runtime_init_default_alarm_pool>:
10000e68:	b570      	push	{r4, r5, r6, lr}
10000e6a:	4c2e      	ldr	r4, [pc, #184]	@ (10000f24 <runtime_init_default_alarm_pool+0xbc>)
10000e6c:	6925      	ldr	r5, [r4, #16]
10000e6e:	2d00      	cmp	r5, #0
10000e70:	d004      	beq.n	10000e7c <runtime_init_default_alarm_pool+0x14>
10000e72:	210a      	movs	r1, #10
10000e74:	482c      	ldr	r0, [pc, #176]	@ (10000f28 <runtime_init_default_alarm_pool+0xc0>)
10000e76:	f7ff fe03 	bl	10000a80 <lock_init>
10000e7a:	bd70      	pop	{r4, r5, r6, pc}
10000e7c:	4e2b      	ldr	r6, [pc, #172]	@ (10000f2c <runtime_init_default_alarm_pool+0xc4>)
10000e7e:	2103      	movs	r1, #3
10000e80:	0030      	movs	r0, r6
10000e82:	f000 fa75 	bl	10001370 <timer_hardware_alarm_claim>
10000e86:	60e6      	str	r6, [r4, #12]
10000e88:	f7ff fbf4 	bl	10000674 <next_striped_spin_lock_num>
10000e8c:	4b28      	ldr	r3, [pc, #160]	@ (10000f30 <runtime_init_default_alarm_pool+0xc8>)
10000e8e:	2203      	movs	r2, #3
10000e90:	469c      	mov	ip, r3
10000e92:	23d0      	movs	r3, #208	@ 0xd0
10000e94:	7022      	strb	r2, [r4, #0]
10000e96:	061b      	lsls	r3, r3, #24
10000e98:	681b      	ldr	r3, [r3, #0]
10000e9a:	2101      	movs	r1, #1
10000e9c:	7063      	strb	r3, [r4, #1]
10000e9e:	4b25      	ldr	r3, [pc, #148]	@ (10000f34 <runtime_init_default_alarm_pool+0xcc>)
10000ea0:	4460      	add	r0, ip
10000ea2:	60a3      	str	r3, [r4, #8]
10000ea4:	230f      	movs	r3, #15
10000ea6:	0080      	lsls	r0, r0, #2
10000ea8:	6120      	str	r0, [r4, #16]
10000eaa:	2002      	movs	r0, #2
10000eac:	8063      	strh	r3, [r4, #2]
10000eae:	6963      	ldr	r3, [r4, #20]
10000eb0:	4249      	negs	r1, r1
10000eb2:	80a1      	strh	r1, [r4, #4]
10000eb4:	8019      	strh	r1, [r3, #0]
10000eb6:	3102      	adds	r1, #2
10000eb8:	8619      	strh	r1, [r3, #48]	@ 0x30
10000eba:	3147      	adds	r1, #71	@ 0x47
10000ebc:	831d      	strh	r5, [r3, #24]
10000ebe:	5258      	strh	r0, [r3, r1]
10000ec0:	3118      	adds	r1, #24
10000ec2:	525a      	strh	r2, [r3, r1]
10000ec4:	3275      	adds	r2, #117	@ 0x75
10000ec6:	395c      	subs	r1, #92	@ 0x5c
10000ec8:	5299      	strh	r1, [r3, r2]
10000eca:	3218      	adds	r2, #24
10000ecc:	3101      	adds	r1, #1
10000ece:	5299      	strh	r1, [r3, r2]
10000ed0:	3218      	adds	r2, #24
10000ed2:	3101      	adds	r1, #1
10000ed4:	5299      	strh	r1, [r3, r2]
10000ed6:	3218      	adds	r2, #24
10000ed8:	3101      	adds	r1, #1
10000eda:	5299      	strh	r1, [r3, r2]
10000edc:	3508      	adds	r5, #8
10000ede:	3218      	adds	r2, #24
10000ee0:	529d      	strh	r5, [r3, r2]
10000ee2:	3102      	adds	r1, #2
10000ee4:	3218      	adds	r2, #24
10000ee6:	5299      	strh	r1, [r3, r2]
10000ee8:	3218      	adds	r2, #24
10000eea:	3101      	adds	r1, #1
10000eec:	5299      	strh	r1, [r3, r2]
10000eee:	3218      	adds	r2, #24
10000ef0:	3101      	adds	r1, #1
10000ef2:	5299      	strh	r1, [r3, r2]
10000ef4:	3218      	adds	r2, #24
10000ef6:	3101      	adds	r1, #1
10000ef8:	5299      	strh	r1, [r3, r2]
10000efa:	3218      	adds	r2, #24
10000efc:	3101      	adds	r1, #1
10000efe:	5299      	strh	r1, [r3, r2]
10000f00:	3218      	adds	r2, #24
10000f02:	3101      	adds	r1, #1
10000f04:	5299      	strh	r1, [r3, r2]
10000f06:	4b0c      	ldr	r3, [pc, #48]	@ (10000f38 <runtime_init_default_alarm_pool+0xd0>)
10000f08:	490c      	ldr	r1, [pc, #48]	@ (10000f3c <runtime_init_default_alarm_pool+0xd4>)
10000f0a:	60dc      	str	r4, [r3, #12]
10000f0c:	3001      	adds	r0, #1
10000f0e:	6235      	str	r5, [r6, #32]
10000f10:	f7ff fc26 	bl	10000760 <irq_set_exclusive_handler>
10000f14:	2101      	movs	r1, #1
10000f16:	2003      	movs	r0, #3
10000f18:	f7ff fbea 	bl	100006f0 <irq_set_enabled>
10000f1c:	4b08      	ldr	r3, [pc, #32]	@ (10000f40 <runtime_init_default_alarm_pool+0xd8>)
10000f1e:	601d      	str	r5, [r3, #0]
10000f20:	e7a7      	b.n	10000e72 <runtime_init_default_alarm_pool+0xa>
10000f22:	46c0      	nop			@ (mov r8, r8)
10000f24:	20000fc8 	.word	0x20000fc8
10000f28:	20001c3c 	.word	0x20001c3c
10000f2c:	40054000 	.word	0x40054000
10000f30:	34000040 	.word	0x34000040
10000f34:	0010ffff 	.word	0x0010ffff
10000f38:	20001c20 	.word	0x20001c20
10000f3c:	10000b6d 	.word	0x10000b6d
10000f40:	40056038 	.word	0x40056038

10000f44 <alarm_pool_get_default>:
10000f44:	4800      	ldr	r0, [pc, #0]	@ (10000f48 <alarm_pool_get_default+0x4>)
10000f46:	4770      	bx	lr
10000f48:	20000fc8 	.word	0x20000fc8

10000f4c <alarm_pool_add_alarm_at>:
10000f4c:	b5f8      	push	{r3, r4, r5, r6, r7, lr}
10000f4e:	001f      	movs	r7, r3
10000f50:	ab08      	add	r3, sp, #32
10000f52:	781b      	ldrb	r3, [r3, #0]
10000f54:	0004      	movs	r4, r0
10000f56:	0016      	movs	r6, r2
10000f58:	2b00      	cmp	r3, #0
10000f5a:	d108      	bne.n	10000f6e <alarm_pool_add_alarm_at+0x22>
10000f5c:	f000 fa1a 	bl	10001394 <time_us_64>
10000f60:	0032      	movs	r2, r6
10000f62:	003b      	movs	r3, r7
10000f64:	1a12      	subs	r2, r2, r0
10000f66:	418b      	sbcs	r3, r1
10000f68:	2b00      	cmp	r3, #0
10000f6a:	da00      	bge.n	10000f6e <alarm_pool_add_alarm_at+0x22>
10000f6c:	e053      	b.n	10001016 <alarm_pool_add_alarm_at+0xca>
10000f6e:	6922      	ldr	r2, [r4, #16]
10000f70:	f3ef 8010 	mrs	r0, PRIMASK
10000f74:	b672      	cpsid	i
10000f76:	6813      	ldr	r3, [r2, #0]
10000f78:	2b00      	cmp	r3, #0
10000f7a:	d0fc      	beq.n	10000f76 <alarm_pool_add_alarm_at+0x2a>
10000f7c:	f3bf 8f5f 	dmb	sy
10000f80:	2302      	movs	r3, #2
10000f82:	5ee1      	ldrsh	r1, [r4, r3]
10000f84:	6963      	ldr	r3, [r4, #20]
10000f86:	004a      	lsls	r2, r1, #1
10000f88:	1852      	adds	r2, r2, r1
10000f8a:	00d2      	lsls	r2, r2, #3
10000f8c:	189b      	adds	r3, r3, r2
10000f8e:	2900      	cmp	r1, #0
10000f90:	db37      	blt.n	10001002 <alarm_pool_add_alarm_at+0xb6>
10000f92:	881a      	ldrh	r2, [r3, #0]
10000f94:	8062      	strh	r2, [r4, #2]
10000f96:	6922      	ldr	r2, [r4, #16]
10000f98:	f3bf 8f5f 	dmb	sy
10000f9c:	2500      	movs	r5, #0
10000f9e:	6015      	str	r5, [r2, #0]
10000fa0:	f380 8810 	msr	PRIMASK, r0
10000fa4:	9a06      	ldr	r2, [sp, #24]
10000fa6:	609e      	str	r6, [r3, #8]
10000fa8:	60df      	str	r7, [r3, #12]
10000faa:	611a      	str	r2, [r3, #16]
10000fac:	9a07      	ldr	r2, [sp, #28]
10000fae:	615a      	str	r2, [r3, #20]
10000fb0:	885a      	ldrh	r2, [r3, #2]
10000fb2:	3201      	adds	r2, #1
10000fb4:	0452      	lsls	r2, r2, #17
10000fb6:	0c52      	lsrs	r2, r2, #17
10000fb8:	1c10      	adds	r0, r2, #0
10000fba:	2a00      	cmp	r2, #0
10000fbc:	d01f      	beq.n	10000ffe <alarm_pool_add_alarm_at+0xb2>
10000fbe:	b282      	uxth	r2, r0
10000fc0:	8058      	strh	r0, [r3, #2]
10000fc2:	0408      	lsls	r0, r1, #16
10000fc4:	4310      	orrs	r0, r2
10000fc6:	6926      	ldr	r6, [r4, #16]
10000fc8:	f3ef 8710 	mrs	r7, PRIMASK
10000fcc:	b672      	cpsid	i
10000fce:	6832      	ldr	r2, [r6, #0]
10000fd0:	2a00      	cmp	r2, #0
10000fd2:	d0fc      	beq.n	10000fce <alarm_pool_add_alarm_at+0x82>
10000fd4:	f3bf 8f5f 	dmb	sy
10000fd8:	88a2      	ldrh	r2, [r4, #4]
10000fda:	801a      	strh	r2, [r3, #0]
10000fdc:	80a1      	strh	r1, [r4, #4]
10000fde:	6923      	ldr	r3, [r4, #16]
10000fe0:	f3bf 8f5f 	dmb	sy
10000fe4:	2200      	movs	r2, #0
10000fe6:	601a      	str	r2, [r3, #0]
10000fe8:	f387 8810 	msr	PRIMASK, r7
10000fec:	490b      	ldr	r1, [pc, #44]	@ (1000101c <alarm_pool_add_alarm_at+0xd0>)
10000fee:	7823      	ldrb	r3, [r4, #0]
10000ff0:	468c      	mov	ip, r1
10000ff2:	3201      	adds	r2, #1
10000ff4:	409a      	lsls	r2, r3
10000ff6:	68e3      	ldr	r3, [r4, #12]
10000ff8:	4463      	add	r3, ip
10000ffa:	601a      	str	r2, [r3, #0]
10000ffc:	bdf8      	pop	{r3, r4, r5, r6, r7, pc}
10000ffe:	2001      	movs	r0, #1
10001000:	e7dd      	b.n	10000fbe <alarm_pool_add_alarm_at+0x72>
10001002:	6923      	ldr	r3, [r4, #16]
10001004:	f3bf 8f5f 	dmb	sy
10001008:	2200      	movs	r2, #0
1000100a:	601a      	str	r2, [r3, #0]
1000100c:	f380 8810 	msr	PRIMASK, r0
10001010:	2001      	movs	r0, #1
10001012:	4240      	negs	r0, r0
10001014:	e7f2      	b.n	10000ffc <alarm_pool_add_alarm_at+0xb0>
10001016:	2000      	movs	r0, #0
10001018:	e7f0      	b.n	10000ffc <alarm_pool_add_alarm_at+0xb0>
1000101a:	46c0      	nop			@ (mov r8, r8)
1000101c:	0000203c 	.word	0x0000203c

10001020 <alarm_pool_add_alarm_at_force_in_context>:
10001020:	b570      	push	{r4, r5, r6, lr}
10001022:	0001      	movs	r1, r0
10001024:	6904      	ldr	r4, [r0, #16]
10001026:	f3ef 8c10 	mrs	ip, PRIMASK
1000102a:	b672      	cpsid	i
1000102c:	6820      	ldr	r0, [r4, #0]
1000102e:	2800      	cmp	r0, #0
10001030:	d0fc      	beq.n	1000102c <alarm_pool_add_alarm_at_force_in_context+0xc>
10001032:	f3bf 8f5f 	dmb	sy
10001036:	2002      	movs	r0, #2
10001038:	5e0d      	ldrsh	r5, [r1, r0]
1000103a:	694c      	ldr	r4, [r1, #20]
1000103c:	0068      	lsls	r0, r5, #1
1000103e:	1940      	adds	r0, r0, r5
10001040:	00c0      	lsls	r0, r0, #3
10001042:	1824      	adds	r4, r4, r0
10001044:	2d00      	cmp	r5, #0
10001046:	db37      	blt.n	100010b8 <alarm_pool_add_alarm_at_force_in_context+0x98>
10001048:	8820      	ldrh	r0, [r4, #0]
1000104a:	8048      	strh	r0, [r1, #2]
1000104c:	6908      	ldr	r0, [r1, #16]
1000104e:	f3bf 8f5f 	dmb	sy
10001052:	2600      	movs	r6, #0
10001054:	6006      	str	r6, [r0, #0]
10001056:	f38c 8810 	msr	PRIMASK, ip
1000105a:	60e3      	str	r3, [r4, #12]
1000105c:	8863      	ldrh	r3, [r4, #2]
1000105e:	9804      	ldr	r0, [sp, #16]
10001060:	3301      	adds	r3, #1
10001062:	6120      	str	r0, [r4, #16]
10001064:	045b      	lsls	r3, r3, #17
10001066:	9805      	ldr	r0, [sp, #20]
10001068:	0c5b      	lsrs	r3, r3, #17
1000106a:	60a2      	str	r2, [r4, #8]
1000106c:	6160      	str	r0, [r4, #20]
1000106e:	1c1a      	adds	r2, r3, #0
10001070:	2b00      	cmp	r3, #0
10001072:	d01f      	beq.n	100010b4 <alarm_pool_add_alarm_at_force_in_context+0x94>
10001074:	b293      	uxth	r3, r2
10001076:	0428      	lsls	r0, r5, #16
10001078:	8062      	strh	r2, [r4, #2]
1000107a:	4318      	orrs	r0, r3
1000107c:	690a      	ldr	r2, [r1, #16]
1000107e:	f3ef 8c10 	mrs	ip, PRIMASK
10001082:	b672      	cpsid	i
10001084:	6813      	ldr	r3, [r2, #0]
10001086:	2b00      	cmp	r3, #0
10001088:	d0fc      	beq.n	10001084 <alarm_pool_add_alarm_at_force_in_context+0x64>
1000108a:	f3bf 8f5f 	dmb	sy
1000108e:	888b      	ldrh	r3, [r1, #4]
10001090:	8023      	strh	r3, [r4, #0]
10001092:	808d      	strh	r5, [r1, #4]
10001094:	690b      	ldr	r3, [r1, #16]
10001096:	f3bf 8f5f 	dmb	sy
1000109a:	2200      	movs	r2, #0
1000109c:	601a      	str	r2, [r3, #0]
1000109e:	f38c 8810 	msr	PRIMASK, ip
100010a2:	780b      	ldrb	r3, [r1, #0]
100010a4:	3201      	adds	r2, #1
100010a6:	409a      	lsls	r2, r3
100010a8:	68cb      	ldr	r3, [r1, #12]
100010aa:	4908      	ldr	r1, [pc, #32]	@ (100010cc <alarm_pool_add_alarm_at_force_in_context+0xac>)
100010ac:	468c      	mov	ip, r1
100010ae:	4463      	add	r3, ip
100010b0:	601a      	str	r2, [r3, #0]
100010b2:	bd70      	pop	{r4, r5, r6, pc}
100010b4:	2201      	movs	r2, #1
100010b6:	e7dd      	b.n	10001074 <alarm_pool_add_alarm_at_force_in_context+0x54>
100010b8:	690b      	ldr	r3, [r1, #16]
100010ba:	f3bf 8f5f 	dmb	sy
100010be:	2200      	movs	r2, #0
100010c0:	601a      	str	r2, [r3, #0]
100010c2:	f38c 8810 	msr	PRIMASK, ip
100010c6:	2001      	movs	r0, #1
100010c8:	4240      	negs	r0, r0
100010ca:	e7f2      	b.n	100010b2 <alarm_pool_add_alarm_at_force_in_context+0x92>
100010cc:	0000203c 	.word	0x0000203c

100010d0 <alarm_pool_cancel_alarm>:
100010d0:	b510      	push	{r4, lr}
100010d2:	8943      	ldrh	r3, [r0, #10]
100010d4:	140a      	asrs	r2, r1, #16
100010d6:	4293      	cmp	r3, r2
100010d8:	dd1a      	ble.n	10001110 <alarm_pool_cancel_alarm+0x40>
100010da:	0053      	lsls	r3, r2, #1
100010dc:	189b      	adds	r3, r3, r2
100010de:	6942      	ldr	r2, [r0, #20]
100010e0:	00db      	lsls	r3, r3, #3
100010e2:	18d3      	adds	r3, r2, r3
100010e4:	6904      	ldr	r4, [r0, #16]
100010e6:	f3ef 8c10 	mrs	ip, PRIMASK
100010ea:	b672      	cpsid	i
100010ec:	6822      	ldr	r2, [r4, #0]
100010ee:	2a00      	cmp	r2, #0
100010f0:	d0fc      	beq.n	100010ec <alarm_pool_cancel_alarm+0x1c>
100010f2:	f3bf 8f5f 	dmb	sy
100010f6:	885a      	ldrh	r2, [r3, #2]
100010f8:	0409      	lsls	r1, r1, #16
100010fa:	b294      	uxth	r4, r2
100010fc:	0c09      	lsrs	r1, r1, #16
100010fe:	428a      	cmp	r2, r1
10001100:	d008      	beq.n	10001114 <alarm_pool_cancel_alarm+0x44>
10001102:	6903      	ldr	r3, [r0, #16]
10001104:	f3bf 8f5f 	dmb	sy
10001108:	2200      	movs	r2, #0
1000110a:	601a      	str	r2, [r3, #0]
1000110c:	f38c 8810 	msr	PRIMASK, ip
10001110:	2000      	movs	r0, #0
10001112:	bd10      	pop	{r4, pc}
10001114:	2280      	movs	r2, #128	@ 0x80
10001116:	0212      	lsls	r2, r2, #8
10001118:	4314      	orrs	r4, r2
1000111a:	805c      	strh	r4, [r3, #2]
1000111c:	2301      	movs	r3, #1
1000111e:	6902      	ldr	r2, [r0, #16]
10001120:	7183      	strb	r3, [r0, #6]
10001122:	f3bf 8f5f 	dmb	sy
10001126:	2100      	movs	r1, #0
10001128:	6011      	str	r1, [r2, #0]
1000112a:	f38c 8810 	msr	PRIMASK, ip
1000112e:	4904      	ldr	r1, [pc, #16]	@ (10001140 <alarm_pool_cancel_alarm+0x70>)
10001130:	7802      	ldrb	r2, [r0, #0]
10001132:	468c      	mov	ip, r1
10001134:	4093      	lsls	r3, r2
10001136:	68c2      	ldr	r2, [r0, #12]
10001138:	2001      	movs	r0, #1
1000113a:	4462      	add	r2, ip
1000113c:	6013      	str	r3, [r2, #0]
1000113e:	e7e8      	b.n	10001112 <alarm_pool_cancel_alarm+0x42>
10001140:	0000203c 	.word	0x0000203c

10001144 <alarm_pool_core_num>:
10001144:	7840      	ldrb	r0, [r0, #1]
10001146:	4770      	bx	lr

10001148 <sleep_until>:
10001148:	b5f0      	push	{r4, r5, r6, r7, lr}
1000114a:	0004      	movs	r4, r0
1000114c:	000d      	movs	r5, r1
1000114e:	2606      	movs	r6, #6
10001150:	4276      	negs	r6, r6
10001152:	17f7      	asrs	r7, r6, #31
10001154:	46c6      	mov	lr, r8
10001156:	1936      	adds	r6, r6, r4
10001158:	416f      	adcs	r7, r5
1000115a:	b500      	push	{lr}
1000115c:	b082      	sub	sp, #8
1000115e:	428f      	cmp	r7, r1
10001160:	d814      	bhi.n	1000118c <sleep_until+0x44>
10001162:	d011      	beq.n	10001188 <sleep_until+0x40>
10001164:	f000 f916 	bl	10001394 <time_us_64>
10001168:	0032      	movs	r2, r6
1000116a:	003b      	movs	r3, r7
1000116c:	1a12      	subs	r2, r2, r0
1000116e:	418b      	sbcs	r3, r1
10001170:	2b00      	cmp	r3, #0
10001172:	dc17      	bgt.n	100011a4 <sleep_until+0x5c>
10001174:	2b00      	cmp	r3, #0
10001176:	d047      	beq.n	10001208 <sleep_until+0xc0>
10001178:	0020      	movs	r0, r4
1000117a:	0029      	movs	r1, r5
1000117c:	f000 f914 	bl	100013a8 <busy_wait_until>
10001180:	b002      	add	sp, #8
10001182:	bc80      	pop	{r7}
10001184:	46b8      	mov	r8, r7
10001186:	bdf0      	pop	{r4, r5, r6, r7, pc}
10001188:	4286      	cmp	r6, r0
1000118a:	d9eb      	bls.n	10001164 <sleep_until+0x1c>
1000118c:	2200      	movs	r2, #0
1000118e:	2300      	movs	r3, #0
10001190:	0016      	movs	r6, r2
10001192:	001f      	movs	r7, r3
10001194:	f000 f8fe 	bl	10001394 <time_us_64>
10001198:	0032      	movs	r2, r6
1000119a:	003b      	movs	r3, r7
1000119c:	1a12      	subs	r2, r2, r0
1000119e:	418b      	sbcs	r3, r1
100011a0:	2b00      	cmp	r3, #0
100011a2:	dde7      	ble.n	10001174 <sleep_until+0x2c>
100011a4:	f000 f8f6 	bl	10001394 <time_us_64>
100011a8:	0032      	movs	r2, r6
100011aa:	003b      	movs	r3, r7
100011ac:	1a12      	subs	r2, r2, r0
100011ae:	418b      	sbcs	r3, r1
100011b0:	2b00      	cmp	r3, #0
100011b2:	db0a      	blt.n	100011ca <sleep_until+0x82>
100011b4:	2300      	movs	r3, #0
100011b6:	9301      	str	r3, [sp, #4]
100011b8:	4b15      	ldr	r3, [pc, #84]	@ (10001210 <sleep_until+0xc8>)
100011ba:	0032      	movs	r2, r6
100011bc:	9300      	str	r3, [sp, #0]
100011be:	4815      	ldr	r0, [pc, #84]	@ (10001214 <sleep_until+0xcc>)
100011c0:	003b      	movs	r3, r7
100011c2:	f7ff ff2d 	bl	10001020 <alarm_pool_add_alarm_at_force_in_context>
100011c6:	2800      	cmp	r0, #0
100011c8:	dbd6      	blt.n	10001178 <sleep_until+0x30>
100011ca:	2300      	movs	r3, #0
100011cc:	469c      	mov	ip, r3
100011ce:	46b0      	mov	r8, r6
100011d0:	4a11      	ldr	r2, [pc, #68]	@ (10001218 <sleep_until+0xd0>)
100011d2:	4e12      	ldr	r6, [pc, #72]	@ (1000121c <sleep_until+0xd4>)
100011d4:	6a73      	ldr	r3, [r6, #36]	@ 0x24
100011d6:	429f      	cmp	r7, r3
100011d8:	d804      	bhi.n	100011e4 <sleep_until+0x9c>
100011da:	6ab1      	ldr	r1, [r6, #40]	@ 0x28
100011dc:	4541      	cmp	r1, r8
100011de:	d2cb      	bcs.n	10001178 <sleep_until+0x30>
100011e0:	429f      	cmp	r7, r3
100011e2:	d1c9      	bne.n	10001178 <sleep_until+0x30>
100011e4:	6811      	ldr	r1, [r2, #0]
100011e6:	f3ef 8010 	mrs	r0, PRIMASK
100011ea:	b672      	cpsid	i
100011ec:	680b      	ldr	r3, [r1, #0]
100011ee:	2b00      	cmp	r3, #0
100011f0:	d0fc      	beq.n	100011ec <sleep_until+0xa4>
100011f2:	f3bf 8f5f 	dmb	sy
100011f6:	6813      	ldr	r3, [r2, #0]
100011f8:	f3bf 8f5f 	dmb	sy
100011fc:	4661      	mov	r1, ip
100011fe:	6019      	str	r1, [r3, #0]
10001200:	f380 8810 	msr	PRIMASK, r0
10001204:	bf20      	wfe
10001206:	e7e5      	b.n	100011d4 <sleep_until+0x8c>
10001208:	2a00      	cmp	r2, #0
1000120a:	d0b5      	beq.n	10001178 <sleep_until+0x30>
1000120c:	e7ca      	b.n	100011a4 <sleep_until+0x5c>
1000120e:	46c0      	nop			@ (mov r8, r8)
10001210:	10000b3d 	.word	0x10000b3d
10001214:	20000fc8 	.word	0x20000fc8
10001218:	20001c3c 	.word	0x20001c3c
1000121c:	40054000 	.word	0x40054000

10001220 <sleep_ms>:
10001220:	b570      	push	{r4, r5, r6, lr}
10001222:	0006      	movs	r6, r0
10001224:	f000 f8b6 	bl	10001394 <time_us_64>
10001228:	22fa      	movs	r2, #250	@ 0xfa
1000122a:	0004      	movs	r4, r0
1000122c:	000d      	movs	r5, r1
1000122e:	2300      	movs	r3, #0
10001230:	0030      	movs	r0, r6
10001232:	2100      	movs	r1, #0
10001234:	0092      	lsls	r2, r2, #2
10001236:	f001 fa27 	bl	10002688 <__wrap___aeabi_lmul>
1000123a:	2380      	movs	r3, #128	@ 0x80
1000123c:	1900      	adds	r0, r0, r4
1000123e:	4169      	adcs	r1, r5
10001240:	061b      	lsls	r3, r3, #24
10001242:	4299      	cmp	r1, r3
10001244:	d302      	bcc.n	1000124c <sleep_ms+0x2c>
10001246:	2001      	movs	r0, #1
10001248:	4902      	ldr	r1, [pc, #8]	@ (10001254 <sleep_ms+0x34>)
1000124a:	4240      	negs	r0, r0
1000124c:	f7ff ff7c 	bl	10001148 <sleep_until>
10001250:	bd70      	pop	{r4, r5, r6, pc}
10001252:	46c0      	nop			@ (mov r8, r8)
10001254:	7fffffff 	.word	0x7fffffff

10001258 <best_effort_wfe_or_timeout>:
10001258:	b5f0      	push	{r4, r5, r6, r7, lr}
1000125a:	46d6      	mov	lr, sl
1000125c:	464f      	mov	r7, r9
1000125e:	4646      	mov	r6, r8
10001260:	b5c0      	push	{r6, r7, lr}
10001262:	0004      	movs	r4, r0
10001264:	000d      	movs	r5, r1
10001266:	b082      	sub	sp, #8
10001268:	f3ef 8305 	mrs	r3, IPSR
1000126c:	000f      	movs	r7, r1
1000126e:	2b00      	cmp	r3, #0
10001270:	d131      	bne.n	100012d6 <best_effort_wfe_or_timeout+0x7e>
10001272:	4b3b      	ldr	r3, [pc, #236]	@ (10001360 <best_effort_wfe_or_timeout+0x108>)
10001274:	4698      	mov	r8, r3
10001276:	681b      	ldr	r3, [r3, #0]
10001278:	4283      	cmp	r3, r0
1000127a:	d027      	beq.n	100012cc <best_effort_wfe_or_timeout+0x74>
1000127c:	4b39      	ldr	r3, [pc, #228]	@ (10001364 <best_effort_wfe_or_timeout+0x10c>)
1000127e:	4699      	mov	r9, r3
10001280:	68db      	ldr	r3, [r3, #12]
10001282:	469a      	mov	sl, r3
10001284:	464b      	mov	r3, r9
10001286:	4650      	mov	r0, sl
10001288:	781e      	ldrb	r6, [r3, #0]
1000128a:	f000 f87b 	bl	10001384 <timer_time_us_64>
1000128e:	000b      	movs	r3, r1
10001290:	4651      	mov	r1, sl
10001292:	0002      	movs	r2, r0
10001294:	3604      	adds	r6, #4
10001296:	00b6      	lsls	r6, r6, #2
10001298:	5871      	ldr	r1, [r6, r1]
1000129a:	0020      	movs	r0, r4
1000129c:	1a89      	subs	r1, r1, r2
1000129e:	468c      	mov	ip, r1
100012a0:	0029      	movs	r1, r5
100012a2:	2600      	movs	r6, #0
100012a4:	1a80      	subs	r0, r0, r2
100012a6:	4199      	sbcs	r1, r3
100012a8:	428e      	cmp	r6, r1
100012aa:	dc24      	bgt.n	100012f6 <best_effort_wfe_or_timeout+0x9e>
100012ac:	d021      	beq.n	100012f2 <best_effort_wfe_or_timeout+0x9a>
100012ae:	bf20      	wfe
100012b0:	4a2d      	ldr	r2, [pc, #180]	@ (10001368 <best_effort_wfe_or_timeout+0x110>)
100012b2:	6a53      	ldr	r3, [r2, #36]	@ 0x24
100012b4:	42bb      	cmp	r3, r7
100012b6:	d32a      	bcc.n	1000130e <best_effort_wfe_or_timeout+0xb6>
100012b8:	6a92      	ldr	r2, [r2, #40]	@ 0x28
100012ba:	2001      	movs	r0, #1
100012bc:	42a2      	cmp	r2, r4
100012be:	d313      	bcc.n	100012e8 <best_effort_wfe_or_timeout+0x90>
100012c0:	b002      	add	sp, #8
100012c2:	bce0      	pop	{r5, r6, r7}
100012c4:	46ba      	mov	sl, r7
100012c6:	46b1      	mov	r9, r6
100012c8:	46a8      	mov	r8, r5
100012ca:	bdf0      	pop	{r4, r5, r6, r7, pc}
100012cc:	4643      	mov	r3, r8
100012ce:	685b      	ldr	r3, [r3, #4]
100012d0:	428b      	cmp	r3, r1
100012d2:	d1d3      	bne.n	1000127c <best_effort_wfe_or_timeout+0x24>
100012d4:	e7eb      	b.n	100012ae <best_effort_wfe_or_timeout+0x56>
100012d6:	4924      	ldr	r1, [pc, #144]	@ (10001368 <best_effort_wfe_or_timeout+0x110>)
100012d8:	2000      	movs	r0, #0
100012da:	6a4b      	ldr	r3, [r1, #36]	@ 0x24
100012dc:	42ab      	cmp	r3, r5
100012de:	d3ef      	bcc.n	100012c0 <best_effort_wfe_or_timeout+0x68>
100012e0:	6a8a      	ldr	r2, [r1, #40]	@ 0x28
100012e2:	3001      	adds	r0, #1
100012e4:	42a2      	cmp	r2, r4
100012e6:	d2eb      	bcs.n	100012c0 <best_effort_wfe_or_timeout+0x68>
100012e8:	1b5b      	subs	r3, r3, r5
100012ea:	1e5a      	subs	r2, r3, #1
100012ec:	4193      	sbcs	r3, r2
100012ee:	b2d8      	uxtb	r0, r3
100012f0:	e7e6      	b.n	100012c0 <best_effort_wfe_or_timeout+0x68>
100012f2:	4584      	cmp	ip, r0
100012f4:	d9db      	bls.n	100012ae <best_effort_wfe_or_timeout+0x56>
100012f6:	f000 f84d 	bl	10001394 <time_us_64>
100012fa:	0022      	movs	r2, r4
100012fc:	002b      	movs	r3, r5
100012fe:	1a12      	subs	r2, r2, r0
10001300:	418b      	sbcs	r3, r1
10001302:	2b00      	cmp	r3, #0
10001304:	da05      	bge.n	10001312 <best_effort_wfe_or_timeout+0xba>
10001306:	4a18      	ldr	r2, [pc, #96]	@ (10001368 <best_effort_wfe_or_timeout+0x110>)
10001308:	6a53      	ldr	r3, [r2, #36]	@ 0x24
1000130a:	42bb      	cmp	r3, r7
1000130c:	d2d4      	bcs.n	100012b8 <best_effort_wfe_or_timeout+0x60>
1000130e:	2000      	movs	r0, #0
10001310:	e7d6      	b.n	100012c0 <best_effort_wfe_or_timeout+0x68>
10001312:	2300      	movs	r3, #0
10001314:	9301      	str	r3, [sp, #4]
10001316:	4b15      	ldr	r3, [pc, #84]	@ (1000136c <best_effort_wfe_or_timeout+0x114>)
10001318:	0022      	movs	r2, r4
1000131a:	9300      	str	r3, [sp, #0]
1000131c:	4648      	mov	r0, r9
1000131e:	002b      	movs	r3, r5
10001320:	f7ff fe7e 	bl	10001020 <alarm_pool_add_alarm_at_force_in_context>
10001324:	1e01      	subs	r1, r0, #0
10001326:	ddee      	ble.n	10001306 <best_effort_wfe_or_timeout+0xae>
10001328:	4643      	mov	r3, r8
1000132a:	601c      	str	r4, [r3, #0]
1000132c:	605d      	str	r5, [r3, #4]
1000132e:	4b0e      	ldr	r3, [pc, #56]	@ (10001368 <best_effort_wfe_or_timeout+0x110>)
10001330:	6a5a      	ldr	r2, [r3, #36]	@ 0x24
10001332:	42ba      	cmp	r2, r7
10001334:	d311      	bcc.n	1000135a <best_effort_wfe_or_timeout+0x102>
10001336:	6a9b      	ldr	r3, [r3, #40]	@ 0x28
10001338:	42a3      	cmp	r3, r4
1000133a:	d30c      	bcc.n	10001356 <best_effort_wfe_or_timeout+0xfe>
1000133c:	4648      	mov	r0, r9
1000133e:	f7ff fec7 	bl	100010d0 <alarm_pool_cancel_alarm>
10001342:	4a09      	ldr	r2, [pc, #36]	@ (10001368 <best_effort_wfe_or_timeout+0x110>)
10001344:	2000      	movs	r0, #0
10001346:	6a53      	ldr	r3, [r2, #36]	@ 0x24
10001348:	42bb      	cmp	r3, r7
1000134a:	d3b9      	bcc.n	100012c0 <best_effort_wfe_or_timeout+0x68>
1000134c:	6a92      	ldr	r2, [r2, #40]	@ 0x28
1000134e:	3001      	adds	r0, #1
10001350:	42a2      	cmp	r2, r4
10001352:	d2b5      	bcs.n	100012c0 <best_effort_wfe_or_timeout+0x68>
10001354:	e7c8      	b.n	100012e8 <best_effort_wfe_or_timeout+0x90>
10001356:	42ba      	cmp	r2, r7
10001358:	d1f0      	bne.n	1000133c <best_effort_wfe_or_timeout+0xe4>
1000135a:	bf20      	wfe
1000135c:	e7ee      	b.n	1000133c <best_effort_wfe_or_timeout+0xe4>
1000135e:	46c0      	nop			@ (mov r8, r8)
10001360:	20000fc0 	.word	0x20000fc0
10001364:	20000fc8 	.word	0x20000fc8
10001368:	40054000 	.word	0x40054000
1000136c:	10000b3d 	.word	0x10000b3d

10001370 <timer_hardware_alarm_claim>:
10001370:	b510      	push	{r4, lr}
10001372:	4a02      	ldr	r2, [pc, #8]	@ (1000137c <timer_hardware_alarm_claim+0xc>)
10001374:	4802      	ldr	r0, [pc, #8]	@ (10001380 <timer_hardware_alarm_claim+0x10>)
10001376:	f7ff f90d 	bl	10000594 <hw_claim_or_assert>
1000137a:	bd10      	pop	{r4, pc}
1000137c:	10006abc 	.word	0x10006abc
10001380:	200017ac 	.word	0x200017ac

10001384 <timer_time_us_64>:
10001384:	0003      	movs	r3, r0
10001386:	6a41      	ldr	r1, [r0, #36]	@ 0x24
10001388:	000a      	movs	r2, r1
1000138a:	6a98      	ldr	r0, [r3, #40]	@ 0x28
1000138c:	6a59      	ldr	r1, [r3, #36]	@ 0x24
1000138e:	428a      	cmp	r2, r1
10001390:	d1fa      	bne.n	10001388 <timer_time_us_64+0x4>
10001392:	4770      	bx	lr

10001394 <time_us_64>:
10001394:	4b03      	ldr	r3, [pc, #12]	@ (100013a4 <time_us_64+0x10>)
10001396:	6a59      	ldr	r1, [r3, #36]	@ 0x24
10001398:	000a      	movs	r2, r1
1000139a:	6a98      	ldr	r0, [r3, #40]	@ 0x28
1000139c:	6a59      	ldr	r1, [r3, #36]	@ 0x24
1000139e:	4291      	cmp	r1, r2
100013a0:	d1fa      	bne.n	10001398 <time_us_64+0x4>
100013a2:	4770      	bx	lr
100013a4:	40054000 	.word	0x40054000

100013a8 <busy_wait_until>:
100013a8:	4a06      	ldr	r2, [pc, #24]	@ (100013c4 <busy_wait_until+0x1c>)
100013aa:	6a53      	ldr	r3, [r2, #36]	@ 0x24
100013ac:	4299      	cmp	r1, r3
100013ae:	d8fc      	bhi.n	100013aa <busy_wait_until+0x2>
100013b0:	d107      	bne.n	100013c2 <busy_wait_until+0x1a>
100013b2:	4b04      	ldr	r3, [pc, #16]	@ (100013c4 <busy_wait_until+0x1c>)
100013b4:	e002      	b.n	100013bc <busy_wait_until+0x14>
100013b6:	6a5a      	ldr	r2, [r3, #36]	@ 0x24
100013b8:	4291      	cmp	r1, r2
100013ba:	d102      	bne.n	100013c2 <busy_wait_until+0x1a>
100013bc:	6a9a      	ldr	r2, [r3, #40]	@ 0x28
100013be:	4282      	cmp	r2, r0
100013c0:	d3f9      	bcc.n	100013b6 <busy_wait_until+0xe>
100013c2:	4770      	bx	lr
100013c4:	40054000 	.word	0x40054000

100013c8 <clock_configure_int_divider>:
100013c8:	b5f8      	push	{r3, r4, r5, r6, r7, lr}
100013ca:	46de      	mov	lr, fp
100013cc:	464e      	mov	r6, r9
100013ce:	4657      	mov	r7, sl
100013d0:	4645      	mov	r5, r8
100013d2:	b5e0      	push	{r5, r6, r7, lr}
100013d4:	468b      	mov	fp, r1
100013d6:	0005      	movs	r5, r0
100013d8:	990a      	ldr	r1, [sp, #40]	@ 0x28
100013da:	0018      	movs	r0, r3
100013dc:	0016      	movs	r6, r2
100013de:	f000 fb37 	bl	10001a50 <__wrap___aeabi_uidiv>
100013e2:	9b0a      	ldr	r3, [sp, #40]	@ 0x28
100013e4:	006c      	lsls	r4, r5, #1
100013e6:	021f      	lsls	r7, r3, #8
100013e8:	4b31      	ldr	r3, [pc, #196]	@ (100014b0 <clock_configure_int_divider+0xe8>)
100013ea:	1964      	adds	r4, r4, r5
100013ec:	469c      	mov	ip, r3
100013ee:	00a4      	lsls	r4, r4, #2
100013f0:	4464      	add	r4, ip
100013f2:	6863      	ldr	r3, [r4, #4]
100013f4:	4681      	mov	r9, r0
100013f6:	429f      	cmp	r7, r3
100013f8:	d900      	bls.n	100013fc <clock_configure_int_divider+0x34>
100013fa:	6067      	str	r7, [r4, #4]
100013fc:	1f2b      	subs	r3, r5, #4
100013fe:	b2db      	uxtb	r3, r3
10001400:	4698      	mov	r8, r3
10001402:	23c0      	movs	r3, #192	@ 0xc0
10001404:	4642      	mov	r2, r8
10001406:	019b      	lsls	r3, r3, #6
10001408:	18e3      	adds	r3, r4, r3
1000140a:	2a01      	cmp	r2, #1
1000140c:	d92d      	bls.n	1000146a <clock_configure_int_divider+0xa2>
1000140e:	2280      	movs	r2, #128	@ 0x80
10001410:	0112      	lsls	r2, r2, #4
10001412:	601a      	str	r2, [r3, #0]
10001414:	4b27      	ldr	r3, [pc, #156]	@ (100014b4 <clock_configure_int_divider+0xec>)
10001416:	00ad      	lsls	r5, r5, #2
10001418:	5959      	ldr	r1, [r3, r5]
1000141a:	469a      	mov	sl, r3
1000141c:	2900      	cmp	r1, #0
1000141e:	d11b      	bne.n	10001458 <clock_configure_int_divider+0x90>
10001420:	0173      	lsls	r3, r6, #5
10001422:	26e0      	movs	r6, #224	@ 0xe0
10001424:	6822      	ldr	r2, [r4, #0]
10001426:	4053      	eors	r3, r2
10001428:	401e      	ands	r6, r3
1000142a:	2380      	movs	r3, #128	@ 0x80
1000142c:	4642      	mov	r2, r8
1000142e:	015b      	lsls	r3, r3, #5
10001430:	18e3      	adds	r3, r4, r3
10001432:	601e      	str	r6, [r3, #0]
10001434:	2a01      	cmp	r2, #1
10001436:	d92d      	bls.n	10001494 <clock_configure_int_divider+0xcc>
10001438:	2380      	movs	r3, #128	@ 0x80
1000143a:	2280      	movs	r2, #128	@ 0x80
1000143c:	019b      	lsls	r3, r3, #6
1000143e:	18e3      	adds	r3, r4, r3
10001440:	0112      	lsls	r2, r2, #4
10001442:	601a      	str	r2, [r3, #0]
10001444:	4653      	mov	r3, sl
10001446:	464a      	mov	r2, r9
10001448:	6067      	str	r7, [r4, #4]
1000144a:	515a      	str	r2, [r3, r5]
1000144c:	bcf0      	pop	{r4, r5, r6, r7}
1000144e:	46bb      	mov	fp, r7
10001450:	46b2      	mov	sl, r6
10001452:	46a9      	mov	r9, r5
10001454:	46a0      	mov	r8, r4
10001456:	bdf8      	pop	{r3, r4, r5, r6, r7, pc}
10001458:	6958      	ldr	r0, [r3, #20]
1000145a:	f000 faf9 	bl	10001a50 <__wrap___aeabi_uidiv>
1000145e:	3001      	adds	r0, #1
10001460:	0043      	lsls	r3, r0, #1
10001462:	181b      	adds	r3, r3, r0
10001464:	3b03      	subs	r3, #3
10001466:	d2fd      	bcs.n	10001464 <clock_configure_int_divider+0x9c>
10001468:	e7da      	b.n	10001420 <clock_configure_int_divider+0x58>
1000146a:	465a      	mov	r2, fp
1000146c:	2a01      	cmp	r2, #1
1000146e:	d1ce      	bne.n	1000140e <clock_configure_int_divider+0x46>
10001470:	3202      	adds	r2, #2
10001472:	601a      	str	r2, [r3, #0]
10001474:	3a02      	subs	r2, #2
10001476:	68a3      	ldr	r3, [r4, #8]
10001478:	421a      	tst	r2, r3
1000147a:	d0fc      	beq.n	10001476 <clock_configure_int_divider+0xae>
1000147c:	0173      	lsls	r3, r6, #5
1000147e:	26e0      	movs	r6, #224	@ 0xe0
10001480:	6822      	ldr	r2, [r4, #0]
10001482:	00ad      	lsls	r5, r5, #2
10001484:	4053      	eors	r3, r2
10001486:	401e      	ands	r6, r3
10001488:	2380      	movs	r3, #128	@ 0x80
1000148a:	4a0a      	ldr	r2, [pc, #40]	@ (100014b4 <clock_configure_int_divider+0xec>)
1000148c:	015b      	lsls	r3, r3, #5
1000148e:	4692      	mov	sl, r2
10001490:	18e3      	adds	r3, r4, r3
10001492:	601e      	str	r6, [r3, #0]
10001494:	465a      	mov	r2, fp
10001496:	6821      	ldr	r1, [r4, #0]
10001498:	4051      	eors	r1, r2
1000149a:	2203      	movs	r2, #3
1000149c:	400a      	ands	r2, r1
1000149e:	601a      	str	r2, [r3, #0]
100014a0:	2201      	movs	r2, #1
100014a2:	465b      	mov	r3, fp
100014a4:	409a      	lsls	r2, r3
100014a6:	68a3      	ldr	r3, [r4, #8]
100014a8:	421a      	tst	r2, r3
100014aa:	d0fc      	beq.n	100014a6 <clock_configure_int_divider+0xde>
100014ac:	e7c4      	b.n	10001438 <clock_configure_int_divider+0x70>
100014ae:	46c0      	nop			@ (mov r8, r8)
100014b0:	40008000 	.word	0x40008000
100014b4:	200017b0 	.word	0x200017b0

100014b8 <clock_configure_undivided>:
100014b8:	b5f0      	push	{r4, r5, r6, r7, lr}
100014ba:	4646      	mov	r6, r8
100014bc:	464f      	mov	r7, r9
100014be:	46d6      	mov	lr, sl
100014c0:	b5c0      	push	{r6, r7, lr}
100014c2:	001f      	movs	r7, r3
100014c4:	4b33      	ldr	r3, [pc, #204]	@ (10001594 <clock_configure_undivided+0xdc>)
100014c6:	0044      	lsls	r4, r0, #1
100014c8:	469c      	mov	ip, r3
100014ca:	1824      	adds	r4, r4, r0
100014cc:	00a4      	lsls	r4, r4, #2
100014ce:	4464      	add	r4, ip
100014d0:	6863      	ldr	r3, [r4, #4]
100014d2:	4688      	mov	r8, r1
100014d4:	0016      	movs	r6, r2
100014d6:	2bff      	cmp	r3, #255	@ 0xff
100014d8:	d802      	bhi.n	100014e0 <clock_configure_undivided+0x28>
100014da:	2380      	movs	r3, #128	@ 0x80
100014dc:	005b      	lsls	r3, r3, #1
100014de:	6063      	str	r3, [r4, #4]
100014e0:	1f03      	subs	r3, r0, #4
100014e2:	b2db      	uxtb	r3, r3
100014e4:	469a      	mov	sl, r3
100014e6:	23c0      	movs	r3, #192	@ 0xc0
100014e8:	4652      	mov	r2, sl
100014ea:	019b      	lsls	r3, r3, #6
100014ec:	18e3      	adds	r3, r4, r3
100014ee:	2a01      	cmp	r2, #1
100014f0:	d92d      	bls.n	1000154e <clock_configure_undivided+0x96>
100014f2:	2280      	movs	r2, #128	@ 0x80
100014f4:	0112      	lsls	r2, r2, #4
100014f6:	601a      	str	r2, [r3, #0]
100014f8:	4b27      	ldr	r3, [pc, #156]	@ (10001598 <clock_configure_undivided+0xe0>)
100014fa:	0085      	lsls	r5, r0, #2
100014fc:	5959      	ldr	r1, [r3, r5]
100014fe:	4699      	mov	r9, r3
10001500:	2900      	cmp	r1, #0
10001502:	d11b      	bne.n	1000153c <clock_configure_undivided+0x84>
10001504:	0173      	lsls	r3, r6, #5
10001506:	26e0      	movs	r6, #224	@ 0xe0
10001508:	6822      	ldr	r2, [r4, #0]
1000150a:	4053      	eors	r3, r2
1000150c:	401e      	ands	r6, r3
1000150e:	2380      	movs	r3, #128	@ 0x80
10001510:	4652      	mov	r2, sl
10001512:	015b      	lsls	r3, r3, #5
10001514:	18e3      	adds	r3, r4, r3
10001516:	601e      	str	r6, [r3, #0]
10001518:	2a01      	cmp	r2, #1
1000151a:	d92d      	bls.n	10001578 <clock_configure_undivided+0xc0>
1000151c:	2380      	movs	r3, #128	@ 0x80
1000151e:	2280      	movs	r2, #128	@ 0x80
10001520:	019b      	lsls	r3, r3, #6
10001522:	18e3      	adds	r3, r4, r3
10001524:	0112      	lsls	r2, r2, #4
10001526:	601a      	str	r2, [r3, #0]
10001528:	2380      	movs	r3, #128	@ 0x80
1000152a:	005b      	lsls	r3, r3, #1
1000152c:	6063      	str	r3, [r4, #4]
1000152e:	464b      	mov	r3, r9
10001530:	515f      	str	r7, [r3, r5]
10001532:	bce0      	pop	{r5, r6, r7}
10001534:	46ba      	mov	sl, r7
10001536:	46b1      	mov	r9, r6
10001538:	46a8      	mov	r8, r5
1000153a:	bdf0      	pop	{r4, r5, r6, r7, pc}
1000153c:	6958      	ldr	r0, [r3, #20]
1000153e:	f000 fa87 	bl	10001a50 <__wrap___aeabi_uidiv>
10001542:	3001      	adds	r0, #1
10001544:	0043      	lsls	r3, r0, #1
10001546:	181b      	adds	r3, r3, r0
10001548:	3b03      	subs	r3, #3
1000154a:	d2fd      	bcs.n	10001548 <clock_configure_undivided+0x90>
1000154c:	e7da      	b.n	10001504 <clock_configure_undivided+0x4c>
1000154e:	4642      	mov	r2, r8
10001550:	2a01      	cmp	r2, #1
10001552:	d1ce      	bne.n	100014f2 <clock_configure_undivided+0x3a>
10001554:	3202      	adds	r2, #2
10001556:	601a      	str	r2, [r3, #0]
10001558:	3a02      	subs	r2, #2
1000155a:	68a3      	ldr	r3, [r4, #8]
1000155c:	421a      	tst	r2, r3
1000155e:	d0fc      	beq.n	1000155a <clock_configure_undivided+0xa2>
10001560:	0173      	lsls	r3, r6, #5
10001562:	26e0      	movs	r6, #224	@ 0xe0
10001564:	6822      	ldr	r2, [r4, #0]
10001566:	0085      	lsls	r5, r0, #2
10001568:	4053      	eors	r3, r2
1000156a:	401e      	ands	r6, r3
1000156c:	2380      	movs	r3, #128	@ 0x80
1000156e:	4a0a      	ldr	r2, [pc, #40]	@ (10001598 <clock_configure_undivided+0xe0>)
10001570:	015b      	lsls	r3, r3, #5
10001572:	4691      	mov	r9, r2
10001574:	18e3      	adds	r3, r4, r3
10001576:	601e      	str	r6, [r3, #0]
10001578:	4642      	mov	r2, r8
1000157a:	6821      	ldr	r1, [r4, #0]
1000157c:	4051      	eors	r1, r2
1000157e:	2203      	movs	r2, #3
10001580:	400a      	ands	r2, r1
10001582:	601a      	str	r2, [r3, #0]
10001584:	2301      	movs	r3, #1
10001586:	4642      	mov	r2, r8
10001588:	4093      	lsls	r3, r2
1000158a:	68a2      	ldr	r2, [r4, #8]
1000158c:	4213      	tst	r3, r2
1000158e:	d0fc      	beq.n	1000158a <clock_configure_undivided+0xd2>
10001590:	e7c4      	b.n	1000151c <clock_configure_undivided+0x64>
10001592:	46c0      	nop			@ (mov r8, r8)
10001594:	40008000 	.word	0x40008000
10001598:	200017b0 	.word	0x200017b0

1000159c <clock_get_hz>:
1000159c:	4b01      	ldr	r3, [pc, #4]	@ (100015a4 <clock_get_hz+0x8>)
1000159e:	0080      	lsls	r0, r0, #2
100015a0:	58c0      	ldr	r0, [r0, r3]
100015a2:	4770      	bx	lr
100015a4:	200017b0 	.word	0x200017b0

100015a8 <pll_init>:
100015a8:	b5f8      	push	{r3, r4, r5, r6, r7, lr}
100015aa:	0004      	movs	r4, r0
100015ac:	4820      	ldr	r0, [pc, #128]	@ (10001630 <pll_init+0x88>)
100015ae:	001d      	movs	r5, r3
100015b0:	0017      	movs	r7, r2
100015b2:	000e      	movs	r6, r1
100015b4:	f000 fa4c 	bl	10001a50 <__wrap___aeabi_uidiv>
100015b8:	0001      	movs	r1, r0
100015ba:	0038      	movs	r0, r7
100015bc:	f000 fa48 	bl	10001a50 <__wrap___aeabi_uidiv>
100015c0:	9b06      	ldr	r3, [sp, #24]
100015c2:	0429      	lsls	r1, r5, #16
100015c4:	031b      	lsls	r3, r3, #12
100015c6:	4319      	orrs	r1, r3
100015c8:	6823      	ldr	r3, [r4, #0]
100015ca:	2b00      	cmp	r3, #0
100015cc:	db1e      	blt.n	1000160c <pll_init+0x64>
100015ce:	4b19      	ldr	r3, [pc, #100]	@ (10001634 <pll_init+0x8c>)
100015d0:	4d19      	ldr	r5, [pc, #100]	@ (10001638 <pll_init+0x90>)
100015d2:	18e2      	adds	r2, r4, r3
100015d4:	4253      	negs	r3, r2
100015d6:	415a      	adcs	r2, r3
100015d8:	2380      	movs	r3, #128	@ 0x80
100015da:	015b      	lsls	r3, r3, #5
100015dc:	469c      	mov	ip, r3
100015de:	0312      	lsls	r2, r2, #12
100015e0:	4b16      	ldr	r3, [pc, #88]	@ (1000163c <pll_init+0x94>)
100015e2:	4462      	add	r2, ip
100015e4:	601a      	str	r2, [r3, #0]
100015e6:	4b16      	ldr	r3, [pc, #88]	@ (10001640 <pll_init+0x98>)
100015e8:	601a      	str	r2, [r3, #0]
100015ea:	0017      	movs	r7, r2
100015ec:	682b      	ldr	r3, [r5, #0]
100015ee:	439f      	bics	r7, r3
100015f0:	d1fb      	bne.n	100015ea <pll_init+0x42>
100015f2:	4b14      	ldr	r3, [pc, #80]	@ (10001644 <pll_init+0x9c>)
100015f4:	6026      	str	r6, [r4, #0]
100015f6:	18e2      	adds	r2, r4, r3
100015f8:	2321      	movs	r3, #33	@ 0x21
100015fa:	60a0      	str	r0, [r4, #8]
100015fc:	6013      	str	r3, [r2, #0]
100015fe:	6823      	ldr	r3, [r4, #0]
10001600:	2b00      	cmp	r3, #0
10001602:	dafc      	bge.n	100015fe <pll_init+0x56>
10001604:	2308      	movs	r3, #8
10001606:	60e1      	str	r1, [r4, #12]
10001608:	6013      	str	r3, [r2, #0]
1000160a:	bdf8      	pop	{r3, r4, r5, r6, r7, pc}
1000160c:	233f      	movs	r3, #63	@ 0x3f
1000160e:	6822      	ldr	r2, [r4, #0]
10001610:	4013      	ands	r3, r2
10001612:	42b3      	cmp	r3, r6
10001614:	d1db      	bne.n	100015ce <pll_init+0x26>
10001616:	68a3      	ldr	r3, [r4, #8]
10001618:	051b      	lsls	r3, r3, #20
1000161a:	0d1b      	lsrs	r3, r3, #20
1000161c:	4283      	cmp	r3, r0
1000161e:	d1d6      	bne.n	100015ce <pll_init+0x26>
10001620:	22ee      	movs	r2, #238	@ 0xee
10001622:	68e3      	ldr	r3, [r4, #12]
10001624:	02d2      	lsls	r2, r2, #11
10001626:	4013      	ands	r3, r2
10001628:	428b      	cmp	r3, r1
1000162a:	d1d0      	bne.n	100015ce <pll_init+0x26>
1000162c:	e7ed      	b.n	1000160a <pll_init+0x62>
1000162e:	46c0      	nop			@ (mov r8, r8)
10001630:	00b71b00 	.word	0x00b71b00
10001634:	bffd4000 	.word	0xbffd4000
10001638:	4000c008 	.word	0x4000c008
1000163c:	4000e000 	.word	0x4000e000
10001640:	4000f000 	.word	0x4000f000
10001644:	00003004 	.word	0x00003004

10001648 <watchdog_reboot>:
10001648:	b510      	push	{r4, lr}
1000164a:	2480      	movs	r4, #128	@ 0x80
1000164c:	4b1c      	ldr	r3, [pc, #112]	@ (100016c0 <watchdog_reboot+0x78>)
1000164e:	05e4      	lsls	r4, r4, #23
10001650:	601c      	str	r4, [r3, #0]
10001652:	2800      	cmp	r0, #0
10001654:	d01a      	beq.n	1000168c <watchdog_reboot+0x44>
10001656:	2301      	movs	r3, #1
10001658:	4c1a      	ldr	r4, [pc, #104]	@ (100016c4 <watchdog_reboot+0x7c>)
1000165a:	4318      	orrs	r0, r3
1000165c:	4b1a      	ldr	r3, [pc, #104]	@ (100016c8 <watchdog_reboot+0x80>)
1000165e:	61dc      	str	r4, [r3, #28]
10001660:	4c1a      	ldr	r4, [pc, #104]	@ (100016cc <watchdog_reboot+0x84>)
10001662:	4044      	eors	r4, r0
10001664:	621c      	str	r4, [r3, #32]
10001666:	6259      	str	r1, [r3, #36]	@ 0x24
10001668:	6298      	str	r0, [r3, #40]	@ 0x28
1000166a:	2180      	movs	r1, #128	@ 0x80
1000166c:	4b14      	ldr	r3, [pc, #80]	@ (100016c0 <watchdog_reboot+0x78>)
1000166e:	05c9      	lsls	r1, r1, #23
10001670:	6019      	str	r1, [r3, #0]
10001672:	4817      	ldr	r0, [pc, #92]	@ (100016d0 <watchdog_reboot+0x88>)
10001674:	4917      	ldr	r1, [pc, #92]	@ (100016d4 <watchdog_reboot+0x8c>)
10001676:	6008      	str	r0, [r1, #0]
10001678:	21e0      	movs	r1, #224	@ 0xe0
1000167a:	04c9      	lsls	r1, r1, #19
1000167c:	6019      	str	r1, [r3, #0]
1000167e:	2a00      	cmp	r2, #0
10001680:	d107      	bne.n	10001692 <watchdog_reboot+0x4a>
10001682:	2280      	movs	r2, #128	@ 0x80
10001684:	4b14      	ldr	r3, [pc, #80]	@ (100016d8 <watchdog_reboot+0x90>)
10001686:	0612      	lsls	r2, r2, #24
10001688:	601a      	str	r2, [r3, #0]
1000168a:	bd10      	pop	{r4, pc}
1000168c:	4b0e      	ldr	r3, [pc, #56]	@ (100016c8 <watchdog_reboot+0x80>)
1000168e:	61d8      	str	r0, [r3, #28]
10001690:	e7eb      	b.n	1000166a <watchdog_reboot+0x22>
10001692:	0153      	lsls	r3, r2, #5
10001694:	1a9b      	subs	r3, r3, r2
10001696:	009b      	lsls	r3, r3, #2
10001698:	189a      	adds	r2, r3, r2
1000169a:	2380      	movs	r3, #128	@ 0x80
1000169c:	0112      	lsls	r2, r2, #4
1000169e:	045b      	lsls	r3, r3, #17
100016a0:	429a      	cmp	r2, r3
100016a2:	d209      	bcs.n	100016b8 <watchdog_reboot+0x70>
100016a4:	0013      	movs	r3, r2
100016a6:	490d      	ldr	r1, [pc, #52]	@ (100016dc <watchdog_reboot+0x94>)
100016a8:	600b      	str	r3, [r1, #0]
100016aa:	4b07      	ldr	r3, [pc, #28]	@ (100016c8 <watchdog_reboot+0x80>)
100016ac:	605a      	str	r2, [r3, #4]
100016ae:	2280      	movs	r2, #128	@ 0x80
100016b0:	4b09      	ldr	r3, [pc, #36]	@ (100016d8 <watchdog_reboot+0x90>)
100016b2:	05d2      	lsls	r2, r2, #23
100016b4:	601a      	str	r2, [r3, #0]
100016b6:	e7e8      	b.n	1000168a <watchdog_reboot+0x42>
100016b8:	4b09      	ldr	r3, [pc, #36]	@ (100016e0 <watchdog_reboot+0x98>)
100016ba:	001a      	movs	r2, r3
100016bc:	e7f3      	b.n	100016a6 <watchdog_reboot+0x5e>
100016be:	46c0      	nop			@ (mov r8, r8)
100016c0:	4005b000 	.word	0x4005b000
100016c4:	b007c0d3 	.word	0xb007c0d3
100016c8:	40058000 	.word	0x40058000
100016cc:	4ff83f2d 	.word	0x4ff83f2d
100016d0:	0001fffc 	.word	0x0001fffc
100016d4:	40012008 	.word	0x40012008
100016d8:	4005a000 	.word	0x4005a000
100016dc:	20001c10 	.word	0x20001c10
100016e0:	00ffffff 	.word	0x00ffffff

100016e4 <tick_start>:
100016e4:	2380      	movs	r3, #128	@ 0x80
100016e6:	4a02      	ldr	r2, [pc, #8]	@ (100016f0 <tick_start+0xc>)
100016e8:	009b      	lsls	r3, r3, #2
100016ea:	430b      	orrs	r3, r1
100016ec:	62d3      	str	r3, [r2, #44]	@ 0x2c
100016ee:	4770      	bx	lr
100016f0:	40058000 	.word	0x40058000

100016f4 <rom_func_lookup>:
100016f4:	2314      	movs	r3, #20
100016f6:	b510      	push	{r4, lr}
100016f8:	0001      	movs	r1, r0
100016fa:	8818      	ldrh	r0, [r3, #0]
100016fc:	3304      	adds	r3, #4
100016fe:	881b      	ldrh	r3, [r3, #0]
10001700:	4798      	blx	r3
10001702:	bd10      	pop	{r4, pc}

10001704 <rom_data_lookup>:
10001704:	2316      	movs	r3, #22
10001706:	b510      	push	{r4, lr}
10001708:	0001      	movs	r1, r0
1000170a:	8818      	ldrh	r0, [r3, #0]
1000170c:	3302      	adds	r3, #2
1000170e:	881b      	ldrh	r3, [r3, #0]
10001710:	4798      	blx	r3
10001712:	bd10      	pop	{r4, pc}

10001714 <rom_funcs_lookup>:
10001714:	b5f8      	push	{r3, r4, r5, r6, r7, lr}
10001716:	4647      	mov	r7, r8
10001718:	46ce      	mov	lr, r9
1000171a:	b580      	push	{r7, lr}
1000171c:	1e0f      	subs	r7, r1, #0
1000171e:	d019      	beq.n	10001754 <rom_funcs_lookup+0x40>
10001720:	2314      	movs	r3, #20
10001722:	4699      	mov	r9, r3
10001724:	3304      	adds	r3, #4
10001726:	0004      	movs	r4, r0
10001728:	2500      	movs	r5, #0
1000172a:	2601      	movs	r6, #1
1000172c:	4698      	mov	r8, r3
1000172e:	464b      	mov	r3, r9
10001730:	8818      	ldrh	r0, [r3, #0]
10001732:	4643      	mov	r3, r8
10001734:	6821      	ldr	r1, [r4, #0]
10001736:	881b      	ldrh	r3, [r3, #0]
10001738:	4798      	blx	r3
1000173a:	c401      	stmia	r4!, {r0}
1000173c:	1e43      	subs	r3, r0, #1
1000173e:	4198      	sbcs	r0, r3
10001740:	3501      	adds	r5, #1
10001742:	4240      	negs	r0, r0
10001744:	4006      	ands	r6, r0
10001746:	42af      	cmp	r7, r5
10001748:	d1f1      	bne.n	1000172e <rom_funcs_lookup+0x1a>
1000174a:	0030      	movs	r0, r6
1000174c:	bcc0      	pop	{r6, r7}
1000174e:	46b9      	mov	r9, r7
10001750:	46b0      	mov	r8, r6
10001752:	bdf8      	pop	{r3, r4, r5, r6, r7, pc}
10001754:	2601      	movs	r6, #1
10001756:	e7f8      	b.n	1000174a <rom_funcs_lookup+0x36>

10001758 <rom_reset_usb_boot_extra>:
10001758:	2314      	movs	r3, #20
1000175a:	b570      	push	{r4, r5, r6, lr}
1000175c:	0004      	movs	r4, r0
1000175e:	8818      	ldrh	r0, [r3, #0]
10001760:	3304      	adds	r3, #4
10001762:	881b      	ldrh	r3, [r3, #0]
10001764:	000d      	movs	r5, r1
10001766:	4905      	ldr	r1, [pc, #20]	@ (1000177c <rom_reset_usb_boot_extra+0x24>)
10001768:	4798      	blx	r3
1000176a:	0003      	movs	r3, r0
1000176c:	2000      	movs	r0, #0
1000176e:	2c00      	cmp	r4, #0
10001770:	db01      	blt.n	10001776 <rom_reset_usb_boot_extra+0x1e>
10001772:	3001      	adds	r0, #1
10001774:	40a0      	lsls	r0, r4
10001776:	0029      	movs	r1, r5
10001778:	4798      	blx	r3
1000177a:	46c0      	nop			@ (mov r8, r8)
1000177c:	00004255 	.word	0x00004255

10001780 <xosc_init>:
10001780:	23aa      	movs	r3, #170	@ 0xaa
10001782:	4a06      	ldr	r2, [pc, #24]	@ (1000179c <xosc_init+0x1c>)
10001784:	011b      	lsls	r3, r3, #4
10001786:	6013      	str	r3, [r2, #0]
10001788:	238d      	movs	r3, #141	@ 0x8d
1000178a:	005b      	lsls	r3, r3, #1
1000178c:	60d3      	str	r3, [r2, #12]
1000178e:	4904      	ldr	r1, [pc, #16]	@ (100017a0 <xosc_init+0x20>)
10001790:	4b04      	ldr	r3, [pc, #16]	@ (100017a4 <xosc_init+0x24>)
10001792:	6019      	str	r1, [r3, #0]
10001794:	6853      	ldr	r3, [r2, #4]
10001796:	2b00      	cmp	r3, #0
10001798:	dafc      	bge.n	10001794 <xosc_init+0x14>
1000179a:	4770      	bx	lr
1000179c:	40024000 	.word	0x40024000
100017a0:	00fab000 	.word	0x00fab000
100017a4:	40026000 	.word	0x40026000

100017a8 <first_per_core_initializer>:
100017a8:	4770      	bx	lr
100017aa:	46c0      	nop			@ (mov r8, r8)

100017ac <hard_assertion_failure>:
100017ac:	b510      	push	{r4, lr}
100017ae:	4801      	ldr	r0, [pc, #4]	@ (100017b4 <hard_assertion_failure+0x8>)
100017b0:	f7fe fed8 	bl	10000564 <panic>
100017b4:	10006ae0 	.word	0x10006ae0

100017b8 <runtime_run_initializers>:
100017b8:	b570      	push	{r4, r5, r6, lr}
100017ba:	4d07      	ldr	r5, [pc, #28]	@ (100017d8 <runtime_run_initializers+0x20>)
100017bc:	4e07      	ldr	r6, [pc, #28]	@ (100017dc <runtime_run_initializers+0x24>)
100017be:	42b5      	cmp	r5, r6
100017c0:	d209      	bcs.n	100017d6 <runtime_run_initializers+0x1e>
100017c2:	2400      	movs	r4, #0
100017c4:	3e01      	subs	r6, #1
100017c6:	1b76      	subs	r6, r6, r5
100017c8:	08b6      	lsrs	r6, r6, #2
100017ca:	cd08      	ldmia	r5!, {r3}
100017cc:	4798      	blx	r3
100017ce:	0023      	movs	r3, r4
100017d0:	3401      	adds	r4, #1
100017d2:	42b3      	cmp	r3, r6
100017d4:	d1f9      	bne.n	100017ca <runtime_run_initializers+0x12>
100017d6:	bd70      	pop	{r4, r5, r6, pc}
100017d8:	10006808 	.word	0x10006808
100017dc:	10006844 	.word	0x10006844

100017e0 <runtime_init_early_resets>:
100017e0:	4b05      	ldr	r3, [pc, #20]	@ (100017f8 <runtime_init_early_resets+0x18>)
100017e2:	4a06      	ldr	r2, [pc, #24]	@ (100017fc <runtime_init_early_resets+0x1c>)
100017e4:	4906      	ldr	r1, [pc, #24]	@ (10001800 <runtime_init_early_resets+0x20>)
100017e6:	601a      	str	r2, [r3, #0]
100017e8:	4a06      	ldr	r2, [pc, #24]	@ (10001804 <runtime_init_early_resets+0x24>)
100017ea:	4b07      	ldr	r3, [pc, #28]	@ (10001808 <runtime_init_early_resets+0x28>)
100017ec:	601a      	str	r2, [r3, #0]
100017ee:	0010      	movs	r0, r2
100017f0:	680b      	ldr	r3, [r1, #0]
100017f2:	4398      	bics	r0, r3
100017f4:	d1fb      	bne.n	100017ee <runtime_init_early_resets+0xe>
100017f6:	4770      	bx	lr
100017f8:	4000e000 	.word	0x4000e000
100017fc:	fefbcdbf 	.word	0xfefbcdbf
10001800:	4000c008 	.word	0x4000c008
10001804:	003c7ffe 	.word	0x003c7ffe
10001808:	4000f000 	.word	0x4000f000

1000180c <runtime_init_usb_power_down>:
1000180c:	4b04      	ldr	r3, [pc, #16]	@ (10001820 <runtime_init_usb_power_down+0x14>)
1000180e:	6cdb      	ldr	r3, [r3, #76]	@ 0x4c
10001810:	2b00      	cmp	r3, #0
10001812:	d103      	bne.n	1000181c <runtime_init_usb_power_down+0x10>
10001814:	2280      	movs	r2, #128	@ 0x80
10001816:	4b03      	ldr	r3, [pc, #12]	@ (10001824 <runtime_init_usb_power_down+0x18>)
10001818:	02d2      	lsls	r2, r2, #11
1000181a:	601a      	str	r2, [r3, #0]
1000181c:	4770      	bx	lr
1000181e:	46c0      	nop			@ (mov r8, r8)
10001820:	50110000 	.word	0x50110000
10001824:	5011204c 	.word	0x5011204c

10001828 <runtime_init_post_clock_resets>:
10001828:	4a04      	ldr	r2, [pc, #16]	@ (1000183c <runtime_init_post_clock_resets+0x14>)
1000182a:	4b05      	ldr	r3, [pc, #20]	@ (10001840 <runtime_init_post_clock_resets+0x18>)
1000182c:	601a      	str	r2, [r3, #0]
1000182e:	4a05      	ldr	r2, [pc, #20]	@ (10001844 <runtime_init_post_clock_resets+0x1c>)
10001830:	6813      	ldr	r3, [r2, #0]
10001832:	01db      	lsls	r3, r3, #7
10001834:	3380      	adds	r3, #128	@ 0x80
10001836:	d1fb      	bne.n	10001830 <runtime_init_post_clock_resets+0x8>
10001838:	4770      	bx	lr
1000183a:	46c0      	nop			@ (mov r8, r8)
1000183c:	01ffffff 	.word	0x01ffffff
10001840:	4000f000 	.word	0x4000f000
10001844:	4000c008 	.word	0x4000c008

10001848 <runtime_init_rp2040_gpio_ie_disable>:
10001848:	2240      	movs	r2, #64	@ 0x40
1000184a:	4b03      	ldr	r3, [pc, #12]	@ (10001858 <runtime_init_rp2040_gpio_ie_disable+0x10>)
1000184c:	679a      	str	r2, [r3, #120]	@ 0x78
1000184e:	675a      	str	r2, [r3, #116]	@ 0x74
10001850:	671a      	str	r2, [r3, #112]	@ 0x70
10001852:	66da      	str	r2, [r3, #108]	@ 0x6c
10001854:	4770      	bx	lr
10001856:	46c0      	nop			@ (mov r8, r8)
10001858:	4001f000 	.word	0x4001f000

1000185c <runtime_init_spin_locks_reset>:
1000185c:	b510      	push	{r4, lr}
1000185e:	f7fe ff27 	bl	100006b0 <spin_locks_reset>
10001862:	bd10      	pop	{r4, pc}

10001864 <runtime_init_install_ram_vector_table>:
10001864:	b5f8      	push	{r3, r4, r5, r6, r7, lr}
10001866:	4927      	ldr	r1, [pc, #156]	@ (10001904 <runtime_init_install_ram_vector_table+0xa0>)
10001868:	4c27      	ldr	r4, [pc, #156]	@ (10001908 <runtime_init_install_ram_vector_table+0xa4>)
1000186a:	4d28      	ldr	r5, [pc, #160]	@ (1000190c <runtime_init_install_ram_vector_table+0xa8>)
1000186c:	1a64      	subs	r4, r4, r1
1000186e:	08a4      	lsrs	r4, r4, #2
10001870:	0022      	movs	r2, r4
10001872:	2c30      	cmp	r4, #48	@ 0x30
10001874:	d900      	bls.n	10001878 <runtime_init_install_ram_vector_table+0x14>
10001876:	2230      	movs	r2, #48	@ 0x30
10001878:	0028      	movs	r0, r5
1000187a:	0092      	lsls	r2, r2, #2
1000187c:	f000 ffea 	bl	10002854 <__wrap___aeabi_memcpy>
10001880:	2c2f      	cmp	r4, #47	@ 0x2f
10001882:	d83b      	bhi.n	100018fc <runtime_init_install_ram_vector_table+0x98>
10001884:	2030      	movs	r0, #48	@ 0x30
10001886:	212f      	movs	r1, #47	@ 0x2f
10001888:	00a7      	lsls	r7, r4, #2
1000188a:	19eb      	adds	r3, r5, r7
1000188c:	075b      	lsls	r3, r3, #29
1000188e:	4a20      	ldr	r2, [pc, #128]	@ (10001910 <runtime_init_install_ram_vector_table+0xac>)
10001890:	1b00      	subs	r0, r0, r4
10001892:	0fdb      	lsrs	r3, r3, #31
10001894:	1b09      	subs	r1, r1, r4
10001896:	2905      	cmp	r1, #5
10001898:	d916      	bls.n	100018c8 <runtime_init_install_ram_vector_table+0x64>
1000189a:	0026      	movs	r6, r4
1000189c:	2b00      	cmp	r3, #0
1000189e:	d001      	beq.n	100018a4 <runtime_init_install_ram_vector_table+0x40>
100018a0:	51ea      	str	r2, [r5, r7]
100018a2:	1c66      	adds	r6, r4, #1
100018a4:	1ac0      	subs	r0, r0, r3
100018a6:	18e3      	adds	r3, r4, r3
100018a8:	009b      	lsls	r3, r3, #2
100018aa:	0841      	lsrs	r1, r0, #1
100018ac:	18eb      	adds	r3, r5, r3
100018ae:	00c9      	lsls	r1, r1, #3
100018b0:	18c9      	adds	r1, r1, r3
100018b2:	601a      	str	r2, [r3, #0]
100018b4:	605a      	str	r2, [r3, #4]
100018b6:	3308      	adds	r3, #8
100018b8:	428b      	cmp	r3, r1
100018ba:	d1fa      	bne.n	100018b2 <runtime_init_install_ram_vector_table+0x4e>
100018bc:	2301      	movs	r3, #1
100018be:	4203      	tst	r3, r0
100018c0:	d01c      	beq.n	100018fc <runtime_init_install_ram_vector_table+0x98>
100018c2:	4398      	bics	r0, r3
100018c4:	1984      	adds	r4, r0, r6
100018c6:	00a7      	lsls	r7, r4, #2
100018c8:	51ea      	str	r2, [r5, r7]
100018ca:	1c63      	adds	r3, r4, #1
100018cc:	2c2f      	cmp	r4, #47	@ 0x2f
100018ce:	d015      	beq.n	100018fc <runtime_init_install_ram_vector_table+0x98>
100018d0:	009b      	lsls	r3, r3, #2
100018d2:	50ea      	str	r2, [r5, r3]
100018d4:	1ca3      	adds	r3, r4, #2
100018d6:	2c2e      	cmp	r4, #46	@ 0x2e
100018d8:	d010      	beq.n	100018fc <runtime_init_install_ram_vector_table+0x98>
100018da:	009b      	lsls	r3, r3, #2
100018dc:	50ea      	str	r2, [r5, r3]
100018de:	1ce3      	adds	r3, r4, #3
100018e0:	2c2d      	cmp	r4, #45	@ 0x2d
100018e2:	d00b      	beq.n	100018fc <runtime_init_install_ram_vector_table+0x98>
100018e4:	009b      	lsls	r3, r3, #2
100018e6:	50ea      	str	r2, [r5, r3]
100018e8:	1d23      	adds	r3, r4, #4
100018ea:	2c2c      	cmp	r4, #44	@ 0x2c
100018ec:	d006      	beq.n	100018fc <runtime_init_install_ram_vector_table+0x98>
100018ee:	009b      	lsls	r3, r3, #2
100018f0:	50ea      	str	r2, [r5, r3]
100018f2:	1d63      	adds	r3, r4, #5
100018f4:	2c2b      	cmp	r4, #43	@ 0x2b
100018f6:	d001      	beq.n	100018fc <runtime_init_install_ram_vector_table+0x98>
100018f8:	009b      	lsls	r3, r3, #2
100018fa:	50ea      	str	r2, [r5, r3]
100018fc:	4b05      	ldr	r3, [pc, #20]	@ (10001914 <runtime_init_install_ram_vector_table+0xb0>)
100018fe:	609d      	str	r5, [r3, #8]
10001900:	bdf8      	pop	{r3, r4, r5, r6, r7, pc}
10001902:	46c0      	nop			@ (mov r8, r8)
10001904:	10000100 	.word	0x10000100
10001908:	100001c0 	.word	0x100001c0
1000190c:	20000000 	.word	0x20000000
10001910:	100001c1 	.word	0x100001c1
10001914:	e000ed00 	.word	0xe000ed00

10001918 <runtime_init_clocks>:
10001918:	2300      	movs	r3, #0
1000191a:	b510      	push	{r4, lr}
1000191c:	4c29      	ldr	r4, [pc, #164]	@ (100019c4 <runtime_init_clocks+0xac>)
1000191e:	b082      	sub	sp, #8
10001920:	67a3      	str	r3, [r4, #120]	@ 0x78
10001922:	f7ff ff2d 	bl	10001780 <xosc_init>
10001926:	2201      	movs	r2, #1
10001928:	4b27      	ldr	r3, [pc, #156]	@ (100019c8 <runtime_init_clocks+0xb0>)
1000192a:	601a      	str	r2, [r3, #0]
1000192c:	6c63      	ldr	r3, [r4, #68]	@ 0x44
1000192e:	2b01      	cmp	r3, #1
10001930:	d1fc      	bne.n	1000192c <runtime_init_clocks+0x14>
10001932:	2203      	movs	r2, #3
10001934:	4b25      	ldr	r3, [pc, #148]	@ (100019cc <runtime_init_clocks+0xb4>)
10001936:	601a      	str	r2, [r3, #0]
10001938:	4a22      	ldr	r2, [pc, #136]	@ (100019c4 <runtime_init_clocks+0xac>)
1000193a:	6b93      	ldr	r3, [r2, #56]	@ 0x38
1000193c:	2b01      	cmp	r3, #1
1000193e:	d1fc      	bne.n	1000193a <runtime_init_clocks+0x22>
10001940:	3301      	adds	r3, #1
10001942:	9300      	str	r3, [sp, #0]
10001944:	2101      	movs	r1, #1
10001946:	4a22      	ldr	r2, [pc, #136]	@ (100019d0 <runtime_init_clocks+0xb8>)
10001948:	4822      	ldr	r0, [pc, #136]	@ (100019d4 <runtime_init_clocks+0xbc>)
1000194a:	3304      	adds	r3, #4
1000194c:	f7ff fe2c 	bl	100015a8 <pll_init>
10001950:	2305      	movs	r3, #5
10001952:	2101      	movs	r1, #1
10001954:	9300      	str	r3, [sp, #0]
10001956:	4a20      	ldr	r2, [pc, #128]	@ (100019d8 <runtime_init_clocks+0xc0>)
10001958:	4820      	ldr	r0, [pc, #128]	@ (100019dc <runtime_init_clocks+0xc4>)
1000195a:	f7ff fe25 	bl	100015a8 <pll_init>
1000195e:	2200      	movs	r2, #0
10001960:	2102      	movs	r1, #2
10001962:	2004      	movs	r0, #4
10001964:	4b1e      	ldr	r3, [pc, #120]	@ (100019e0 <runtime_init_clocks+0xc8>)
10001966:	f7ff fda7 	bl	100014b8 <clock_configure_undivided>
1000196a:	2200      	movs	r2, #0
1000196c:	2101      	movs	r1, #1
1000196e:	2005      	movs	r0, #5
10001970:	4b1c      	ldr	r3, [pc, #112]	@ (100019e4 <runtime_init_clocks+0xcc>)
10001972:	f7ff fda1 	bl	100014b8 <clock_configure_undivided>
10001976:	2200      	movs	r2, #0
10001978:	2100      	movs	r1, #0
1000197a:	2007      	movs	r0, #7
1000197c:	4b1a      	ldr	r3, [pc, #104]	@ (100019e8 <runtime_init_clocks+0xd0>)
1000197e:	f7ff fd9b 	bl	100014b8 <clock_configure_undivided>
10001982:	2200      	movs	r2, #0
10001984:	2100      	movs	r1, #0
10001986:	2008      	movs	r0, #8
10001988:	4b17      	ldr	r3, [pc, #92]	@ (100019e8 <runtime_init_clocks+0xd0>)
1000198a:	f7ff fd95 	bl	100014b8 <clock_configure_undivided>
1000198e:	2380      	movs	r3, #128	@ 0x80
10001990:	00db      	lsls	r3, r3, #3
10001992:	9300      	str	r3, [sp, #0]
10001994:	2200      	movs	r2, #0
10001996:	2100      	movs	r1, #0
10001998:	2009      	movs	r0, #9
1000199a:	4b13      	ldr	r3, [pc, #76]	@ (100019e8 <runtime_init_clocks+0xd0>)
1000199c:	f7ff fd14 	bl	100013c8 <clock_configure_int_divider>
100019a0:	2200      	movs	r2, #0
100019a2:	4b10      	ldr	r3, [pc, #64]	@ (100019e4 <runtime_init_clocks+0xcc>)
100019a4:	2100      	movs	r1, #0
100019a6:	2006      	movs	r0, #6
100019a8:	f7ff fd86 	bl	100014b8 <clock_configure_undivided>
100019ac:	2004      	movs	r0, #4
100019ae:	f7ff fdf5 	bl	1000159c <clock_get_hz>
100019b2:	490e      	ldr	r1, [pc, #56]	@ (100019ec <runtime_init_clocks+0xd4>)
100019b4:	f000 f84c 	bl	10001a50 <__wrap___aeabi_uidiv>
100019b8:	0001      	movs	r1, r0
100019ba:	2000      	movs	r0, #0
100019bc:	f7ff fe92 	bl	100016e4 <tick_start>
100019c0:	b002      	add	sp, #8
100019c2:	bd10      	pop	{r4, pc}
100019c4:	40008000 	.word	0x40008000
100019c8:	4000b03c 	.word	0x4000b03c
100019cc:	4000b030 	.word	0x4000b030
100019d0:	59682f00 	.word	0x59682f00
100019d4:	40028000 	.word	0x40028000
100019d8:	47868c00 	.word	0x47868c00
100019dc:	4002c000 	.word	0x4002c000
100019e0:	00b71b00 	.word	0x00b71b00
100019e4:	07735940 	.word	0x07735940
100019e8:	02dc6c00 	.word	0x02dc6c00
100019ec:	000f4240 	.word	0x000f4240

100019f0 <__aeabi_bits_init>:
100019f0:	4801      	ldr	r0, [pc, #4]	@ (100019f8 <__aeabi_bits_init+0x8>)
100019f2:	2104      	movs	r1, #4
100019f4:	4b01      	ldr	r3, [pc, #4]	@ (100019fc <__aeabi_bits_init+0xc>)
100019f6:	4718      	bx	r3
100019f8:	20000fe0 	.word	0x20000fe0
100019fc:	10001715 	.word	0x10001715

10001a00 <__wrap___aeabi_idiv>:
10001a00:	4a12      	ldr	r2, [pc, #72]	@ (10001a4c <divmod_s32s32_savestate+0x18>)
10001a02:	6f93      	ldr	r3, [r2, #120]	@ 0x78
10001a04:	089b      	lsrs	r3, r3, #2
10001a06:	d215      	bcs.n	10001a34 <divmod_s32s32_savestate>

10001a08 <divmod_s32s32_core>:
10001a08:	6690      	str	r0, [r2, #104]	@ 0x68
10001a0a:	66d1      	str	r1, [r2, #108]	@ 0x6c
10001a0c:	2900      	cmp	r1, #0
10001a0e:	d005      	beq.n	10001a1c <divmod_s32s32_core+0x14>
10001a10:	e7ff      	b.n	10001a12 <divmod_s32s32_core+0xa>
10001a12:	e7ff      	b.n	10001a14 <divmod_s32s32_core+0xc>
10001a14:	e7ff      	b.n	10001a16 <divmod_s32s32_core+0xe>
10001a16:	6f51      	ldr	r1, [r2, #116]	@ 0x74
10001a18:	6f10      	ldr	r0, [r2, #112]	@ 0x70
10001a1a:	4770      	bx	lr
10001a1c:	b504      	push	{r2, lr}
10001a1e:	2180      	movs	r1, #128	@ 0x80
10001a20:	0609      	lsls	r1, r1, #24
10001a22:	17c2      	asrs	r2, r0, #31
10001a24:	4051      	eors	r1, r2
10001a26:	2800      	cmp	r0, #0
10001a28:	d000      	beq.n	10001a2c <divmod_s32s32_core+0x24>
10001a2a:	43c8      	mvns	r0, r1
10001a2c:	f004 fed4 	bl	100067d8 <____aeabi_idiv0_veneer>
10001a30:	2100      	movs	r1, #0
10001a32:	bd04      	pop	{r2, pc}

10001a34 <divmod_s32s32_savestate>:
10001a34:	b5f0      	push	{r4, r5, r6, r7, lr}
10001a36:	6e14      	ldr	r4, [r2, #96]	@ 0x60
10001a38:	6e55      	ldr	r5, [r2, #100]	@ 0x64
10001a3a:	6f57      	ldr	r7, [r2, #116]	@ 0x74
10001a3c:	6f16      	ldr	r6, [r2, #112]	@ 0x70
10001a3e:	f7ff ffe3 	bl	10001a08 <divmod_s32s32_core>
10001a42:	6614      	str	r4, [r2, #96]	@ 0x60
10001a44:	6655      	str	r5, [r2, #100]	@ 0x64
10001a46:	6757      	str	r7, [r2, #116]	@ 0x74
10001a48:	6716      	str	r6, [r2, #112]	@ 0x70
10001a4a:	bdf0      	pop	{r4, r5, r6, r7, pc}
10001a4c:	d0000000 	.word	0xd0000000

10001a50 <__wrap___aeabi_uidiv>:
10001a50:	4a11      	ldr	r2, [pc, #68]	@ (10001a98 <divmod_u32u32_savestate+0x18>)
10001a52:	6f93      	ldr	r3, [r2, #120]	@ 0x78
10001a54:	089b      	lsrs	r3, r3, #2
10001a56:	d213      	bcs.n	10001a80 <divmod_u32u32_savestate>

10001a58 <divmod_u32u32_core>:
10001a58:	6610      	str	r0, [r2, #96]	@ 0x60
10001a5a:	6651      	str	r1, [r2, #100]	@ 0x64
10001a5c:	2900      	cmp	r1, #0
10001a5e:	d005      	beq.n	10001a6c <divmod_u32u32_core+0x14>
10001a60:	e7ff      	b.n	10001a62 <divmod_u32u32_core+0xa>
10001a62:	e7ff      	b.n	10001a64 <divmod_u32u32_core+0xc>
10001a64:	e7ff      	b.n	10001a66 <divmod_u32u32_core+0xe>
10001a66:	6f51      	ldr	r1, [r2, #116]	@ 0x74
10001a68:	6f10      	ldr	r0, [r2, #112]	@ 0x70
10001a6a:	4770      	bx	lr
10001a6c:	b504      	push	{r2, lr}
10001a6e:	2800      	cmp	r0, #0
10001a70:	d001      	beq.n	10001a76 <divmod_u32u32_core+0x1e>
10001a72:	2000      	movs	r0, #0
10001a74:	43c0      	mvns	r0, r0
10001a76:	f004 feaf 	bl	100067d8 <____aeabi_idiv0_veneer>
10001a7a:	2100      	movs	r1, #0
10001a7c:	bd04      	pop	{r2, pc}
10001a7e:	46c0      	nop			@ (mov r8, r8)

10001a80 <divmod_u32u32_savestate>:
10001a80:	b5f0      	push	{r4, r5, r6, r7, lr}
10001a82:	6e14      	ldr	r4, [r2, #96]	@ 0x60
10001a84:	6e55      	ldr	r5, [r2, #100]	@ 0x64
10001a86:	6f57      	ldr	r7, [r2, #116]	@ 0x74
10001a88:	6f16      	ldr	r6, [r2, #112]	@ 0x70
10001a8a:	f7ff ffe5 	bl	10001a58 <divmod_u32u32_core>
10001a8e:	6614      	str	r4, [r2, #96]	@ 0x60
10001a90:	6655      	str	r5, [r2, #100]	@ 0x64
10001a92:	6757      	str	r7, [r2, #116]	@ 0x74
10001a94:	6716      	str	r6, [r2, #112]	@ 0x70
10001a96:	bdf0      	pop	{r4, r5, r6, r7, pc}
10001a98:	d0000000 	.word	0xd0000000

10001a9c <__wrap___aeabi_ldivmod>:
10001a9c:	4694      	mov	ip, r2
10001a9e:	4a4a      	ldr	r2, [pc, #296]	@ (10001bc8 <udiv0+0x1a>)
10001aa0:	6f92      	ldr	r2, [r2, #120]	@ 0x78
10001aa2:	0892      	lsrs	r2, r2, #2
10001aa4:	4662      	mov	r2, ip
10001aa6:	d201      	bcs.n	10001aac <divmod_s64s64_savestate>
10001aa8:	e028      	b.n	10001afc <divmod_s64s64_unsafe>
10001aaa:	46c0      	nop			@ (mov r8, r8)

10001aac <divmod_s64s64_savestate>:
10001aac:	b5f0      	push	{r4, r5, r6, r7, lr}
10001aae:	4e46      	ldr	r6, [pc, #280]	@ (10001bc8 <udiv0+0x1a>)
10001ab0:	6e34      	ldr	r4, [r6, #96]	@ 0x60
10001ab2:	6e75      	ldr	r5, [r6, #100]	@ 0x64
10001ab4:	6f77      	ldr	r7, [r6, #116]	@ 0x74
10001ab6:	6f36      	ldr	r6, [r6, #112]	@ 0x70
10001ab8:	f000 f820 	bl	10001afc <divmod_s64s64_unsafe>
10001abc:	4694      	mov	ip, r2
10001abe:	4a42      	ldr	r2, [pc, #264]	@ (10001bc8 <udiv0+0x1a>)
10001ac0:	6614      	str	r4, [r2, #96]	@ 0x60
10001ac2:	6655      	str	r5, [r2, #100]	@ 0x64
10001ac4:	6757      	str	r7, [r2, #116]	@ 0x74
10001ac6:	6716      	str	r6, [r2, #112]	@ 0x70
10001ac8:	4662      	mov	r2, ip
10001aca:	bdf0      	pop	{r4, r5, r6, r7, pc}

10001acc <__wrap___aeabi_uldivmod>:
10001acc:	4694      	mov	ip, r2
10001ace:	4a3e      	ldr	r2, [pc, #248]	@ (10001bc8 <udiv0+0x1a>)
10001ad0:	6f92      	ldr	r2, [r2, #120]	@ 0x78
10001ad2:	0892      	lsrs	r2, r2, #2
10001ad4:	4662      	mov	r2, ip
10001ad6:	d201      	bcs.n	10001adc <divmod_u64u64_savestate>
10001ad8:	e054      	b.n	10001b84 <divmod_u64u64_unsafe>
10001ada:	46c0      	nop			@ (mov r8, r8)

10001adc <divmod_u64u64_savestate>:
10001adc:	b5f0      	push	{r4, r5, r6, r7, lr}
10001ade:	4e3a      	ldr	r6, [pc, #232]	@ (10001bc8 <udiv0+0x1a>)
10001ae0:	6e34      	ldr	r4, [r6, #96]	@ 0x60
10001ae2:	6e75      	ldr	r5, [r6, #100]	@ 0x64
10001ae4:	6f77      	ldr	r7, [r6, #116]	@ 0x74
10001ae6:	6f36      	ldr	r6, [r6, #112]	@ 0x70
10001ae8:	f000 f84c 	bl	10001b84 <divmod_u64u64_unsafe>
10001aec:	4694      	mov	ip, r2
10001aee:	4a36      	ldr	r2, [pc, #216]	@ (10001bc8 <udiv0+0x1a>)
10001af0:	6614      	str	r4, [r2, #96]	@ 0x60
10001af2:	6655      	str	r5, [r2, #100]	@ 0x64
10001af4:	6757      	str	r7, [r2, #116]	@ 0x74
10001af6:	6716      	str	r6, [r2, #112]	@ 0x70
10001af8:	4662      	mov	r2, ip
10001afa:	bdf0      	pop	{r4, r5, r6, r7, pc}

10001afc <divmod_s64s64_unsafe>:
10001afc:	2b00      	cmp	r3, #0
10001afe:	db24      	blt.n	10001b4a <l46_1+0x26>
10001b00:	d011      	beq.n	10001b26 <l46_1+0x2>
10001b02:	2900      	cmp	r1, #0
10001b04:	da3e      	bge.n	10001b84 <divmod_u64u64_unsafe>
10001b06:	b500      	push	{lr}
10001b08:	43c9      	mvns	r1, r1
10001b0a:	4240      	negs	r0, r0
10001b0c:	d100      	bne.n	10001b10 <l44_1>
10001b0e:	3101      	adds	r1, #1

10001b10 <l44_1>:
10001b10:	f000 f838 	bl	10001b84 <divmod_u64u64_unsafe>
10001b14:	43c9      	mvns	r1, r1
10001b16:	4240      	negs	r0, r0
10001b18:	d100      	bne.n	10001b1c <l45_1>
10001b1a:	3101      	adds	r1, #1

10001b1c <l45_1>:
10001b1c:	43db      	mvns	r3, r3
10001b1e:	4252      	negs	r2, r2
10001b20:	d100      	bne.n	10001b24 <l46_1>
10001b22:	3301      	adds	r3, #1

10001b24 <l46_1>:
10001b24:	bd00      	pop	{pc}
10001b26:	2a00      	cmp	r2, #0
10001b28:	d1eb      	bne.n	10001b02 <divmod_s64s64_unsafe+0x6>
10001b2a:	2800      	cmp	r0, #0
10001b2c:	d101      	bne.n	10001b32 <l46_1+0xe>
10001b2e:	2900      	cmp	r1, #0
10001b30:	d005      	beq.n	10001b3e <l46_1+0x1a>
10001b32:	2000      	movs	r0, #0
10001b34:	0fc9      	lsrs	r1, r1, #31
10001b36:	07c9      	lsls	r1, r1, #31
10001b38:	d101      	bne.n	10001b3e <l46_1+0x1a>
10001b3a:	43c0      	mvns	r0, r0
10001b3c:	0841      	lsrs	r1, r0, #1
10001b3e:	b500      	push	{lr}
10001b40:	f004 fe22 	bl	10006788 <____aeabi_ldiv0_veneer>
10001b44:	2200      	movs	r2, #0
10001b46:	2300      	movs	r3, #0
10001b48:	bd00      	pop	{pc}
10001b4a:	b500      	push	{lr}
10001b4c:	2900      	cmp	r1, #0
10001b4e:	db0a      	blt.n	10001b66 <l48_1+0x2>
10001b50:	43db      	mvns	r3, r3
10001b52:	4252      	negs	r2, r2
10001b54:	d100      	bne.n	10001b58 <l47_1>
10001b56:	3301      	adds	r3, #1

10001b58 <l47_1>:
10001b58:	f000 f814 	bl	10001b84 <divmod_u64u64_unsafe>
10001b5c:	43c9      	mvns	r1, r1
10001b5e:	4240      	negs	r0, r0
10001b60:	d100      	bne.n	10001b64 <l48_1>
10001b62:	3101      	adds	r1, #1

10001b64 <l48_1>:
10001b64:	bd00      	pop	{pc}
10001b66:	43c9      	mvns	r1, r1
10001b68:	4240      	negs	r0, r0
10001b6a:	d100      	bne.n	10001b6e <l49_1>
10001b6c:	3101      	adds	r1, #1

10001b6e <l49_1>:
10001b6e:	43db      	mvns	r3, r3
10001b70:	4252      	negs	r2, r2
10001b72:	d100      	bne.n	10001b76 <l50_1>
10001b74:	3301      	adds	r3, #1

10001b76 <l50_1>:
10001b76:	f000 f805 	bl	10001b84 <divmod_u64u64_unsafe>
10001b7a:	43db      	mvns	r3, r3
10001b7c:	4252      	negs	r2, r2
10001b7e:	d100      	bne.n	10001b82 <l51_1>
10001b80:	3301      	adds	r3, #1

10001b82 <l51_1>:
10001b82:	bd00      	pop	{pc}

10001b84 <divmod_u64u64_unsafe>:
10001b84:	2900      	cmp	r1, #0
10001b86:	d123      	bne.n	10001bd0 <y64>
10001b88:	2b00      	cmp	r3, #0
10001b8a:	d118      	bne.n	10001bbe <udiv0+0x10>
10001b8c:	2a00      	cmp	r2, #0
10001b8e:	d00c      	beq.n	10001baa <divmod_u64u64_unsafe+0x26>
10001b90:	46bc      	mov	ip, r7
10001b92:	4f0d      	ldr	r7, [pc, #52]	@ (10001bc8 <udiv0+0x1a>)
10001b94:	6638      	str	r0, [r7, #96]	@ 0x60
10001b96:	667a      	str	r2, [r7, #100]	@ 0x64
10001b98:	2100      	movs	r1, #0
10001b9a:	2300      	movs	r3, #0
10001b9c:	e7ff      	b.n	10001b9e <divmod_u64u64_unsafe+0x1a>
10001b9e:	e7ff      	b.n	10001ba0 <divmod_u64u64_unsafe+0x1c>
10001ba0:	e7ff      	b.n	10001ba2 <divmod_u64u64_unsafe+0x1e>
10001ba2:	6f7a      	ldr	r2, [r7, #116]	@ 0x74
10001ba4:	6f38      	ldr	r0, [r7, #112]	@ 0x70
10001ba6:	4667      	mov	r7, ip
10001ba8:	4770      	bx	lr
10001baa:	2800      	cmp	r0, #0
10001bac:	d001      	beq.n	10001bb2 <udiv0+0x4>

10001bae <udiv0>:
10001bae:	4807      	ldr	r0, [pc, #28]	@ (10001bcc <udiv0+0x1e>)
10001bb0:	0001      	movs	r1, r0
10001bb2:	b500      	push	{lr}
10001bb4:	f004 fde8 	bl	10006788 <____aeabi_ldiv0_veneer>
10001bb8:	2200      	movs	r2, #0
10001bba:	2300      	movs	r3, #0
10001bbc:	bd00      	pop	{pc}
10001bbe:	0002      	movs	r2, r0
10001bc0:	000b      	movs	r3, r1
10001bc2:	2000      	movs	r0, #0
10001bc4:	2100      	movs	r1, #0
10001bc6:	4770      	bx	lr
10001bc8:	d0000000 	.word	0xd0000000
10001bcc:	ffffffff 	.word	0xffffffff

10001bd0 <y64>:
10001bd0:	2b00      	cmp	r3, #0
10001bd2:	d000      	beq.n	10001bd6 <y64+0x6>
10001bd4:	e0bf      	b.n	10001d56 <y64_x48>
10001bd6:	0c13      	lsrs	r3, r2, #16
10001bd8:	d128      	bne.n	10001c2c <y64_x32>
10001bda:	2a00      	cmp	r2, #0
10001bdc:	d0e7      	beq.n	10001bae <udiv0>
10001bde:	b480      	push	{r7}
10001be0:	4f11      	ldr	r7, [pc, #68]	@ (10001c28 <y64+0x58>)
10001be2:	6639      	str	r1, [r7, #96]	@ 0x60
10001be4:	667a      	str	r2, [r7, #100]	@ 0x64
10001be6:	e7ff      	b.n	10001be8 <y64+0x18>
10001be8:	e7ff      	b.n	10001bea <y64+0x1a>
10001bea:	b430      	push	{r4, r5}
10001bec:	0c04      	lsrs	r4, r0, #16
10001bee:	6f7b      	ldr	r3, [r7, #116]	@ 0x74
10001bf0:	6f39      	ldr	r1, [r7, #112]	@ 0x70
10001bf2:	041b      	lsls	r3, r3, #16
10001bf4:	4323      	orrs	r3, r4
10001bf6:	663b      	str	r3, [r7, #96]	@ 0x60
10001bf8:	667a      	str	r2, [r7, #100]	@ 0x64
10001bfa:	e7ff      	b.n	10001bfc <y64+0x2c>
10001bfc:	e7ff      	b.n	10001bfe <y64+0x2e>
10001bfe:	e7ff      	b.n	10001c00 <y64+0x30>
10001c00:	46c0      	nop			@ (mov r8, r8)
10001c02:	b284      	uxth	r4, r0
10001c04:	6f7b      	ldr	r3, [r7, #116]	@ 0x74
10001c06:	6f3d      	ldr	r5, [r7, #112]	@ 0x70
10001c08:	041b      	lsls	r3, r3, #16
10001c0a:	4323      	orrs	r3, r4
10001c0c:	663b      	str	r3, [r7, #96]	@ 0x60
10001c0e:	667a      	str	r2, [r7, #100]	@ 0x64
10001c10:	e7ff      	b.n	10001c12 <y64+0x42>
10001c12:	e7ff      	b.n	10001c14 <y64+0x44>
10001c14:	46c0      	nop			@ (mov r8, r8)
10001c16:	2300      	movs	r3, #0
10001c18:	042c      	lsls	r4, r5, #16
10001c1a:	0c2d      	lsrs	r5, r5, #16
10001c1c:	6f7a      	ldr	r2, [r7, #116]	@ 0x74
10001c1e:	6f38      	ldr	r0, [r7, #112]	@ 0x70
10001c20:	1900      	adds	r0, r0, r4
10001c22:	4169      	adcs	r1, r5
10001c24:	bcb0      	pop	{r4, r5, r7}
10001c26:	4770      	bx	lr
10001c28:	d0000000 	.word	0xd0000000

10001c2c <y64_x32>:
10001c2c:	b5f0      	push	{r4, r5, r6, r7, lr}
10001c2e:	4694      	mov	ip, r2
10001c30:	2500      	movs	r5, #0
10001c32:	0e14      	lsrs	r4, r2, #24
10001c34:	d101      	bne.n	10001c3a <y64_x32+0xe>
10001c36:	0212      	lsls	r2, r2, #8
10001c38:	3508      	adds	r5, #8
10001c3a:	0f14      	lsrs	r4, r2, #28
10001c3c:	d101      	bne.n	10001c42 <y64_x32+0x16>
10001c3e:	0112      	lsls	r2, r2, #4
10001c40:	3504      	adds	r5, #4
10001c42:	0f94      	lsrs	r4, r2, #30
10001c44:	d101      	bne.n	10001c4a <y64_x32+0x1e>
10001c46:	0092      	lsls	r2, r2, #2
10001c48:	3502      	adds	r5, #2
10001c4a:	0fd4      	lsrs	r4, r2, #31
10001c4c:	d101      	bne.n	10001c52 <y64_x32+0x26>
10001c4e:	0052      	lsls	r2, r2, #1
10001c50:	3501      	adds	r5, #1
10001c52:	0bd4      	lsrs	r4, r2, #15
10001c54:	3401      	adds	r4, #1
10001c56:	4f25      	ldr	r7, [pc, #148]	@ (10001cec <y64_x32+0xc0>)
10001c58:	667c      	str	r4, [r7, #100]	@ 0x64
10001c5a:	4c25      	ldr	r4, [pc, #148]	@ (10001cf0 <y64_x32+0xc4>)
10001c5c:	663c      	str	r4, [r7, #96]	@ 0x60
10001c5e:	0c0e      	lsrs	r6, r1, #16
10001c60:	b293      	uxth	r3, r2
10001c62:	e7ff      	b.n	10001c64 <y64_x32+0x38>
10001c64:	e7ff      	b.n	10001c66 <y64_x32+0x3a>
10001c66:	e7ff      	b.n	10001c68 <y64_x32+0x3c>
10001c68:	6f3c      	ldr	r4, [r7, #112]	@ 0x70
10001c6a:	4366      	muls	r6, r4
10001c6c:	0c36      	lsrs	r6, r6, #16
10001c6e:	0377      	lsls	r7, r6, #13
10001c70:	46be      	mov	lr, r7
10001c72:	4373      	muls	r3, r6
10001c74:	0bdf      	lsrs	r7, r3, #15
10001c76:	045b      	lsls	r3, r3, #17
10001c78:	1ac0      	subs	r0, r0, r3
10001c7a:	41b9      	sbcs	r1, r7
10001c7c:	0c13      	lsrs	r3, r2, #16
10001c7e:	4373      	muls	r3, r6
10001c80:	18db      	adds	r3, r3, r3
10001c82:	1ac9      	subs	r1, r1, r3
10001c84:	08ce      	lsrs	r6, r1, #3
10001c86:	4366      	muls	r6, r4
10001c88:	0c36      	lsrs	r6, r6, #16
10001c8a:	44b6      	add	lr, r6
10001c8c:	b293      	uxth	r3, r2
10001c8e:	4373      	muls	r3, r6
10001c90:	0f1f      	lsrs	r7, r3, #28
10001c92:	011b      	lsls	r3, r3, #4
10001c94:	1ac0      	subs	r0, r0, r3
10001c96:	41b9      	sbcs	r1, r7
10001c98:	0c13      	lsrs	r3, r2, #16
10001c9a:	4373      	muls	r3, r6
10001c9c:	0b1f      	lsrs	r7, r3, #12
10001c9e:	051b      	lsls	r3, r3, #20
10001ca0:	1ac0      	subs	r0, r0, r3
10001ca2:	41b9      	sbcs	r1, r7
10001ca4:	0d86      	lsrs	r6, r0, #22
10001ca6:	028f      	lsls	r7, r1, #10
10001ca8:	433e      	orrs	r6, r7
10001caa:	4366      	muls	r6, r4
10001cac:	0c36      	lsrs	r6, r6, #16
10001cae:	2d09      	cmp	r5, #9
10001cb0:	db24      	blt.n	10001cfc <last0>
10001cb2:	0a52      	lsrs	r2, r2, #9
10001cb4:	4372      	muls	r2, r6
10001cb6:	1a80      	subs	r0, r0, r2
10001cb8:	0377      	lsls	r7, r6, #13
10001cba:	0a46      	lsrs	r6, r0, #9
10001cbc:	4366      	muls	r6, r4
10001cbe:	0c36      	lsrs	r6, r6, #16
10001cc0:	2316      	movs	r3, #22
10001cc2:	1b5b      	subs	r3, r3, r5
10001cc4:	40de      	lsrs	r6, r3
10001cc6:	40df      	lsrs	r7, r3
10001cc8:	19bf      	adds	r7, r7, r6
10001cca:	4664      	mov	r4, ip
10001ccc:	4366      	muls	r6, r4
10001cce:	1b82      	subs	r2, r0, r6
10001cd0:	4670      	mov	r0, lr
10001cd2:	3504      	adds	r5, #4
10001cd4:	3306      	adds	r3, #6
10001cd6:	0001      	movs	r1, r0
10001cd8:	40d9      	lsrs	r1, r3
10001cda:	40a8      	lsls	r0, r5
10001cdc:	19c0      	adds	r0, r0, r7
10001cde:	d300      	bcc.n	10001ce2 <y64_x32+0xb6>
10001ce0:	3101      	adds	r1, #1
10001ce2:	42a2      	cmp	r2, r4
10001ce4:	d206      	bcs.n	10001cf4 <y64_x32+0xc8>
10001ce6:	2300      	movs	r3, #0
10001ce8:	bdf0      	pop	{r4, r5, r6, r7, pc}
10001cea:	0000      	.short	0x0000
10001cec:	d0000000 	.word	0xd0000000
10001cf0:	ffffffff 	.word	0xffffffff
10001cf4:	1b12      	subs	r2, r2, r4
10001cf6:	3001      	adds	r0, #1
10001cf8:	d3f3      	bcc.n	10001ce2 <y64_x32+0xb6>
10001cfa:	e7f1      	b.n	10001ce0 <y64_x32+0xb4>

10001cfc <last0>:
10001cfc:	2709      	movs	r7, #9
10001cfe:	1b7f      	subs	r7, r7, r5
10001d00:	40fe      	lsrs	r6, r7
10001d02:	4664      	mov	r4, ip
10001d04:	b2a2      	uxth	r2, r4
10001d06:	4372      	muls	r2, r6
10001d08:	1a80      	subs	r0, r0, r2
10001d0a:	d200      	bcs.n	10001d0e <last0+0x12>
10001d0c:	3901      	subs	r1, #1
10001d0e:	0c22      	lsrs	r2, r4, #16
10001d10:	4372      	muls	r2, r6
10001d12:	0c13      	lsrs	r3, r2, #16
10001d14:	0412      	lsls	r2, r2, #16
10001d16:	1a82      	subs	r2, r0, r2
10001d18:	4199      	sbcs	r1, r3
10001d1a:	000b      	movs	r3, r1
10001d1c:	4670      	mov	r0, lr
10001d1e:	3504      	adds	r5, #4
10001d20:	3713      	adds	r7, #19
10001d22:	0001      	movs	r1, r0
10001d24:	40f9      	lsrs	r1, r7
10001d26:	40a8      	lsls	r0, r5
10001d28:	1980      	adds	r0, r0, r6
10001d2a:	d300      	bcc.n	10001d2e <last0+0x32>
10001d2c:	3101      	adds	r1, #1
10001d2e:	2b00      	cmp	r3, #0
10001d30:	d102      	bne.n	10001d38 <last0+0x3c>
10001d32:	42a2      	cmp	r2, r4
10001d34:	d20a      	bcs.n	10001d4c <last0+0x50>
10001d36:	bdf0      	pop	{r4, r5, r6, r7, pc}
10001d38:	3001      	adds	r0, #1
10001d3a:	d300      	bcc.n	10001d3e <last0+0x42>
10001d3c:	3101      	adds	r1, #1
10001d3e:	1b12      	subs	r2, r2, r4
10001d40:	d2fa      	bcs.n	10001d38 <last0+0x3c>
10001d42:	3b01      	subs	r3, #1
10001d44:	d1f8      	bne.n	10001d38 <last0+0x3c>
10001d46:	42a2      	cmp	r2, r4
10001d48:	d200      	bcs.n	10001d4c <last0+0x50>
10001d4a:	bdf0      	pop	{r4, r5, r6, r7, pc}
10001d4c:	3001      	adds	r0, #1
10001d4e:	d300      	bcc.n	10001d52 <last0+0x56>
10001d50:	3101      	adds	r1, #1
10001d52:	1b12      	subs	r2, r2, r4
10001d54:	e7f7      	b.n	10001d46 <last0+0x4a>

10001d56 <y64_x48>:
10001d56:	b5f0      	push	{r4, r5, r6, r7, lr}
10001d58:	0c1c      	lsrs	r4, r3, #16
10001d5a:	d000      	beq.n	10001d5e <y64_x48+0x8>
10001d5c:	e080      	b.n	10001e60 <y64_x64>
10001d5e:	b40c      	push	{r2, r3}
10001d60:	2500      	movs	r5, #0
10001d62:	0a1c      	lsrs	r4, r3, #8
10001d64:	d104      	bne.n	10001d70 <y64_x48+0x1a>
10001d66:	021b      	lsls	r3, r3, #8
10001d68:	0e16      	lsrs	r6, r2, #24
10001d6a:	4333      	orrs	r3, r6
10001d6c:	0212      	lsls	r2, r2, #8
10001d6e:	3508      	adds	r5, #8
10001d70:	0b1c      	lsrs	r4, r3, #12
10001d72:	d104      	bne.n	10001d7e <y64_x48+0x28>
10001d74:	011b      	lsls	r3, r3, #4
10001d76:	0f16      	lsrs	r6, r2, #28
10001d78:	4333      	orrs	r3, r6
10001d7a:	0112      	lsls	r2, r2, #4
10001d7c:	3504      	adds	r5, #4
10001d7e:	0b9c      	lsrs	r4, r3, #14
10001d80:	d104      	bne.n	10001d8c <y64_x48+0x36>
10001d82:	009b      	lsls	r3, r3, #2
10001d84:	0f96      	lsrs	r6, r2, #30
10001d86:	4333      	orrs	r3, r6
10001d88:	0092      	lsls	r2, r2, #2
10001d8a:	3502      	adds	r5, #2
10001d8c:	0bdc      	lsrs	r4, r3, #15
10001d8e:	d102      	bne.n	10001d96 <y64_x48+0x40>
10001d90:	1892      	adds	r2, r2, r2
10001d92:	415b      	adcs	r3, r3
10001d94:	3501      	adds	r5, #1
10001d96:	001c      	movs	r4, r3
10001d98:	1897      	adds	r7, r2, r2
10001d9a:	4164      	adcs	r4, r4
10001d9c:	3401      	adds	r4, #1
10001d9e:	4f46      	ldr	r7, [pc, #280]	@ (10001eb8 <y64_x64+0x58>)
10001da0:	667c      	str	r4, [r7, #100]	@ 0x64
10001da2:	4c46      	ldr	r4, [pc, #280]	@ (10001ebc <y64_x64+0x5c>)
10001da4:	663c      	str	r4, [r7, #96]	@ 0x60
10001da6:	0c0e      	lsrs	r6, r1, #16
10001da8:	e7ff      	b.n	10001daa <y64_x48+0x54>
10001daa:	e7ff      	b.n	10001dac <y64_x48+0x56>
10001dac:	e7ff      	b.n	10001dae <y64_x48+0x58>
10001dae:	46c0      	nop			@ (mov r8, r8)
10001db0:	6f3c      	ldr	r4, [r7, #112]	@ 0x70
10001db2:	4366      	muls	r6, r4
10001db4:	0c36      	lsrs	r6, r6, #16
10001db6:	0377      	lsls	r7, r6, #13
10001db8:	46be      	mov	lr, r7
10001dba:	b297      	uxth	r7, r2
10001dbc:	4377      	muls	r7, r6
10001dbe:	1bc0      	subs	r0, r0, r7
10001dc0:	d200      	bcs.n	10001dc4 <y64_x48+0x6e>
10001dc2:	3901      	subs	r1, #1
10001dc4:	1bc0      	subs	r0, r0, r7
10001dc6:	d200      	bcs.n	10001dca <y64_x48+0x74>
10001dc8:	3901      	subs	r1, #1
10001dca:	b29f      	uxth	r7, r3
10001dcc:	4377      	muls	r7, r6
10001dce:	1bc9      	subs	r1, r1, r7
10001dd0:	1bc9      	subs	r1, r1, r7
10001dd2:	0c17      	lsrs	r7, r2, #16
10001dd4:	4377      	muls	r7, r6
10001dd6:	047e      	lsls	r6, r7, #17
10001dd8:	0bff      	lsrs	r7, r7, #15
10001dda:	1b80      	subs	r0, r0, r6
10001ddc:	41b9      	sbcs	r1, r7
10001dde:	08ce      	lsrs	r6, r1, #3
10001de0:	4366      	muls	r6, r4
10001de2:	0c36      	lsrs	r6, r6, #16
10001de4:	2d0c      	cmp	r5, #12
10001de6:	db33      	blt.n	10001e50 <last1>
10001de8:	44b6      	add	lr, r6
10001dea:	0b12      	lsrs	r2, r2, #12
10001dec:	051f      	lsls	r7, r3, #20
10001dee:	433a      	orrs	r2, r7
10001df0:	0b1b      	lsrs	r3, r3, #12
10001df2:	b297      	uxth	r7, r2
10001df4:	4377      	muls	r7, r6
10001df6:	1bc0      	subs	r0, r0, r7
10001df8:	d200      	bcs.n	10001dfc <y64_x48+0xa6>
10001dfa:	3901      	subs	r1, #1
10001dfc:	b29f      	uxth	r7, r3
10001dfe:	4377      	muls	r7, r6
10001e00:	1bc9      	subs	r1, r1, r7
10001e02:	0c17      	lsrs	r7, r2, #16
10001e04:	4377      	muls	r7, r6
10001e06:	043e      	lsls	r6, r7, #16
10001e08:	0c3f      	lsrs	r7, r7, #16
10001e0a:	1b80      	subs	r0, r0, r6
10001e0c:	41b9      	sbcs	r1, r7
10001e0e:	0d86      	lsrs	r6, r0, #22
10001e10:	028f      	lsls	r7, r1, #10
10001e12:	433e      	orrs	r6, r7
10001e14:	4366      	muls	r6, r4
10001e16:	2729      	movs	r7, #41	@ 0x29
10001e18:	1b7f      	subs	r7, r7, r5
10001e1a:	40fe      	lsrs	r6, r7
10001e1c:	3d0c      	subs	r5, #12
10001e1e:	4677      	mov	r7, lr
10001e20:	40af      	lsls	r7, r5
10001e22:	19bf      	adds	r7, r7, r6
10001e24:	bc30      	pop	{r4, r5}
10001e26:	b2a2      	uxth	r2, r4
10001e28:	b2ab      	uxth	r3, r5
10001e2a:	4372      	muls	r2, r6
10001e2c:	4373      	muls	r3, r6
10001e2e:	1a80      	subs	r0, r0, r2
10001e30:	4199      	sbcs	r1, r3
10001e32:	0c22      	lsrs	r2, r4, #16
10001e34:	4372      	muls	r2, r6
10001e36:	0c13      	lsrs	r3, r2, #16
10001e38:	0412      	lsls	r2, r2, #16
10001e3a:	1a80      	subs	r0, r0, r2
10001e3c:	4199      	sbcs	r1, r3
10001e3e:	0002      	movs	r2, r0
10001e40:	000b      	movs	r3, r1
10001e42:	3701      	adds	r7, #1
10001e44:	1b00      	subs	r0, r0, r4
10001e46:	41a9      	sbcs	r1, r5
10001e48:	d2f9      	bcs.n	10001e3e <y64_x48+0xe8>
10001e4a:	1e78      	subs	r0, r7, #1
10001e4c:	2100      	movs	r1, #0
10001e4e:	bdf0      	pop	{r4, r5, r6, r7, pc}

10001e50 <last1>:
10001e50:	270c      	movs	r7, #12
10001e52:	1b7f      	subs	r7, r7, r5
10001e54:	40fe      	lsrs	r6, r7
10001e56:	4677      	mov	r7, lr
10001e58:	0b7f      	lsrs	r7, r7, #13
10001e5a:	40af      	lsls	r7, r5
10001e5c:	19ff      	adds	r7, r7, r7
10001e5e:	e7e0      	b.n	10001e22 <y64_x48+0xcc>

10001e60 <y64_x64>:
10001e60:	2400      	movs	r4, #0
10001e62:	1c5d      	adds	r5, r3, #1
10001e64:	d007      	beq.n	10001e76 <y64_x64+0x16>
10001e66:	4f14      	ldr	r7, [pc, #80]	@ (10001eb8 <y64_x64+0x58>)
10001e68:	667d      	str	r5, [r7, #100]	@ 0x64
10001e6a:	6639      	str	r1, [r7, #96]	@ 0x60
10001e6c:	e7ff      	b.n	10001e6e <y64_x64+0xe>
10001e6e:	e7ff      	b.n	10001e70 <y64_x64+0x10>
10001e70:	e7ff      	b.n	10001e72 <y64_x64+0x12>
10001e72:	e7ff      	b.n	10001e74 <y64_x64+0x14>
10001e74:	6f3c      	ldr	r4, [r7, #112]	@ 0x70
10001e76:	b295      	uxth	r5, r2
10001e78:	b29e      	uxth	r6, r3
10001e7a:	4365      	muls	r5, r4
10001e7c:	4366      	muls	r6, r4
10001e7e:	1b40      	subs	r0, r0, r5
10001e80:	41b1      	sbcs	r1, r6
10001e82:	0c15      	lsrs	r5, r2, #16
10001e84:	0c1e      	lsrs	r6, r3, #16
10001e86:	4365      	muls	r5, r4
10001e88:	4366      	muls	r6, r4
10001e8a:	0436      	lsls	r6, r6, #16
10001e8c:	0c2f      	lsrs	r7, r5, #16
10001e8e:	433e      	orrs	r6, r7
10001e90:	042d      	lsls	r5, r5, #16
10001e92:	1b40      	subs	r0, r0, r5
10001e94:	41b1      	sbcs	r1, r6
10001e96:	4299      	cmp	r1, r3
10001e98:	d204      	bcs.n	10001ea4 <y64_x64+0x44>
10001e9a:	0002      	movs	r2, r0
10001e9c:	000b      	movs	r3, r1
10001e9e:	0020      	movs	r0, r4
10001ea0:	2100      	movs	r1, #0
10001ea2:	bdf0      	pop	{r4, r5, r6, r7, pc}
10001ea4:	d101      	bne.n	10001eaa <y64_x64+0x4a>
10001ea6:	4290      	cmp	r0, r2
10001ea8:	d3f7      	bcc.n	10001e9a <y64_x64+0x3a>
10001eaa:	1a80      	subs	r0, r0, r2
10001eac:	4199      	sbcs	r1, r3
10001eae:	3401      	adds	r4, #1
10001eb0:	4299      	cmp	r1, r3
10001eb2:	d3f2      	bcc.n	10001e9a <y64_x64+0x3a>
10001eb4:	e7f6      	b.n	10001ea4 <y64_x64+0x44>
10001eb6:	0000      	.short	0x0000
10001eb8:	d0000000 	.word	0xd0000000
10001ebc:	ffffffff 	.word	0xffffffff

10001ec0 <__wrap___aeabi_drsub>:
10001ec0:	4048      	eors	r0, r1
10001ec2:	4041      	eors	r1, r0
10001ec4:	4048      	eors	r0, r1

10001ec6 <__wrap___aeabi_dsub>:
10001ec6:	b418      	push	{r3, r4}
10001ec8:	4b1b      	ldr	r3, [pc, #108]	@ (10001f38 <__wrap___aeabi_dmul+0x12>)
10001eca:	685b      	ldr	r3, [r3, #4]
10001ecc:	46fc      	mov	ip, pc
10001ece:	9301      	str	r3, [sp, #4]
10001ed0:	bd08      	pop	{r3, pc}
10001ed2:	df04      	.short	0xdf04
10001ed4:	1000215b 	.word	0x1000215b

10001ed8 <__wrap___aeabi_dadd>:
10001ed8:	b418      	push	{r3, r4}
10001eda:	4b17      	ldr	r3, [pc, #92]	@ (10001f38 <__wrap___aeabi_dmul+0x12>)
10001edc:	681b      	ldr	r3, [r3, #0]
10001ede:	46fc      	mov	ip, pc
10001ee0:	9301      	str	r3, [sp, #4]
10001ee2:	bd08      	pop	{r3, pc}
10001ee4:	2165df00 	.word	0x2165df00
10001ee8:	1000      	.short	0x1000

10001eea <__wrap___aeabi_ddiv>:
10001eea:	4694      	mov	ip, r2
10001eec:	4a13      	ldr	r2, [pc, #76]	@ (10001f3c <__wrap___aeabi_dmul+0x16>)
10001eee:	6f92      	ldr	r2, [r2, #120]	@ 0x78
10001ef0:	0892      	lsrs	r2, r2, #2
10001ef2:	d209      	bcs.n	10001f08 <ddiv_save_state>
10001ef4:	4662      	mov	r2, ip

10001ef6 <ddiv_shim_call>:
10001ef6:	b418      	push	{r3, r4}
10001ef8:	4b0f      	ldr	r3, [pc, #60]	@ (10001f38 <__wrap___aeabi_dmul+0x12>)
10001efa:	68db      	ldr	r3, [r3, #12]
10001efc:	46fc      	mov	ip, pc
10001efe:	9301      	str	r3, [sp, #4]
10001f00:	bd08      	pop	{r3, pc}
10001f02:	df0c      	.short	0xdf0c
10001f04:	1000241d 	.word	0x1000241d

10001f08 <ddiv_save_state>:
10001f08:	4a0c      	ldr	r2, [pc, #48]	@ (10001f3c <__wrap___aeabi_dmul+0x16>)
10001f0a:	b5f0      	push	{r4, r5, r6, r7, lr}
10001f0c:	6e14      	ldr	r4, [r2, #96]	@ 0x60
10001f0e:	6e55      	ldr	r5, [r2, #100]	@ 0x64
10001f10:	6f57      	ldr	r7, [r2, #116]	@ 0x74
10001f12:	6f16      	ldr	r6, [r2, #112]	@ 0x70
10001f14:	4662      	mov	r2, ip
10001f16:	f7ff ffee 	bl	10001ef6 <ddiv_shim_call>
10001f1a:	4a08      	ldr	r2, [pc, #32]	@ (10001f3c <__wrap___aeabi_dmul+0x16>)
10001f1c:	6614      	str	r4, [r2, #96]	@ 0x60
10001f1e:	6655      	str	r5, [r2, #100]	@ 0x64
10001f20:	6757      	str	r7, [r2, #116]	@ 0x74
10001f22:	6716      	str	r6, [r2, #112]	@ 0x70
10001f24:	bdf0      	pop	{r4, r5, r6, r7, pc}

10001f26 <__wrap___aeabi_dmul>:
10001f26:	b418      	push	{r3, r4}
10001f28:	4b03      	ldr	r3, [pc, #12]	@ (10001f38 <__wrap___aeabi_dmul+0x12>)
10001f2a:	689b      	ldr	r3, [r3, #8]
10001f2c:	46fc      	mov	ip, pc
10001f2e:	9301      	str	r3, [sp, #4]
10001f30:	bd08      	pop	{r3, pc}
10001f32:	df08      	.short	0xdf08
10001f34:	100022c1 	.word	0x100022c1
10001f38:	200011c8 	.word	0x200011c8
10001f3c:	d0000000 	.word	0xd0000000

10001f40 <__wrap___aeabi_cdrcmple>:
10001f40:	b5ff      	push	{r0, r1, r2, r3, r4, r5, r6, r7, lr}
10001f42:	4050      	eors	r0, r2
10001f44:	4042      	eors	r2, r0
10001f46:	4050      	eors	r0, r2
10001f48:	4059      	eors	r1, r3
10001f4a:	404b      	eors	r3, r1
10001f4c:	4059      	eors	r1, r3
10001f4e:	e000      	b.n	10001f52 <__aeabi_dfcmple_guts>

10001f50 <__wrap___aeabi_cdcmpeq>:
10001f50:	b5ff      	push	{r0, r1, r2, r3, r4, r5, r6, r7, lr}

10001f52 <__aeabi_dfcmple_guts>:
10001f52:	4f15      	ldr	r7, [pc, #84]	@ (10001fa8 <__aeabi_dfcmple_guts+0x56>)
10001f54:	004c      	lsls	r4, r1, #1
10001f56:	0d64      	lsrs	r4, r4, #21
10001f58:	d003      	beq.n	10001f62 <__aeabi_dfcmple_guts+0x10>
10001f5a:	42bc      	cmp	r4, r7
10001f5c:	d104      	bne.n	10001f68 <__aeabi_dfcmple_guts+0x16>
10001f5e:	030c      	lsls	r4, r1, #12
10001f60:	d814      	bhi.n	10001f8c <__aeabi_dfcmple_guts+0x3a>
10001f62:	2000      	movs	r0, #0
10001f64:	0d09      	lsrs	r1, r1, #20
10001f66:	0509      	lsls	r1, r1, #20
10001f68:	005c      	lsls	r4, r3, #1
10001f6a:	0d64      	lsrs	r4, r4, #21
10001f6c:	d003      	beq.n	10001f76 <__aeabi_dfcmple_guts+0x24>
10001f6e:	42bc      	cmp	r4, r7
10001f70:	d104      	bne.n	10001f7c <__aeabi_dfcmple_guts+0x2a>
10001f72:	031c      	lsls	r4, r3, #12
10001f74:	d80a      	bhi.n	10001f8c <__aeabi_dfcmple_guts+0x3a>
10001f76:	2200      	movs	r2, #0
10001f78:	0d1b      	lsrs	r3, r3, #20
10001f7a:	051b      	lsls	r3, r3, #20
10001f7c:	2601      	movs	r6, #1
10001f7e:	404b      	eors	r3, r1
10001f80:	d409      	bmi.n	10001f96 <__aeabi_dfcmple_guts+0x44>
10001f82:	404b      	eors	r3, r1
10001f84:	d503      	bpl.n	10001f8e <__aeabi_dfcmple_guts+0x3c>
10001f86:	428b      	cmp	r3, r1
10001f88:	d100      	bne.n	10001f8c <__aeabi_dfcmple_guts+0x3a>
10001f8a:	4282      	cmp	r2, r0
10001f8c:	bdff      	pop	{r0, r1, r2, r3, r4, r5, r6, r7, pc}
10001f8e:	4299      	cmp	r1, r3
10001f90:	d1fc      	bne.n	10001f8c <__aeabi_dfcmple_guts+0x3a>
10001f92:	4290      	cmp	r0, r2
10001f94:	bdff      	pop	{r0, r1, r2, r3, r4, r5, r6, r7, pc}
10001f96:	430b      	orrs	r3, r1
10001f98:	18db      	adds	r3, r3, r3
10001f9a:	4303      	orrs	r3, r0
10001f9c:	4313      	orrs	r3, r2
10001f9e:	d0f5      	beq.n	10001f8c <__aeabi_dfcmple_guts+0x3a>
10001fa0:	43c9      	mvns	r1, r1
10001fa2:	1849      	adds	r1, r1, r1
10001fa4:	bdff      	pop	{r0, r1, r2, r3, r4, r5, r6, r7, pc}
10001fa6:	0000      	.short	0x0000
10001fa8:	000007ff 	.word	0x000007ff

10001fac <__wrap___aeabi_dcmplt>:
10001fac:	b500      	push	{lr}
10001fae:	f7ff ffcf 	bl	10001f50 <__wrap___aeabi_cdcmpeq>
10001fb2:	4180      	sbcs	r0, r0
10001fb4:	bd00      	pop	{pc}
10001fb6:	46c0      	nop			@ (mov r8, r8)

10001fb8 <__wrap___aeabi_dcmpge>:
10001fb8:	b500      	push	{lr}
10001fba:	f7ff ffc1 	bl	10001f40 <__wrap___aeabi_cdrcmple>
10001fbe:	d901      	bls.n	10001fc4 <__wrap___aeabi_dcmpge+0xc>
10001fc0:	2000      	movs	r0, #0
10001fc2:	bd00      	pop	{pc}
10001fc4:	2001      	movs	r0, #1
10001fc6:	bd00      	pop	{pc}

10001fc8 <__wrap___aeabi_dcmpgt>:
10001fc8:	b500      	push	{lr}
10001fca:	f7ff ffb9 	bl	10001f40 <__wrap___aeabi_cdrcmple>
10001fce:	4180      	sbcs	r0, r0
10001fd0:	bd00      	pop	{pc}

10001fd2 <__wrap___aeabi_dcmpun>:
10001fd2:	2001      	movs	r0, #1
10001fd4:	0540      	lsls	r0, r0, #21
10001fd6:	004a      	lsls	r2, r1, #1
10001fd8:	1812      	adds	r2, r2, r0
10001fda:	d804      	bhi.n	10001fe6 <__wrap___aeabi_dcmpun+0x14>
10001fdc:	005a      	lsls	r2, r3, #1
10001fde:	1812      	adds	r2, r2, r0
10001fe0:	d801      	bhi.n	10001fe6 <__wrap___aeabi_dcmpun+0x14>
10001fe2:	2000      	movs	r0, #0
10001fe4:	4770      	bx	lr
10001fe6:	2001      	movs	r0, #1
10001fe8:	4770      	bx	lr
	...

10001fec <__wrap___aeabi_ui2d>:
10001fec:	2100      	movs	r1, #0
10001fee:	2800      	cmp	r0, #0
10001ff0:	d105      	bne.n	10001ffe <__wrap___aeabi_i2d+0xa>
10001ff2:	4770      	bx	lr

10001ff4 <__wrap___aeabi_i2d>:
10001ff4:	17c1      	asrs	r1, r0, #31
10001ff6:	4048      	eors	r0, r1
10001ff8:	1a40      	subs	r0, r0, r1
10001ffa:	d0fa      	beq.n	10001ff2 <__wrap___aeabi_ui2d+0x6>
10001ffc:	07c9      	lsls	r1, r1, #31
10001ffe:	b513      	push	{r0, r1, r4, lr}
10002000:	4b06      	ldr	r3, [pc, #24]	@ (1000201c <__wrap___aeabi_i2d+0x28>)
10002002:	681b      	ldr	r3, [r3, #0]
10002004:	4798      	blx	r3
10002006:	bc0c      	pop	{r2, r3}
10002008:	1c44      	adds	r4, r0, #1
1000200a:	40a2      	lsls	r2, r4
1000200c:	0510      	lsls	r0, r2, #20
1000200e:	0b12      	lsrs	r2, r2, #12
10002010:	4903      	ldr	r1, [pc, #12]	@ (10002020 <__wrap___aeabi_i2d+0x2c>)
10002012:	1b09      	subs	r1, r1, r4
10002014:	0509      	lsls	r1, r1, #20
10002016:	4319      	orrs	r1, r3
10002018:	4311      	orrs	r1, r2
1000201a:	bd10      	pop	{r4, pc}
1000201c:	20001c38 	.word	0x20001c38
10002020:	0000041f 	.word	0x0000041f

10002024 <__wrap___aeabi_d2iz>:
10002024:	b510      	push	{r4, lr}
10002026:	004c      	lsls	r4, r1, #1
10002028:	0d62      	lsrs	r2, r4, #21
1000202a:	2380      	movs	r3, #128	@ 0x80
1000202c:	18d2      	adds	r2, r2, r3
1000202e:	00db      	lsls	r3, r3, #3
10002030:	1ad2      	subs	r2, r2, r3
10002032:	055b      	lsls	r3, r3, #21
10002034:	2a7e      	cmp	r2, #126	@ 0x7e
10002036:	dd10      	ble.n	1000205a <__wrap___aeabi_d2iz+0x36>
10002038:	3a9e      	subs	r2, #158	@ 0x9e
1000203a:	da13      	bge.n	10002064 <__wrap___aeabi_d2iz+0x40>
1000203c:	17cc      	asrs	r4, r1, #31
1000203e:	0309      	lsls	r1, r1, #12
10002040:	0849      	lsrs	r1, r1, #1
10002042:	4319      	orrs	r1, r3
10002044:	4252      	negs	r2, r2
10002046:	40d1      	lsrs	r1, r2
10002048:	0064      	lsls	r4, r4, #1
1000204a:	3401      	adds	r4, #1
1000204c:	3215      	adds	r2, #21
1000204e:	2a20      	cmp	r2, #32
10002050:	da05      	bge.n	1000205e <__wrap___aeabi_d2iz+0x3a>
10002052:	40d0      	lsrs	r0, r2
10002054:	4308      	orrs	r0, r1
10002056:	4360      	muls	r0, r4
10002058:	bd10      	pop	{r4, pc}
1000205a:	2000      	movs	r0, #0
1000205c:	bd10      	pop	{r4, pc}
1000205e:	4608      	mov	r0, r1
10002060:	4360      	muls	r0, r4
10002062:	bd10      	pop	{r4, pc}
10002064:	0fc8      	lsrs	r0, r1, #31
10002066:	18c0      	adds	r0, r0, r3
10002068:	3801      	subs	r0, #1
1000206a:	bd10      	pop	{r4, pc}

1000206c <__wrap___aeabi_d2uiz>:
1000206c:	b418      	push	{r3, r4}
1000206e:	4b04      	ldr	r3, [pc, #16]	@ (10002080 <__wrap___aeabi_d2uiz+0x14>)
10002070:	6a5b      	ldr	r3, [r3, #36]	@ 0x24
10002072:	46fc      	mov	ip, pc
10002074:	9301      	str	r3, [sp, #4]
10002076:	bd08      	pop	{r3, pc}
10002078:	25cddf24 	.word	0x25cddf24
1000207c:	00001000 	.word	0x00001000
10002080:	200011c8 	.word	0x200011c8

10002084 <__aeabi_double_init>:
10002084:	2313      	movs	r3, #19
10002086:	b570      	push	{r4, r5, r6, lr}
10002088:	781d      	ldrb	r5, [r3, #0]
1000208a:	2d01      	cmp	r5, #1
1000208c:	d019      	beq.n	100020c2 <__aeabi_double_init+0x3e>
1000208e:	dd14      	ble.n	100020ba <__aeabi_double_init+0x36>
10002090:	481f      	ldr	r0, [pc, #124]	@ (10002110 <__aeabi_double_init+0x8c>)
10002092:	f7ff fb37 	bl	10001704 <rom_data_lookup>
10002096:	0006      	movs	r6, r0
10002098:	481e      	ldr	r0, [pc, #120]	@ (10002114 <__aeabi_double_init+0x90>)
1000209a:	f7ff fb33 	bl	10001704 <rom_data_lookup>
1000209e:	4c1e      	ldr	r4, [pc, #120]	@ (10002118 <__aeabi_double_init+0x94>)
100020a0:	2280      	movs	r2, #128	@ 0x80
100020a2:	0031      	movs	r1, r6
100020a4:	0020      	movs	r0, r4
100020a6:	f000 fbd5 	bl	10002854 <__wrap___aeabi_memcpy>
100020aa:	2d02      	cmp	r5, #2
100020ac:	d02d      	beq.n	1000210a <__aeabi_double_init+0x86>
100020ae:	481b      	ldr	r0, [pc, #108]	@ (1000211c <__aeabi_double_init+0x98>)
100020b0:	f7ff fb20 	bl	100016f4 <rom_func_lookup>
100020b4:	4b1a      	ldr	r3, [pc, #104]	@ (10002120 <__aeabi_double_init+0x9c>)
100020b6:	6018      	str	r0, [r3, #0]
100020b8:	bd70      	pop	{r4, r5, r6, pc}
100020ba:	4b1a      	ldr	r3, [pc, #104]	@ (10002124 <__aeabi_double_init+0xa0>)
100020bc:	4c16      	ldr	r4, [pc, #88]	@ (10002118 <__aeabi_double_init+0x94>)
100020be:	64a3      	str	r3, [r4, #72]	@ 0x48
100020c0:	e7f5      	b.n	100020ae <__aeabi_double_init+0x2a>
100020c2:	4b18      	ldr	r3, [pc, #96]	@ (10002124 <__aeabi_double_init+0xa0>)
100020c4:	4c14      	ldr	r4, [pc, #80]	@ (10002118 <__aeabi_double_init+0x94>)
100020c6:	6023      	str	r3, [r4, #0]
100020c8:	6063      	str	r3, [r4, #4]
100020ca:	60a3      	str	r3, [r4, #8]
100020cc:	60e3      	str	r3, [r4, #12]
100020ce:	6123      	str	r3, [r4, #16]
100020d0:	6163      	str	r3, [r4, #20]
100020d2:	61a3      	str	r3, [r4, #24]
100020d4:	61e3      	str	r3, [r4, #28]
100020d6:	6223      	str	r3, [r4, #32]
100020d8:	6263      	str	r3, [r4, #36]	@ 0x24
100020da:	62a3      	str	r3, [r4, #40]	@ 0x28
100020dc:	62e3      	str	r3, [r4, #44]	@ 0x2c
100020de:	6323      	str	r3, [r4, #48]	@ 0x30
100020e0:	6363      	str	r3, [r4, #52]	@ 0x34
100020e2:	63a3      	str	r3, [r4, #56]	@ 0x38
100020e4:	63e3      	str	r3, [r4, #60]	@ 0x3c
100020e6:	6423      	str	r3, [r4, #64]	@ 0x40
100020e8:	6463      	str	r3, [r4, #68]	@ 0x44
100020ea:	64a3      	str	r3, [r4, #72]	@ 0x48
100020ec:	64e3      	str	r3, [r4, #76]	@ 0x4c
100020ee:	6523      	str	r3, [r4, #80]	@ 0x50
100020f0:	6563      	str	r3, [r4, #84]	@ 0x54
100020f2:	65a3      	str	r3, [r4, #88]	@ 0x58
100020f4:	65e3      	str	r3, [r4, #92]	@ 0x5c
100020f6:	6623      	str	r3, [r4, #96]	@ 0x60
100020f8:	6663      	str	r3, [r4, #100]	@ 0x64
100020fa:	66a3      	str	r3, [r4, #104]	@ 0x68
100020fc:	66e3      	str	r3, [r4, #108]	@ 0x6c
100020fe:	6723      	str	r3, [r4, #112]	@ 0x70
10002100:	6763      	str	r3, [r4, #116]	@ 0x74
10002102:	67a3      	str	r3, [r4, #120]	@ 0x78
10002104:	67e3      	str	r3, [r4, #124]	@ 0x7c
10002106:	64a3      	str	r3, [r4, #72]	@ 0x48
10002108:	e7d1      	b.n	100020ae <__aeabi_double_init+0x2a>
1000210a:	4b06      	ldr	r3, [pc, #24]	@ (10002124 <__aeabi_double_init+0xa0>)
1000210c:	64a3      	str	r3, [r4, #72]	@ 0x48
1000210e:	e7ce      	b.n	100020ae <__aeabi_double_init+0x2a>
10002110:	00004453 	.word	0x00004453
10002114:	00004653 	.word	0x00004653
10002118:	200011c8 	.word	0x200011c8
1000211c:	0000334c 	.word	0x0000334c
10002120:	20001c38 	.word	0x20001c38
10002124:	10002129 	.word	0x10002129

10002128 <double_table_shim_on_use_helper>:
10002128:	b507      	push	{r0, r1, r2, lr}
1000212a:	4660      	mov	r0, ip
1000212c:	8801      	ldrh	r1, [r0, #0]
1000212e:	0a0a      	lsrs	r2, r1, #8
10002130:	3002      	adds	r0, #2
10002132:	2adf      	cmp	r2, #223	@ 0xdf
10002134:	d1fa      	bne.n	1000212c <double_table_shim_on_use_helper+0x4>
10002136:	b2c9      	uxtb	r1, r1
10002138:	0882      	lsrs	r2, r0, #2
1000213a:	d304      	bcc.n	10002146 <double_table_shim_on_use_helper+0x1e>
1000213c:	8802      	ldrh	r2, [r0, #0]
1000213e:	8840      	ldrh	r0, [r0, #2]
10002140:	0400      	lsls	r0, r0, #16
10002142:	4310      	orrs	r0, r2
10002144:	e000      	b.n	10002148 <double_table_shim_on_use_helper+0x20>
10002146:	6800      	ldr	r0, [r0, #0]
10002148:	4a01      	ldr	r2, [pc, #4]	@ (10002150 <double_table_shim_on_use_helper+0x28>)
1000214a:	5050      	str	r0, [r2, r1]
1000214c:	9003      	str	r0, [sp, #12]
1000214e:	bd07      	pop	{r0, r1, r2, pc}
10002150:	200011c8 	.word	0x200011c8

10002154 <drsub_shim>:
10002154:	b40f      	push	{r0, r1, r2, r3}
10002156:	bc03      	pop	{r0, r1}
10002158:	bc0c      	pop	{r2, r3}

1000215a <dsub_shim>:
1000215a:	b5f0      	push	{r4, r5, r6, r7, lr}
1000215c:	2401      	movs	r4, #1
1000215e:	07e4      	lsls	r4, r4, #31
10002160:	4063      	eors	r3, r4
10002162:	e000      	b.n	10002166 <da_entry>

10002164 <dadd_shim>:
10002164:	b5f0      	push	{r4, r5, r6, r7, lr}

10002166 <da_entry>:
10002166:	0d0c      	lsrs	r4, r1, #20
10002168:	0fcf      	lsrs	r7, r1, #31
1000216a:	1e66      	subs	r6, r4, #1
1000216c:	0536      	lsls	r6, r6, #20
1000216e:	1b89      	subs	r1, r1, r6
10002170:	0564      	lsls	r4, r4, #21
10002172:	d303      	bcc.n	1000217c <l8_1>
10002174:	43c9      	mvns	r1, r1
10002176:	4240      	negs	r0, r0
10002178:	d300      	bcc.n	1000217c <l8_1>
1000217a:	3101      	adds	r1, #1

1000217c <l8_1>:
1000217c:	0d64      	lsrs	r4, r4, #21
1000217e:	d003      	beq.n	10002188 <l8_2>
10002180:	1c66      	adds	r6, r4, #1
10002182:	0af6      	lsrs	r6, r6, #11
10002184:	d007      	beq.n	10002196 <l8_3>
10002186:	1be4      	subs	r4, r4, r7

10002188 <l8_2>:
10002188:	2000      	movs	r0, #0
1000218a:	007f      	lsls	r7, r7, #1
1000218c:	1c79      	adds	r1, r7, #1
1000218e:	0789      	lsls	r1, r1, #30
10002190:	1289      	asrs	r1, r1, #10
10002192:	3c80      	subs	r4, #128	@ 0x80
10002194:	0324      	lsls	r4, r4, #12

10002196 <l8_3>:
10002196:	0d1d      	lsrs	r5, r3, #20
10002198:	0fdf      	lsrs	r7, r3, #31
1000219a:	1e6e      	subs	r6, r5, #1
1000219c:	0536      	lsls	r6, r6, #20
1000219e:	1b9b      	subs	r3, r3, r6
100021a0:	056d      	lsls	r5, r5, #21
100021a2:	d303      	bcc.n	100021ac <l9_1>
100021a4:	43db      	mvns	r3, r3
100021a6:	4252      	negs	r2, r2
100021a8:	d300      	bcc.n	100021ac <l9_1>
100021aa:	3301      	adds	r3, #1

100021ac <l9_1>:
100021ac:	0d6d      	lsrs	r5, r5, #21
100021ae:	d003      	beq.n	100021b8 <l9_2>
100021b0:	1c6e      	adds	r6, r5, #1
100021b2:	0af6      	lsrs	r6, r6, #11
100021b4:	d007      	beq.n	100021c6 <l9_3>
100021b6:	1bed      	subs	r5, r5, r7

100021b8 <l9_2>:
100021b8:	2200      	movs	r2, #0
100021ba:	007f      	lsls	r7, r7, #1
100021bc:	1c7b      	adds	r3, r7, #1
100021be:	079b      	lsls	r3, r3, #30
100021c0:	129b      	asrs	r3, r3, #10
100021c2:	3d80      	subs	r5, #128	@ 0x80
100021c4:	032d      	lsls	r5, r5, #12

100021c6 <l9_3>:
100021c6:	1b2f      	subs	r7, r5, r4
100021c8:	1b66      	subs	r6, r4, r5
100021ca:	d458      	bmi.n	1000227e <da_ygtx>
100021cc:	46a4      	mov	ip, r4
100021ce:	2e20      	cmp	r6, #32
100021d0:	da46      	bge.n	10002260 <da_xrgty>
100021d2:	3720      	adds	r7, #32
100021d4:	0014      	movs	r4, r2
100021d6:	40bc      	lsls	r4, r7

100021d8 <da_xgty0>:
100021d8:	001d      	movs	r5, r3
100021da:	40bd      	lsls	r5, r7
100021dc:	40f2      	lsrs	r2, r6
100021de:	4133      	asrs	r3, r6
100021e0:	432a      	orrs	r2, r5

100021e2 <da_add>:
100021e2:	1880      	adds	r0, r0, r2
100021e4:	4159      	adcs	r1, r3

100021e6 <da_pack>:
100021e6:	0fcb      	lsrs	r3, r1, #31
100021e8:	d005      	beq.n	100021f6 <da_pack+0x10>
100021ea:	43c9      	mvns	r1, r1
100021ec:	43c0      	mvns	r0, r0
100021ee:	2200      	movs	r2, #0
100021f0:	4264      	negs	r4, r4
100021f2:	4150      	adcs	r0, r2
100021f4:	4151      	adcs	r1, r2
100021f6:	4662      	mov	r2, ip
100021f8:	0d4d      	lsrs	r5, r1, #21
100021fa:	d128      	bne.n	1000224e <da_0>
100021fc:	0d0d      	lsrs	r5, r1, #20
100021fe:	d107      	bne.n	10002210 <da_1>
10002200:	2800      	cmp	r0, #0
10002202:	d01f      	beq.n	10002244 <da_5>

10002204 <da_2>:
10002204:	1924      	adds	r4, r4, r4
10002206:	4140      	adcs	r0, r0
10002208:	4149      	adcs	r1, r1
1000220a:	3a01      	subs	r2, #1
1000220c:	0d0d      	lsrs	r5, r1, #20
1000220e:	d0f9      	beq.n	10002204 <da_2>

10002210 <da_1>:
10002210:	0064      	lsls	r4, r4, #1
10002212:	d306      	bcc.n	10002222 <da_3>

10002214 <da_4>:
10002214:	3001      	adds	r0, #1
10002216:	d300      	bcc.n	1000221a <da_4+0x6>
10002218:	3101      	adds	r1, #1
1000221a:	2c00      	cmp	r4, #0
1000221c:	d101      	bne.n	10002222 <da_3>
1000221e:	0840      	lsrs	r0, r0, #1
10002220:	0040      	lsls	r0, r0, #1

10002222 <da_3>:
10002222:	3a01      	subs	r2, #1
10002224:	d40b      	bmi.n	1000223e <da_6>
10002226:	1c94      	adds	r4, r2, #2
10002228:	0ae4      	lsrs	r4, r4, #11
1000222a:	d104      	bne.n	10002236 <da_7>
1000222c:	0512      	lsls	r2, r2, #20
1000222e:	4411      	add	r1, r2
10002230:	07db      	lsls	r3, r3, #31
10002232:	4419      	add	r1, r3
10002234:	bdf0      	pop	{r4, r5, r6, r7, pc}

10002236 <da_7>:
10002236:	07d9      	lsls	r1, r3, #31
10002238:	4b20      	ldr	r3, [pc, #128]	@ (100022bc <da_xmgty+0x4>)
1000223a:	4319      	orrs	r1, r3
1000223c:	e000      	b.n	10002240 <da_6+0x2>

1000223e <da_6>:
1000223e:	07d9      	lsls	r1, r3, #31
10002240:	2000      	movs	r0, #0
10002242:	bdf0      	pop	{r4, r5, r6, r7, pc}

10002244 <da_5>:
10002244:	2900      	cmp	r1, #0
10002246:	d1dd      	bne.n	10002204 <da_2>
10002248:	2c00      	cmp	r4, #0
1000224a:	d1db      	bne.n	10002204 <da_2>
1000224c:	bdf0      	pop	{r4, r5, r6, r7, pc}

1000224e <da_0>:
1000224e:	3201      	adds	r2, #1
10002250:	07c6      	lsls	r6, r0, #31
10002252:	0840      	lsrs	r0, r0, #1
10002254:	07cd      	lsls	r5, r1, #31
10002256:	4328      	orrs	r0, r5
10002258:	0849      	lsrs	r1, r1, #1
1000225a:	2e00      	cmp	r6, #0
1000225c:	d0e1      	beq.n	10002222 <da_3>
1000225e:	e7d9      	b.n	10002214 <da_4>

10002260 <da_xrgty>:
10002260:	2e3c      	cmp	r6, #60	@ 0x3c
10002262:	da29      	bge.n	100022b8 <da_xmgty>
10002264:	3e20      	subs	r6, #32
10002266:	3740      	adds	r7, #64	@ 0x40
10002268:	0014      	movs	r4, r2
1000226a:	40bc      	lsls	r4, r7
1000226c:	d000      	beq.n	10002270 <da_xrgty+0x10>
1000226e:	2401      	movs	r4, #1
10002270:	40f2      	lsrs	r2, r6
10002272:	4314      	orrs	r4, r2
10002274:	001a      	movs	r2, r3
10002276:	40bb      	lsls	r3, r7
10002278:	431c      	orrs	r4, r3
1000227a:	17d3      	asrs	r3, r2, #31
1000227c:	e7ac      	b.n	100021d8 <da_xgty0>

1000227e <da_ygtx>:
1000227e:	46ac      	mov	ip, r5
10002280:	2f20      	cmp	r7, #32
10002282:	da08      	bge.n	10002296 <da_yrgtx>
10002284:	3620      	adds	r6, #32
10002286:	0004      	movs	r4, r0
10002288:	40b4      	lsls	r4, r6

1000228a <da_ygtx0>:
1000228a:	000d      	movs	r5, r1
1000228c:	40b5      	lsls	r5, r6
1000228e:	40f8      	lsrs	r0, r7
10002290:	4139      	asrs	r1, r7
10002292:	4328      	orrs	r0, r5
10002294:	e7a5      	b.n	100021e2 <da_add>

10002296 <da_yrgtx>:
10002296:	2f3c      	cmp	r7, #60	@ 0x3c
10002298:	da0c      	bge.n	100022b4 <da_ymgtx>
1000229a:	3f20      	subs	r7, #32
1000229c:	3640      	adds	r6, #64	@ 0x40
1000229e:	0004      	movs	r4, r0
100022a0:	40b4      	lsls	r4, r6
100022a2:	d000      	beq.n	100022a6 <da_yrgtx+0x10>
100022a4:	2401      	movs	r4, #1
100022a6:	40f8      	lsrs	r0, r7
100022a8:	4304      	orrs	r4, r0
100022aa:	0008      	movs	r0, r1
100022ac:	40b1      	lsls	r1, r6
100022ae:	430c      	orrs	r4, r1
100022b0:	17c1      	asrs	r1, r0, #31
100022b2:	e7ea      	b.n	1000228a <da_ygtx0>

100022b4 <da_ymgtx>:
100022b4:	0010      	movs	r0, r2
100022b6:	0019      	movs	r1, r3

100022b8 <da_xmgty>:
100022b8:	2400      	movs	r4, #0
100022ba:	e794      	b.n	100021e6 <da_pack>
100022bc:	7ff00000 	.word	0x7ff00000

100022c0 <dmul_shim>:
100022c0:	b5f0      	push	{r4, r5, r6, r7, lr}
100022c2:	0d0c      	lsrs	r4, r1, #20
100022c4:	1e66      	subs	r6, r4, #1
100022c6:	0536      	lsls	r6, r6, #20
100022c8:	1b89      	subs	r1, r1, r6
100022ca:	0ae6      	lsrs	r6, r4, #11
100022cc:	0564      	lsls	r4, r4, #21
100022ce:	0d64      	lsrs	r4, r4, #21
100022d0:	d002      	beq.n	100022d8 <l12_1>
100022d2:	1c65      	adds	r5, r4, #1
100022d4:	0aed      	lsrs	r5, r5, #11
100022d6:	d004      	beq.n	100022e2 <l12_2>

100022d8 <l12_1>:
100022d8:	2000      	movs	r0, #0
100022da:	2101      	movs	r1, #1
100022dc:	0509      	lsls	r1, r1, #20
100022de:	3c80      	subs	r4, #128	@ 0x80
100022e0:	0324      	lsls	r4, r4, #12

100022e2 <l12_2>:
100022e2:	46a4      	mov	ip, r4
100022e4:	0d1c      	lsrs	r4, r3, #20
100022e6:	1e67      	subs	r7, r4, #1
100022e8:	053f      	lsls	r7, r7, #20
100022ea:	1bdb      	subs	r3, r3, r7
100022ec:	0ae7      	lsrs	r7, r4, #11
100022ee:	0564      	lsls	r4, r4, #21
100022f0:	0d64      	lsrs	r4, r4, #21
100022f2:	d002      	beq.n	100022fa <l13_1>
100022f4:	1c65      	adds	r5, r4, #1
100022f6:	0aed      	lsrs	r5, r5, #11
100022f8:	d004      	beq.n	10002304 <l13_2>

100022fa <l13_1>:
100022fa:	2200      	movs	r2, #0
100022fc:	2301      	movs	r3, #1
100022fe:	051b      	lsls	r3, r3, #20
10002300:	3c80      	subs	r4, #128	@ 0x80
10002302:	0324      	lsls	r4, r4, #12

10002304 <l13_2>:
10002304:	4077      	eors	r7, r6
10002306:	4464      	add	r4, ip
10002308:	b497      	push	{r0, r1, r2, r4, r7}
1000230a:	b284      	uxth	r4, r0
1000230c:	b296      	uxth	r6, r2
1000230e:	4374      	muls	r4, r6
10002310:	0c07      	lsrs	r7, r0, #16
10002312:	437e      	muls	r6, r7
10002314:	0c15      	lsrs	r5, r2, #16
10002316:	436f      	muls	r7, r5
10002318:	b280      	uxth	r0, r0
1000231a:	4368      	muls	r0, r5
1000231c:	1836      	adds	r6, r6, r0
1000231e:	d302      	bcc.n	10002326 <l14_1>
10002320:	2001      	movs	r0, #1
10002322:	0400      	lsls	r0, r0, #16
10002324:	183f      	adds	r7, r7, r0

10002326 <l14_1>:
10002326:	0430      	lsls	r0, r6, #16
10002328:	0c35      	lsrs	r5, r6, #16
1000232a:	1900      	adds	r0, r0, r4
1000232c:	417d      	adcs	r5, r7
1000232e:	4684      	mov	ip, r0
10002330:	b288      	uxth	r0, r1
10002332:	b29a      	uxth	r2, r3
10002334:	4350      	muls	r0, r2
10002336:	0c0c      	lsrs	r4, r1, #16
10002338:	4362      	muls	r2, r4
1000233a:	0c1f      	lsrs	r7, r3, #16
1000233c:	437c      	muls	r4, r7
1000233e:	b28e      	uxth	r6, r1
10002340:	437e      	muls	r6, r7
10002342:	1992      	adds	r2, r2, r6
10002344:	d302      	bcc.n	1000234c <l15_1>
10002346:	2601      	movs	r6, #1
10002348:	0436      	lsls	r6, r6, #16
1000234a:	19a4      	adds	r4, r4, r6

1000234c <l15_1>:
1000234c:	0416      	lsls	r6, r2, #16
1000234e:	0c17      	lsrs	r7, r2, #16
10002350:	1836      	adds	r6, r6, r0
10002352:	4167      	adcs	r7, r4
10002354:	bc01      	pop	{r0}
10002356:	b281      	uxth	r1, r0
10002358:	b29a      	uxth	r2, r3
1000235a:	4351      	muls	r1, r2
1000235c:	0c04      	lsrs	r4, r0, #16
1000235e:	4362      	muls	r2, r4
10002360:	0c1b      	lsrs	r3, r3, #16
10002362:	435c      	muls	r4, r3
10002364:	b280      	uxth	r0, r0
10002366:	4358      	muls	r0, r3
10002368:	1812      	adds	r2, r2, r0
1000236a:	d302      	bcc.n	10002372 <l16_1>
1000236c:	2001      	movs	r0, #1
1000236e:	0400      	lsls	r0, r0, #16
10002370:	1824      	adds	r4, r4, r0

10002372 <l16_1>:
10002372:	0410      	lsls	r0, r2, #16
10002374:	0c13      	lsrs	r3, r2, #16
10002376:	1840      	adds	r0, r0, r1
10002378:	4163      	adcs	r3, r4
1000237a:	182d      	adds	r5, r5, r0
1000237c:	415e      	adcs	r6, r3
1000237e:	2000      	movs	r0, #0
10002380:	4147      	adcs	r7, r0
10002382:	bc06      	pop	{r1, r2}
10002384:	b288      	uxth	r0, r1
10002386:	b293      	uxth	r3, r2
10002388:	4358      	muls	r0, r3
1000238a:	0c0c      	lsrs	r4, r1, #16
1000238c:	4363      	muls	r3, r4
1000238e:	0c12      	lsrs	r2, r2, #16
10002390:	4354      	muls	r4, r2
10002392:	b289      	uxth	r1, r1
10002394:	4351      	muls	r1, r2
10002396:	185b      	adds	r3, r3, r1
10002398:	d302      	bcc.n	100023a0 <l17_1>
1000239a:	2101      	movs	r1, #1
1000239c:	0409      	lsls	r1, r1, #16
1000239e:	1864      	adds	r4, r4, r1

100023a0 <l17_1>:
100023a0:	0419      	lsls	r1, r3, #16
100023a2:	0c1a      	lsrs	r2, r3, #16
100023a4:	1809      	adds	r1, r1, r0
100023a6:	4162      	adcs	r2, r4
100023a8:	186d      	adds	r5, r5, r1
100023aa:	4156      	adcs	r6, r2
100023ac:	2000      	movs	r0, #0
100023ae:	4147      	adcs	r7, r0
100023b0:	bc18      	pop	{r3, r4}
100023b2:	02f9      	lsls	r1, r7, #11
100023b4:	0d72      	lsrs	r2, r6, #21
100023b6:	4311      	orrs	r1, r2
100023b8:	02f0      	lsls	r0, r6, #11
100023ba:	0d6a      	lsrs	r2, r5, #21
100023bc:	4310      	orrs	r0, r2
100023be:	02ed      	lsls	r5, r5, #11
100023c0:	0d0a      	lsrs	r2, r1, #20
100023c2:	d103      	bne.n	100023cc <l17_1+0x2c>
100023c4:	196d      	adds	r5, r5, r5
100023c6:	4140      	adcs	r0, r0
100023c8:	4149      	adcs	r1, r1
100023ca:	3b01      	subs	r3, #1
100023cc:	4e12      	ldr	r6, [pc, #72]	@ (10002418 <dm_1+0xa>)
100023ce:	1b9b      	subs	r3, r3, r6
100023d0:	0076      	lsls	r6, r6, #1
100023d2:	42b3      	cmp	r3, r6
100023d4:	d20e      	bcs.n	100023f4 <dm_0>
100023d6:	006d      	lsls	r5, r5, #1
100023d8:	d307      	bcc.n	100023ea <l17_1+0x4a>
100023da:	3001      	adds	r0, #1
100023dc:	2600      	movs	r6, #0
100023de:	4171      	adcs	r1, r6
100023e0:	4666      	mov	r6, ip
100023e2:	4335      	orrs	r5, r6
100023e4:	d101      	bne.n	100023ea <l17_1+0x4a>
100023e6:	0840      	lsrs	r0, r0, #1
100023e8:	0040      	lsls	r0, r0, #1
100023ea:	051b      	lsls	r3, r3, #20
100023ec:	18c9      	adds	r1, r1, r3

100023ee <dm_2>:
100023ee:	07e4      	lsls	r4, r4, #31
100023f0:	4421      	add	r1, r4
100023f2:	bdf0      	pop	{r4, r5, r6, r7, pc}

100023f4 <dm_0>:
100023f4:	da0b      	bge.n	1000240e <dm_1>
100023f6:	3301      	adds	r3, #1
100023f8:	d106      	bne.n	10002408 <dm_0+0x14>
100023fa:	3001      	adds	r0, #1
100023fc:	d104      	bne.n	10002408 <dm_0+0x14>
100023fe:	3101      	adds	r1, #1
10002400:	0d4f      	lsrs	r7, r1, #21
10002402:	d001      	beq.n	10002408 <dm_0+0x14>
10002404:	0849      	lsrs	r1, r1, #1
10002406:	e7f2      	b.n	100023ee <dm_2>
10002408:	07e1      	lsls	r1, r4, #31
1000240a:	2000      	movs	r0, #0
1000240c:	bdf0      	pop	{r4, r5, r6, r7, pc}

1000240e <dm_1>:
1000240e:	3601      	adds	r6, #1
10002410:	0531      	lsls	r1, r6, #20
10002412:	2000      	movs	r0, #0
10002414:	e7eb      	b.n	100023ee <dm_2>
10002416:	0000      	.short	0x0000
10002418:	000003ff 	.word	0x000003ff

1000241c <ddiv_shim>:
1000241c:	b5f0      	push	{r4, r5, r6, r7, lr}

1000241e <ddiv0>:
1000241e:	0d1c      	lsrs	r4, r3, #20
10002420:	1e67      	subs	r7, r4, #1
10002422:	053f      	lsls	r7, r7, #20
10002424:	1bdb      	subs	r3, r3, r7
10002426:	0ae7      	lsrs	r7, r4, #11
10002428:	0564      	lsls	r4, r4, #21
1000242a:	0d64      	lsrs	r4, r4, #21
1000242c:	d002      	beq.n	10002434 <l20_1>
1000242e:	1c66      	adds	r6, r4, #1
10002430:	0af6      	lsrs	r6, r6, #11
10002432:	d004      	beq.n	1000243e <l20_2>

10002434 <l20_1>:
10002434:	2200      	movs	r2, #0
10002436:	2301      	movs	r3, #1
10002438:	051b      	lsls	r3, r3, #20
1000243a:	3c80      	subs	r4, #128	@ 0x80
1000243c:	0324      	lsls	r4, r4, #12

1000243e <l20_2>:
1000243e:	25d0      	movs	r5, #208	@ 0xd0
10002440:	062d      	lsls	r5, r5, #24
10002442:	2600      	movs	r6, #0
10002444:	43f6      	mvns	r6, r6
10002446:	662e      	str	r6, [r5, #96]	@ 0x60
10002448:	091e      	lsrs	r6, r3, #4
1000244a:	666e      	str	r6, [r5, #100]	@ 0x64
1000244c:	0fce      	lsrs	r6, r1, #31
1000244e:	19f6      	adds	r6, r6, r7
10002450:	46b4      	mov	ip, r6
10002452:	0049      	lsls	r1, r1, #1
10002454:	0d4f      	lsrs	r7, r1, #21
10002456:	d002      	beq.n	1000245e <l20_2+0x20>
10002458:	1c7e      	adds	r6, r7, #1
1000245a:	0af6      	lsrs	r6, r6, #11
1000245c:	d003      	beq.n	10002466 <l20_2+0x28>
1000245e:	2000      	movs	r0, #0
10002460:	2100      	movs	r1, #0
10002462:	3f40      	subs	r7, #64	@ 0x40
10002464:	033f      	lsls	r7, r7, #12
10002466:	1b3e      	subs	r6, r7, r4
10002468:	00b6      	lsls	r6, r6, #2
1000246a:	44b4      	add	ip, r6
1000246c:	3f01      	subs	r7, #1
1000246e:	057f      	lsls	r7, r7, #21
10002470:	1bc9      	subs	r1, r1, r7
10002472:	0849      	lsrs	r1, r1, #1
10002474:	6f2e      	ldr	r6, [r5, #112]	@ 0x70
10002476:	3601      	adds	r6, #1
10002478:	0876      	lsrs	r6, r6, #1
1000247a:	029c      	lsls	r4, r3, #10
1000247c:	0d95      	lsrs	r5, r2, #22
1000247e:	4325      	orrs	r5, r4
10002480:	4375      	muls	r5, r6
10002482:	13ed      	asrs	r5, r5, #15
10002484:	4375      	muls	r5, r6
10002486:	13ad      	asrs	r5, r5, #14
10002488:	3501      	adds	r5, #1
1000248a:	106d      	asrs	r5, r5, #1
1000248c:	03f6      	lsls	r6, r6, #15
1000248e:	1b76      	subs	r6, r6, r5
10002490:	b40c      	push	{r2, r3}
10002492:	02cc      	lsls	r4, r1, #11
10002494:	0d45      	lsrs	r5, r0, #21
10002496:	432c      	orrs	r4, r5
10002498:	b2a2      	uxth	r2, r4
1000249a:	b2b3      	uxth	r3, r6
1000249c:	435a      	muls	r2, r3
1000249e:	0c27      	lsrs	r7, r4, #16
100024a0:	437b      	muls	r3, r7
100024a2:	0c35      	lsrs	r5, r6, #16
100024a4:	436f      	muls	r7, r5
100024a6:	b2a4      	uxth	r4, r4
100024a8:	436c      	muls	r4, r5
100024aa:	191b      	adds	r3, r3, r4
100024ac:	d302      	bcc.n	100024b4 <l21_1>
100024ae:	2401      	movs	r4, #1
100024b0:	0424      	lsls	r4, r4, #16
100024b2:	193f      	adds	r7, r7, r4

100024b4 <l21_1>:
100024b4:	041c      	lsls	r4, r3, #16
100024b6:	0c1d      	lsrs	r5, r3, #16
100024b8:	18a4      	adds	r4, r4, r2
100024ba:	417d      	adcs	r5, r7
100024bc:	1924      	adds	r4, r4, r4
100024be:	416d      	adcs	r5, r5
100024c0:	9a00      	ldr	r2, [sp, #0]
100024c2:	b291      	uxth	r1, r2
100024c4:	b2ac      	uxth	r4, r5
100024c6:	4361      	muls	r1, r4
100024c8:	0c17      	lsrs	r7, r2, #16
100024ca:	437c      	muls	r4, r7
100024cc:	0c2b      	lsrs	r3, r5, #16
100024ce:	435f      	muls	r7, r3
100024d0:	b292      	uxth	r2, r2
100024d2:	435a      	muls	r2, r3
100024d4:	18a4      	adds	r4, r4, r2
100024d6:	d302      	bcc.n	100024de <l22_1>
100024d8:	2201      	movs	r2, #1
100024da:	0412      	lsls	r2, r2, #16
100024dc:	18bf      	adds	r7, r7, r2

100024de <l22_1>:
100024de:	0422      	lsls	r2, r4, #16
100024e0:	0c23      	lsrs	r3, r4, #16
100024e2:	1852      	adds	r2, r2, r1
100024e4:	417b      	adcs	r3, r7
100024e6:	9c01      	ldr	r4, [sp, #4]
100024e8:	436c      	muls	r4, r5
100024ea:	191b      	adds	r3, r3, r4
100024ec:	0e52      	lsrs	r2, r2, #25
100024ee:	01d9      	lsls	r1, r3, #7
100024f0:	430a      	orrs	r2, r1
100024f2:	0144      	lsls	r4, r0, #5
100024f4:	1aa0      	subs	r0, r4, r2
100024f6:	b281      	uxth	r1, r0
100024f8:	b2b2      	uxth	r2, r6
100024fa:	4351      	muls	r1, r2
100024fc:	1403      	asrs	r3, r0, #16
100024fe:	435a      	muls	r2, r3
10002500:	0c36      	lsrs	r6, r6, #16
10002502:	4373      	muls	r3, r6
10002504:	b287      	uxth	r7, r0
10002506:	4377      	muls	r7, r6
10002508:	17d6      	asrs	r6, r2, #31
1000250a:	19d2      	adds	r2, r2, r7
1000250c:	2700      	movs	r7, #0
1000250e:	417e      	adcs	r6, r7
10002510:	0436      	lsls	r6, r6, #16
10002512:	199b      	adds	r3, r3, r6
10002514:	0417      	lsls	r7, r2, #16
10002516:	0c16      	lsrs	r6, r2, #16
10002518:	187f      	adds	r7, r7, r1
1000251a:	415e      	adcs	r6, r3
1000251c:	1673      	asrs	r3, r6, #25
1000251e:	18ed      	adds	r5, r5, r3
10002520:	01f3      	lsls	r3, r6, #7
10002522:	2600      	movs	r6, #0
10002524:	3380      	adds	r3, #128	@ 0x80
10002526:	4175      	adcs	r5, r6
10002528:	0fa9      	lsrs	r1, r5, #30
1000252a:	d106      	bne.n	1000253a <dd_0>
1000252c:	0064      	lsls	r4, r4, #1
1000252e:	0a69      	lsrs	r1, r5, #9
10002530:	05e8      	lsls	r0, r5, #23
10002532:	0a5b      	lsrs	r3, r3, #9
10002534:	4318      	orrs	r0, r3
10002536:	d209      	bcs.n	1000254c <dd_1>
10002538:	e02f      	b.n	1000259a <dd_2>

1000253a <dd_0>:
1000253a:	2204      	movs	r2, #4
1000253c:	4494      	add	ip, r2
1000253e:	3380      	adds	r3, #128	@ 0x80
10002540:	4175      	adcs	r5, r6
10002542:	0aa9      	lsrs	r1, r5, #10
10002544:	05a8      	lsls	r0, r5, #22
10002546:	0a9b      	lsrs	r3, r3, #10
10002548:	4318      	orrs	r0, r3
1000254a:	d326      	bcc.n	1000259a <dd_2>

1000254c <dd_1>:
1000254c:	4140      	adcs	r0, r0
1000254e:	4149      	adcs	r1, r1
10002550:	0424      	lsls	r4, r4, #16
10002552:	9a00      	ldr	r2, [sp, #0]
10002554:	9b01      	ldr	r3, [sp, #4]
10002556:	000d      	movs	r5, r1
10002558:	4355      	muls	r5, r2
1000255a:	1b64      	subs	r4, r4, r5
1000255c:	4343      	muls	r3, r0
1000255e:	1ae4      	subs	r4, r4, r3
10002560:	b295      	uxth	r5, r2
10002562:	b286      	uxth	r6, r0
10002564:	4375      	muls	r5, r6
10002566:	0c17      	lsrs	r7, r2, #16
10002568:	437e      	muls	r6, r7
1000256a:	0c03      	lsrs	r3, r0, #16
1000256c:	435f      	muls	r7, r3
1000256e:	b292      	uxth	r2, r2
10002570:	435a      	muls	r2, r3
10002572:	18b6      	adds	r6, r6, r2
10002574:	d302      	bcc.n	1000257c <l24_1>
10002576:	2201      	movs	r2, #1
10002578:	0412      	lsls	r2, r2, #16
1000257a:	18bf      	adds	r7, r7, r2

1000257c <l24_1>:
1000257c:	0432      	lsls	r2, r6, #16
1000257e:	0c33      	lsrs	r3, r6, #16
10002580:	1952      	adds	r2, r2, r5
10002582:	417b      	adcs	r3, r7
10002584:	4252      	negs	r2, r2
10002586:	419c      	sbcs	r4, r3
10002588:	2c00      	cmp	r4, #0
1000258a:	d402      	bmi.n	10002592 <l24_1+0x16>
1000258c:	2200      	movs	r2, #0
1000258e:	3001      	adds	r0, #1
10002590:	4151      	adcs	r1, r2
10002592:	0840      	lsrs	r0, r0, #1
10002594:	07ca      	lsls	r2, r1, #31
10002596:	4310      	orrs	r0, r2
10002598:	0849      	lsrs	r1, r1, #1

1000259a <dd_2>:
1000259a:	b002      	add	sp, #8
1000259c:	4662      	mov	r2, ip
1000259e:	07d7      	lsls	r7, r2, #31
100025a0:	1092      	asrs	r2, r2, #2
100025a2:	4b08      	ldr	r3, [pc, #32]	@ (100025c4 <dd_4+0x6>)
100025a4:	18d2      	adds	r2, r2, r3
100025a6:	4b08      	ldr	r3, [pc, #32]	@ (100025c8 <dd_4+0xa>)
100025a8:	429a      	cmp	r2, r3
100025aa:	d203      	bcs.n	100025b4 <dd_3>
100025ac:	0512      	lsls	r2, r2, #20
100025ae:	1889      	adds	r1, r1, r2

100025b0 <dd_5>:
100025b0:	19c9      	adds	r1, r1, r7
100025b2:	bdf0      	pop	{r4, r5, r6, r7, pc}

100025b4 <dd_3>:
100025b4:	2000      	movs	r0, #0
100025b6:	2a00      	cmp	r2, #0
100025b8:	dc01      	bgt.n	100025be <dd_4>
100025ba:	0039      	movs	r1, r7
100025bc:	bdf0      	pop	{r4, r5, r6, r7, pc}

100025be <dd_4>:
100025be:	3301      	adds	r3, #1
100025c0:	0519      	lsls	r1, r3, #20
100025c2:	e7f5      	b.n	100025b0 <dd_5>
100025c4:	000003fd 	.word	0x000003fd
100025c8:	000007fe 	.word	0x000007fe

100025cc <double2uint_shim>:
100025cc:	2200      	movs	r2, #0

100025ce <double2ufix_shim>:
100025ce:	b500      	push	{lr}
100025d0:	3220      	adds	r2, #32
100025d2:	f000 f804 	bl	100025de <double2ufix64_shim>
100025d6:	0008      	movs	r0, r1
100025d8:	bd00      	pop	{pc}
	...

100025dc <double2uint64_shim>:
100025dc:	2200      	movs	r2, #0

100025de <double2ufix64_shim>:
100025de:	150b      	asrs	r3, r1, #20
100025e0:	d40a      	bmi.n	100025f8 <ret_dzero>

100025e2 <d2fix>:
100025e2:	b510      	push	{r4, lr}
100025e4:	4694      	mov	ip, r2
100025e6:	f000 f831 	bl	1000264c <dunpacks>
100025ea:	1414      	asrs	r4, r2, #16
100025ec:	3401      	adds	r4, #1
100025ee:	da00      	bge.n	100025f2 <d2fix+0x10>
100025f0:	2100      	movs	r1, #0
100025f2:	17cb      	asrs	r3, r1, #31
100025f4:	4c14      	ldr	r4, [pc, #80]	@ (10002648 <d2fix_a+0x4a>)
100025f6:	4720      	bx	r4

100025f8 <ret_dzero>:
100025f8:	2000      	movs	r0, #0
100025fa:	2100      	movs	r1, #0
100025fc:	4770      	bx	lr

100025fe <d2fix_a>:
100025fe:	4462      	add	r2, ip
10002600:	3a34      	subs	r2, #52	@ 0x34
10002602:	d40c      	bmi.n	1000261e <d2fix_a+0x20>
10002604:	2a0c      	cmp	r2, #12
10002606:	da07      	bge.n	10002618 <d2fix_a+0x1a>
10002608:	0004      	movs	r4, r0
1000260a:	4091      	lsls	r1, r2
1000260c:	4090      	lsls	r0, r2
1000260e:	4252      	negs	r2, r2
10002610:	3220      	adds	r2, #32
10002612:	40d4      	lsrs	r4, r2
10002614:	4321      	orrs	r1, r4
10002616:	bd10      	pop	{r4, pc}
10002618:	43d8      	mvns	r0, r3
1000261a:	43d9      	mvns	r1, r3
1000261c:	bd10      	pop	{r4, pc}
1000261e:	3220      	adds	r2, #32
10002620:	d407      	bmi.n	10002632 <d2fix_a+0x34>
10002622:	460c      	mov	r4, r1
10002624:	4094      	lsls	r4, r2
10002626:	4252      	negs	r2, r2
10002628:	3220      	adds	r2, #32
1000262a:	4111      	asrs	r1, r2
1000262c:	40d0      	lsrs	r0, r2
1000262e:	4320      	orrs	r0, r4
10002630:	bd10      	pop	{r4, pc}
10002632:	0008      	movs	r0, r1
10002634:	17c9      	asrs	r1, r1, #31
10002636:	3220      	adds	r2, #32
10002638:	d403      	bmi.n	10002642 <d2fix_a+0x44>
1000263a:	4252      	negs	r2, r2
1000263c:	3220      	adds	r2, #32
1000263e:	4110      	asrs	r0, r2
10002640:	bd10      	pop	{r4, pc}
10002642:	0018      	movs	r0, r3
10002644:	0019      	movs	r1, r3
10002646:	bd10      	pop	{r4, pc}
10002648:	100025ff 	.word	0x100025ff

1000264c <dunpacks>:
1000264c:	0d0a      	lsrs	r2, r1, #20
1000264e:	0fcc      	lsrs	r4, r1, #31
10002650:	1e53      	subs	r3, r2, #1
10002652:	051b      	lsls	r3, r3, #20
10002654:	1ac9      	subs	r1, r1, r3
10002656:	0552      	lsls	r2, r2, #21
10002658:	d303      	bcc.n	10002662 <l60_1>
1000265a:	43c9      	mvns	r1, r1
1000265c:	4240      	negs	r0, r0
1000265e:	d300      	bcc.n	10002662 <l60_1>
10002660:	3101      	adds	r1, #1

10002662 <l60_1>:
10002662:	0d52      	lsrs	r2, r2, #21
10002664:	d003      	beq.n	1000266e <l60_2>
10002666:	1c53      	adds	r3, r2, #1
10002668:	0adb      	lsrs	r3, r3, #11
1000266a:	d007      	beq.n	1000267c <l60_3>
1000266c:	1b12      	subs	r2, r2, r4

1000266e <l60_2>:
1000266e:	2000      	movs	r0, #0
10002670:	0064      	lsls	r4, r4, #1
10002672:	1c61      	adds	r1, r4, #1
10002674:	0789      	lsls	r1, r1, #30
10002676:	1289      	asrs	r1, r1, #10
10002678:	3a80      	subs	r2, #128	@ 0x80
1000267a:	0312      	lsls	r2, r2, #12

1000267c <l60_3>:
1000267c:	4b01      	ldr	r3, [pc, #4]	@ (10002684 <l60_3+0x8>)
1000267e:	1ad2      	subs	r2, r2, r3
10002680:	4770      	bx	lr
10002682:	0000      	.short	0x0000
10002684:	000003ff 	.word	0x000003ff

10002688 <__wrap___aeabi_lmul>:
10002688:	4351      	muls	r1, r2
1000268a:	4343      	muls	r3, r0
1000268c:	18c9      	adds	r1, r1, r3
1000268e:	468c      	mov	ip, r1
10002690:	0c11      	lsrs	r1, r2, #16
10002692:	b283      	uxth	r3, r0
10002694:	434b      	muls	r3, r1
10002696:	b410      	push	{r4}
10002698:	0c04      	lsrs	r4, r0, #16
1000269a:	4361      	muls	r1, r4
1000269c:	b292      	uxth	r2, r2
1000269e:	b280      	uxth	r0, r0
100026a0:	4350      	muls	r0, r2
100026a2:	4362      	muls	r2, r4
100026a4:	041c      	lsls	r4, r3, #16
100026a6:	0c1b      	lsrs	r3, r3, #16
100026a8:	1900      	adds	r0, r0, r4
100026aa:	bc10      	pop	{r4}
100026ac:	4159      	adcs	r1, r3
100026ae:	0413      	lsls	r3, r2, #16
100026b0:	0c12      	lsrs	r2, r2, #16
100026b2:	18c0      	adds	r0, r0, r3
100026b4:	4151      	adcs	r1, r2
100026b6:	4461      	add	r1, ip
100026b8:	4770      	bx	lr
	...

100026bc <__wrap___aeabi_frsub>:
100026bc:	4048      	eors	r0, r1
100026be:	4041      	eors	r1, r0
100026c0:	4048      	eors	r0, r1

100026c2 <__wrap___aeabi_fsub>:
100026c2:	4b0e      	ldr	r3, [pc, #56]	@ (100026fc <__wrap___aeabi_fmul+0x6>)
100026c4:	685b      	ldr	r3, [r3, #4]
100026c6:	4718      	bx	r3

100026c8 <__wrap___aeabi_fadd>:
100026c8:	4b0c      	ldr	r3, [pc, #48]	@ (100026fc <__wrap___aeabi_fmul+0x6>)
100026ca:	681b      	ldr	r3, [r3, #0]
100026cc:	4718      	bx	r3

100026ce <__wrap___aeabi_fdiv>:
100026ce:	4a0c      	ldr	r2, [pc, #48]	@ (10002700 <__wrap___aeabi_fmul+0xa>)
100026d0:	6f93      	ldr	r3, [r2, #120]	@ 0x78
100026d2:	089b      	lsrs	r3, r3, #2
100026d4:	d202      	bcs.n	100026dc <fdiv_save_state>

100026d6 <fdiv_shim_call>:
100026d6:	4b09      	ldr	r3, [pc, #36]	@ (100026fc <__wrap___aeabi_fmul+0x6>)
100026d8:	68db      	ldr	r3, [r3, #12]
100026da:	4718      	bx	r3

100026dc <fdiv_save_state>:
100026dc:	b5f0      	push	{r4, r5, r6, r7, lr}
100026de:	6e14      	ldr	r4, [r2, #96]	@ 0x60
100026e0:	6e55      	ldr	r5, [r2, #100]	@ 0x64
100026e2:	6f57      	ldr	r7, [r2, #116]	@ 0x74
100026e4:	6f16      	ldr	r6, [r2, #112]	@ 0x70
100026e6:	f7ff fff6 	bl	100026d6 <fdiv_shim_call>
100026ea:	4a05      	ldr	r2, [pc, #20]	@ (10002700 <__wrap___aeabi_fmul+0xa>)
100026ec:	6614      	str	r4, [r2, #96]	@ 0x60
100026ee:	6655      	str	r5, [r2, #100]	@ 0x64
100026f0:	6757      	str	r7, [r2, #116]	@ 0x74
100026f2:	6716      	str	r6, [r2, #112]	@ 0x70
100026f4:	bdf0      	pop	{r4, r5, r6, r7, pc}

100026f6 <__wrap___aeabi_fmul>:
100026f6:	4b01      	ldr	r3, [pc, #4]	@ (100026fc <__wrap___aeabi_fmul+0x6>)
100026f8:	689b      	ldr	r3, [r3, #8]
100026fa:	4718      	bx	r3
100026fc:	200012c8 	.word	0x200012c8
10002700:	d0000000 	.word	0xd0000000

10002704 <__wrap___aeabi_cfrcmple>:
10002704:	b507      	push	{r0, r1, r2, lr}
10002706:	4048      	eors	r0, r1
10002708:	4041      	eors	r1, r0
1000270a:	4048      	eors	r0, r1
1000270c:	e001      	b.n	10002712 <__aeabi_cfcmple_guts>
1000270e:	46c0      	nop			@ (mov r8, r8)

10002710 <__wrap___aeabi_cfcmpeq>:
10002710:	b507      	push	{r0, r1, r2, lr}

10002712 <__aeabi_cfcmple_guts>:
10002712:	0042      	lsls	r2, r0, #1
10002714:	0e12      	lsrs	r2, r2, #24
10002716:	d003      	beq.n	10002720 <__aeabi_cfcmple_guts+0xe>
10002718:	2aff      	cmp	r2, #255	@ 0xff
1000271a:	d103      	bne.n	10002724 <__aeabi_cfcmple_guts+0x12>
1000271c:	0242      	lsls	r2, r0, #9
1000271e:	d818      	bhi.n	10002752 <__aeabi_cfcmple_guts+0x40>
10002720:	0dc0      	lsrs	r0, r0, #23
10002722:	05c0      	lsls	r0, r0, #23
10002724:	004a      	lsls	r2, r1, #1
10002726:	0e12      	lsrs	r2, r2, #24
10002728:	d003      	beq.n	10002732 <__aeabi_cfcmple_guts+0x20>
1000272a:	2aff      	cmp	r2, #255	@ 0xff
1000272c:	d103      	bne.n	10002736 <__aeabi_cfcmple_guts+0x24>
1000272e:	024a      	lsls	r2, r1, #9
10002730:	d80f      	bhi.n	10002752 <__aeabi_cfcmple_guts+0x40>
10002732:	0dc9      	lsrs	r1, r1, #23
10002734:	05c9      	lsls	r1, r1, #23
10002736:	2201      	movs	r2, #1
10002738:	4041      	eors	r1, r0
1000273a:	d405      	bmi.n	10002748 <__aeabi_cfcmple_guts+0x36>
1000273c:	4041      	eors	r1, r0
1000273e:	d501      	bpl.n	10002744 <__aeabi_cfcmple_guts+0x32>
10002740:	4281      	cmp	r1, r0
10002742:	bd07      	pop	{r0, r1, r2, pc}
10002744:	4288      	cmp	r0, r1
10002746:	bd07      	pop	{r0, r1, r2, pc}
10002748:	4301      	orrs	r1, r0
1000274a:	1849      	adds	r1, r1, r1
1000274c:	d001      	beq.n	10002752 <__aeabi_cfcmple_guts+0x40>
1000274e:	43c0      	mvns	r0, r0
10002750:	1800      	adds	r0, r0, r0
10002752:	bd07      	pop	{r0, r1, r2, pc}

10002754 <__wrap___aeabi_fcmpge>:
10002754:	b500      	push	{lr}
10002756:	f7ff ffd5 	bl	10002704 <__wrap___aeabi_cfrcmple>
1000275a:	d901      	bls.n	10002760 <__wrap___aeabi_fcmpge+0xc>
1000275c:	2000      	movs	r0, #0
1000275e:	bd00      	pop	{pc}
10002760:	2001      	movs	r0, #1
10002762:	bd00      	pop	{pc}

10002764 <__wrap___aeabi_f2d>:
10002764:	4b03      	ldr	r3, [pc, #12]	@ (10002774 <__wrap___aeabi_f2d+0x10>)
10002766:	6fdb      	ldr	r3, [r3, #124]	@ 0x7c
10002768:	46fc      	mov	ip, pc
1000276a:	4718      	bx	r3
1000276c:	2809df7c 	.word	0x2809df7c
10002770:	00001000 	.word	0x00001000
10002774:	200012c8 	.word	0x200012c8

10002778 <__aeabi_float_init>:
10002778:	2313      	movs	r3, #19
1000277a:	b510      	push	{r4, lr}
1000277c:	4812      	ldr	r0, [pc, #72]	@ (100027c8 <__aeabi_float_init+0x50>)
1000277e:	781c      	ldrb	r4, [r3, #0]
10002780:	f7fe ffc0 	bl	10001704 <rom_data_lookup>
10002784:	0001      	movs	r1, r0
10002786:	2c01      	cmp	r4, #1
10002788:	d00a      	beq.n	100027a0 <__aeabi_float_init+0x28>
1000278a:	dd03      	ble.n	10002794 <__aeabi_float_init+0x1c>
1000278c:	2280      	movs	r2, #128	@ 0x80
1000278e:	480f      	ldr	r0, [pc, #60]	@ (100027cc <__aeabi_float_init+0x54>)
10002790:	f000 f860 	bl	10002854 <__wrap___aeabi_memcpy>
10002794:	480e      	ldr	r0, [pc, #56]	@ (100027d0 <__aeabi_float_init+0x58>)
10002796:	f7fe ffad 	bl	100016f4 <rom_func_lookup>
1000279a:	4b0e      	ldr	r3, [pc, #56]	@ (100027d4 <__aeabi_float_init+0x5c>)
1000279c:	6018      	str	r0, [r3, #0]
1000279e:	bd10      	pop	{r4, pc}
100027a0:	4c0a      	ldr	r4, [pc, #40]	@ (100027cc <__aeabi_float_init+0x54>)
100027a2:	2254      	movs	r2, #84	@ 0x54
100027a4:	0020      	movs	r0, r4
100027a6:	f000 f855 	bl	10002854 <__wrap___aeabi_memcpy>
100027aa:	4b0b      	ldr	r3, [pc, #44]	@ (100027d8 <__aeabi_float_init+0x60>)
100027ac:	6563      	str	r3, [r4, #84]	@ 0x54
100027ae:	65a3      	str	r3, [r4, #88]	@ 0x58
100027b0:	65e3      	str	r3, [r4, #92]	@ 0x5c
100027b2:	6623      	str	r3, [r4, #96]	@ 0x60
100027b4:	6663      	str	r3, [r4, #100]	@ 0x64
100027b6:	66a3      	str	r3, [r4, #104]	@ 0x68
100027b8:	66e3      	str	r3, [r4, #108]	@ 0x6c
100027ba:	6723      	str	r3, [r4, #112]	@ 0x70
100027bc:	6763      	str	r3, [r4, #116]	@ 0x74
100027be:	67a3      	str	r3, [r4, #120]	@ 0x78
100027c0:	67e3      	str	r3, [r4, #124]	@ 0x7c
100027c2:	6223      	str	r3, [r4, #32]
100027c4:	61e3      	str	r3, [r4, #28]
100027c6:	e7e5      	b.n	10002794 <__aeabi_float_init+0x1c>
100027c8:	00004653 	.word	0x00004653
100027cc:	200012c8 	.word	0x200012c8
100027d0:	0000334c 	.word	0x0000334c
100027d4:	20001c38 	.word	0x20001c38
100027d8:	100027dd 	.word	0x100027dd

100027dc <float_table_shim_on_use_helper>:
100027dc:	b507      	push	{r0, r1, r2, lr}
100027de:	4660      	mov	r0, ip
100027e0:	8801      	ldrh	r1, [r0, #0]
100027e2:	0a0a      	lsrs	r2, r1, #8
100027e4:	3002      	adds	r0, #2
100027e6:	2adf      	cmp	r2, #223	@ 0xdf
100027e8:	d1fa      	bne.n	100027e0 <float_table_shim_on_use_helper+0x4>
100027ea:	b2c9      	uxtb	r1, r1
100027ec:	0882      	lsrs	r2, r0, #2
100027ee:	d304      	bcc.n	100027fa <float_table_shim_on_use_helper+0x1e>
100027f0:	8802      	ldrh	r2, [r0, #0]
100027f2:	8840      	ldrh	r0, [r0, #2]
100027f4:	0400      	lsls	r0, r0, #16
100027f6:	4310      	orrs	r0, r2
100027f8:	e000      	b.n	100027fc <float_table_shim_on_use_helper+0x20>
100027fa:	6800      	ldr	r0, [r0, #0]
100027fc:	4a01      	ldr	r2, [pc, #4]	@ (10002804 <float_table_shim_on_use_helper+0x28>)
100027fe:	5050      	str	r0, [r2, r1]
10002800:	9003      	str	r0, [sp, #12]
10002802:	bd07      	pop	{r0, r1, r2, pc}
10002804:	200012c8 	.word	0x200012c8

10002808 <float2double_shim>:
10002808:	0fc3      	lsrs	r3, r0, #31
1000280a:	07db      	lsls	r3, r3, #31
1000280c:	0041      	lsls	r1, r0, #1
1000280e:	0e0a      	lsrs	r2, r1, #24
10002810:	d007      	beq.n	10002822 <float2double_shim+0x1a>
10002812:	2aff      	cmp	r2, #255	@ 0xff
10002814:	d008      	beq.n	10002828 <float2double_shim+0x20>
10002816:	0909      	lsrs	r1, r1, #4
10002818:	4a05      	ldr	r2, [pc, #20]	@ (10002830 <float2double_shim+0x28>)
1000281a:	1889      	adds	r1, r1, r2
1000281c:	4319      	orrs	r1, r3
1000281e:	0740      	lsls	r0, r0, #29
10002820:	4770      	bx	lr
10002822:	0019      	movs	r1, r3
10002824:	2000      	movs	r0, #0
10002826:	4770      	bx	lr
10002828:	4902      	ldr	r1, [pc, #8]	@ (10002834 <float2double_shim+0x2c>)
1000282a:	18c9      	adds	r1, r1, r3
1000282c:	e7fa      	b.n	10002824 <float2double_shim+0x1c>
1000282e:	0000      	.short	0x0000
10002830:	38000000 	.word	0x38000000
10002834:	7ff00000 	.word	0x7ff00000

10002838 <__aeabi_mem_init>:
10002838:	4801      	ldr	r0, [pc, #4]	@ (10002840 <__aeabi_mem_init+0x8>)
1000283a:	2104      	movs	r1, #4
1000283c:	4b01      	ldr	r3, [pc, #4]	@ (10002844 <__aeabi_mem_init+0xc>)
1000283e:	4718      	bx	r3
10002840:	20000ff0 	.word	0x20000ff0
10002844:	10001715 	.word	0x10001715

10002848 <__wrap_memset>:
10002848:	4b01      	ldr	r3, [pc, #4]	@ (10002850 <__wrap_memset+0x8>)
1000284a:	681b      	ldr	r3, [r3, #0]
1000284c:	4718      	bx	r3
1000284e:	0000      	.short	0x0000
10002850:	20000ff0 	.word	0x20000ff0

10002854 <__wrap___aeabi_memcpy>:
10002854:	4b01      	ldr	r3, [pc, #4]	@ (1000285c <__wrap___aeabi_memcpy+0x8>)
10002856:	685b      	ldr	r3, [r3, #4]
10002858:	4718      	bx	r3
1000285a:	0000      	.short	0x0000
1000285c:	20000ff0 	.word	0x20000ff0

10002860 <_out_null>:
10002860:	4770      	bx	lr
10002862:	46c0      	nop			@ (mov r8, r8)

10002864 <_out_rev>:
10002864:	b5f8      	push	{r3, r4, r5, r6, r7, lr}
10002866:	4657      	mov	r7, sl
10002868:	4645      	mov	r5, r8
1000286a:	46de      	mov	lr, fp
1000286c:	464e      	mov	r6, r9
1000286e:	b5e0      	push	{r5, r6, r7, lr}
10002870:	4698      	mov	r8, r3
10002872:	9b0a      	ldr	r3, [sp, #40]	@ 0x28
10002874:	0006      	movs	r6, r0
10002876:	469a      	mov	sl, r3
10002878:	9b0d      	ldr	r3, [sp, #52]	@ 0x34
1000287a:	000f      	movs	r7, r1
1000287c:	4693      	mov	fp, r2
1000287e:	0015      	movs	r5, r2
10002880:	079b      	lsls	r3, r3, #30
10002882:	d110      	bne.n	100028a6 <_out_rev+0x42>
10002884:	9b0b      	ldr	r3, [sp, #44]	@ 0x2c
10002886:	9a0c      	ldr	r2, [sp, #48]	@ 0x30
10002888:	4293      	cmp	r3, r2
1000288a:	d20c      	bcs.n	100028a6 <_out_rev+0x42>
1000288c:	0013      	movs	r3, r2
1000288e:	465c      	mov	r4, fp
10002890:	9a0b      	ldr	r2, [sp, #44]	@ 0x2c
10002892:	1a9d      	subs	r5, r3, r2
10002894:	445d      	add	r5, fp
10002896:	0022      	movs	r2, r4
10002898:	4643      	mov	r3, r8
1000289a:	3401      	adds	r4, #1
1000289c:	0039      	movs	r1, r7
1000289e:	2020      	movs	r0, #32
100028a0:	47b0      	blx	r6
100028a2:	42a5      	cmp	r5, r4
100028a4:	d1f7      	bne.n	10002896 <_out_rev+0x32>
100028a6:	9c0b      	ldr	r4, [sp, #44]	@ 0x2c
100028a8:	1963      	adds	r3, r4, r5
100028aa:	2c00      	cmp	r4, #0
100028ac:	d009      	beq.n	100028c2 <_out_rev+0x5e>
100028ae:	001d      	movs	r5, r3
100028b0:	4653      	mov	r3, sl
100028b2:	1b2a      	subs	r2, r5, r4
100028b4:	3c01      	subs	r4, #1
100028b6:	5d18      	ldrb	r0, [r3, r4]
100028b8:	0039      	movs	r1, r7
100028ba:	4643      	mov	r3, r8
100028bc:	47b0      	blx	r6
100028be:	2c00      	cmp	r4, #0
100028c0:	d1f6      	bne.n	100028b0 <_out_rev+0x4c>
100028c2:	9b0d      	ldr	r3, [sp, #52]	@ 0x34
100028c4:	079b      	lsls	r3, r3, #30
100028c6:	d50e      	bpl.n	100028e6 <_out_rev+0x82>
100028c8:	465b      	mov	r3, fp
100028ca:	1aec      	subs	r4, r5, r3
100028cc:	9b0c      	ldr	r3, [sp, #48]	@ 0x30
100028ce:	42a3      	cmp	r3, r4
100028d0:	d909      	bls.n	100028e6 <_out_rev+0x82>
100028d2:	4699      	mov	r9, r3
100028d4:	002a      	movs	r2, r5
100028d6:	4643      	mov	r3, r8
100028d8:	0039      	movs	r1, r7
100028da:	2020      	movs	r0, #32
100028dc:	3401      	adds	r4, #1
100028de:	47b0      	blx	r6
100028e0:	3501      	adds	r5, #1
100028e2:	45a1      	cmp	r9, r4
100028e4:	d8f6      	bhi.n	100028d4 <_out_rev+0x70>
100028e6:	0028      	movs	r0, r5
100028e8:	bcf0      	pop	{r4, r5, r6, r7}
100028ea:	46bb      	mov	fp, r7
100028ec:	46b2      	mov	sl, r6
100028ee:	46a9      	mov	r9, r5
100028f0:	46a0      	mov	r8, r4
100028f2:	bdf8      	pop	{r3, r4, r5, r6, r7, pc}

100028f4 <_ntoa_format>:
100028f4:	b5f0      	push	{r4, r5, r6, r7, lr}
100028f6:	464f      	mov	r7, r9
100028f8:	4646      	mov	r6, r8
100028fa:	46d6      	mov	lr, sl
100028fc:	b5c0      	push	{r6, r7, lr}
100028fe:	b084      	sub	sp, #16
10002900:	4698      	mov	r8, r3
10002902:	ab0e      	add	r3, sp, #56	@ 0x38
10002904:	781b      	ldrb	r3, [r3, #0]
10002906:	4694      	mov	ip, r2
10002908:	4699      	mov	r9, r3
1000290a:	9b12      	ldr	r3, [sp, #72]	@ 0x48
1000290c:	9c0d      	ldr	r4, [sp, #52]	@ 0x34
1000290e:	9f10      	ldr	r7, [sp, #64]	@ 0x40
10002910:	9e11      	ldr	r6, [sp, #68]	@ 0x44
10002912:	079a      	lsls	r2, r3, #30
10002914:	d424      	bmi.n	10002960 <_ntoa_format+0x6c>
10002916:	2e00      	cmp	r6, #0
10002918:	d16a      	bne.n	100029f0 <_ntoa_format+0xfc>
1000291a:	42bc      	cmp	r4, r7
1000291c:	d220      	bcs.n	10002960 <_ntoa_format+0x6c>
1000291e:	2201      	movs	r2, #1
10002920:	401a      	ands	r2, r3
10002922:	4692      	mov	sl, r2
10002924:	2c20      	cmp	r4, #32
10002926:	d100      	bne.n	1000292a <_ntoa_format+0x36>
10002928:	e0d2      	b.n	10002ad0 <_ntoa_format+0x1dc>
1000292a:	9a0c      	ldr	r2, [sp, #48]	@ 0x30
1000292c:	1e55      	subs	r5, r2, #1
1000292e:	2230      	movs	r2, #48	@ 0x30
10002930:	e001      	b.n	10002936 <_ntoa_format+0x42>
10002932:	2c20      	cmp	r4, #32
10002934:	d030      	beq.n	10002998 <_ntoa_format+0xa4>
10002936:	3401      	adds	r4, #1
10002938:	552a      	strb	r2, [r5, r4]
1000293a:	42a7      	cmp	r7, r4
1000293c:	d8f9      	bhi.n	10002932 <_ntoa_format+0x3e>
1000293e:	4652      	mov	r2, sl
10002940:	2a00      	cmp	r2, #0
10002942:	d00d      	beq.n	10002960 <_ntoa_format+0x6c>
10002944:	42b4      	cmp	r4, r6
10002946:	d20b      	bcs.n	10002960 <_ntoa_format+0x6c>
10002948:	9a0c      	ldr	r2, [sp, #48]	@ 0x30
1000294a:	1e55      	subs	r5, r2, #1
1000294c:	2230      	movs	r2, #48	@ 0x30
1000294e:	2c20      	cmp	r4, #32
10002950:	d102      	bne.n	10002958 <_ntoa_format+0x64>
10002952:	e026      	b.n	100029a2 <_ntoa_format+0xae>
10002954:	2c20      	cmp	r4, #32
10002956:	d063      	beq.n	10002a20 <_ntoa_format+0x12c>
10002958:	3401      	adds	r4, #1
1000295a:	552a      	strb	r2, [r5, r4]
1000295c:	42b4      	cmp	r4, r6
1000295e:	d1f9      	bne.n	10002954 <_ntoa_format+0x60>
10002960:	06da      	lsls	r2, r3, #27
10002962:	d534      	bpl.n	100029ce <_ntoa_format+0xda>
10002964:	055a      	lsls	r2, r3, #21
10002966:	d464      	bmi.n	10002a32 <_ntoa_format+0x13e>
10002968:	2c00      	cmp	r4, #0
1000296a:	d15e      	bne.n	10002a2a <_ntoa_format+0x136>
1000296c:	9a0f      	ldr	r2, [sp, #60]	@ 0x3c
1000296e:	2a10      	cmp	r2, #16
10002970:	d100      	bne.n	10002974 <_ntoa_format+0x80>
10002972:	e097      	b.n	10002aa4 <_ntoa_format+0x1b0>
10002974:	2a02      	cmp	r2, #2
10002976:	d100      	bne.n	1000297a <_ntoa_format+0x86>
10002978:	e0a8      	b.n	10002acc <_ntoa_format+0x1d8>
1000297a:	2230      	movs	r2, #48	@ 0x30
1000297c:	9c0c      	ldr	r4, [sp, #48]	@ 0x30
1000297e:	7022      	strb	r2, [r4, #0]
10002980:	2401      	movs	r4, #1
10002982:	464a      	mov	r2, r9
10002984:	2a00      	cmp	r2, #0
10002986:	d15e      	bne.n	10002a46 <_ntoa_format+0x152>
10002988:	075a      	lsls	r2, r3, #29
1000298a:	d400      	bmi.n	1000298e <_ntoa_format+0x9a>
1000298c:	e083      	b.n	10002a96 <_ntoa_format+0x1a2>
1000298e:	222b      	movs	r2, #43	@ 0x2b
10002990:	9d0c      	ldr	r5, [sp, #48]	@ 0x30
10002992:	552a      	strb	r2, [r5, r4]
10002994:	3401      	adds	r4, #1
10002996:	e01c      	b.n	100029d2 <_ntoa_format+0xde>
10002998:	4652      	mov	r2, sl
1000299a:	2a00      	cmp	r2, #0
1000299c:	d002      	beq.n	100029a4 <_ntoa_format+0xb0>
1000299e:	2e20      	cmp	r6, #32
100029a0:	d93e      	bls.n	10002a20 <_ntoa_format+0x12c>
100029a2:	2420      	movs	r4, #32
100029a4:	06da      	lsls	r2, r3, #27
100029a6:	d514      	bpl.n	100029d2 <_ntoa_format+0xde>
100029a8:	055a      	lsls	r2, r3, #21
100029aa:	d412      	bmi.n	100029d2 <_ntoa_format+0xde>
100029ac:	2f20      	cmp	r7, #32
100029ae:	d100      	bne.n	100029b2 <_ntoa_format+0xbe>
100029b0:	e0a1      	b.n	10002af6 <_ntoa_format+0x202>
100029b2:	2e20      	cmp	r6, #32
100029b4:	d13d      	bne.n	10002a32 <_ntoa_format+0x13e>
100029b6:	2620      	movs	r6, #32
100029b8:	221f      	movs	r2, #31
100029ba:	0034      	movs	r4, r6
100029bc:	9d0f      	ldr	r5, [sp, #60]	@ 0x3c
100029be:	2d10      	cmp	r5, #16
100029c0:	d100      	bne.n	100029c4 <_ntoa_format+0xd0>
100029c2:	e08b      	b.n	10002adc <_ntoa_format+0x1e8>
100029c4:	2d02      	cmp	r5, #2
100029c6:	d052      	beq.n	10002a6e <_ntoa_format+0x17a>
100029c8:	2530      	movs	r5, #48	@ 0x30
100029ca:	9f0c      	ldr	r7, [sp, #48]	@ 0x30
100029cc:	54bd      	strb	r5, [r7, r2]
100029ce:	2c20      	cmp	r4, #32
100029d0:	d1d7      	bne.n	10002982 <_ntoa_format+0x8e>
100029d2:	9303      	str	r3, [sp, #12]
100029d4:	9b0c      	ldr	r3, [sp, #48]	@ 0x30
100029d6:	4662      	mov	r2, ip
100029d8:	9300      	str	r3, [sp, #0]
100029da:	9602      	str	r6, [sp, #8]
100029dc:	4643      	mov	r3, r8
100029de:	9401      	str	r4, [sp, #4]
100029e0:	f7ff ff40 	bl	10002864 <_out_rev>
100029e4:	b004      	add	sp, #16
100029e6:	bce0      	pop	{r5, r6, r7}
100029e8:	46ba      	mov	sl, r7
100029ea:	46b1      	mov	r9, r6
100029ec:	46a8      	mov	r8, r5
100029ee:	bdf0      	pop	{r4, r5, r6, r7, pc}
100029f0:	2201      	movs	r2, #1
100029f2:	0015      	movs	r5, r2
100029f4:	401d      	ands	r5, r3
100029f6:	46aa      	mov	sl, r5
100029f8:	421a      	tst	r2, r3
100029fa:	d029      	beq.n	10002a50 <_ntoa_format+0x15c>
100029fc:	464a      	mov	r2, r9
100029fe:	2a00      	cmp	r2, #0
10002a00:	d139      	bne.n	10002a76 <_ntoa_format+0x182>
10002a02:	320c      	adds	r2, #12
10002a04:	421a      	tst	r2, r3
10002a06:	d136      	bne.n	10002a76 <_ntoa_format+0x182>
10002a08:	42bc      	cmp	r4, r7
10002a0a:	d29b      	bcs.n	10002944 <_ntoa_format+0x50>
10002a0c:	2c20      	cmp	r4, #32
10002a0e:	d000      	beq.n	10002a12 <_ntoa_format+0x11e>
10002a10:	e78b      	b.n	1000292a <_ntoa_format+0x36>
10002a12:	2210      	movs	r2, #16
10002a14:	401a      	ands	r2, r3
10002a16:	2e20      	cmp	r6, #32
10002a18:	d8c3      	bhi.n	100029a2 <_ntoa_format+0xae>
10002a1a:	2a00      	cmp	r2, #0
10002a1c:	d1a2      	bne.n	10002964 <_ntoa_format+0x70>
10002a1e:	e7d8      	b.n	100029d2 <_ntoa_format+0xde>
10002a20:	2420      	movs	r4, #32
10002a22:	06da      	lsls	r2, r3, #27
10002a24:	d5d5      	bpl.n	100029d2 <_ntoa_format+0xde>
10002a26:	055a      	lsls	r2, r3, #21
10002a28:	d403      	bmi.n	10002a32 <_ntoa_format+0x13e>
10002a2a:	42a7      	cmp	r7, r4
10002a2c:	d025      	beq.n	10002a7a <_ntoa_format+0x186>
10002a2e:	42b4      	cmp	r4, r6
10002a30:	d023      	beq.n	10002a7a <_ntoa_format+0x186>
10002a32:	9a0f      	ldr	r2, [sp, #60]	@ 0x3c
10002a34:	2a10      	cmp	r2, #16
10002a36:	d025      	beq.n	10002a84 <_ntoa_format+0x190>
10002a38:	2a02      	cmp	r2, #2
10002a3a:	d014      	beq.n	10002a66 <_ntoa_format+0x172>
10002a3c:	2c20      	cmp	r4, #32
10002a3e:	d0c8      	beq.n	100029d2 <_ntoa_format+0xde>
10002a40:	0022      	movs	r2, r4
10002a42:	3401      	adds	r4, #1
10002a44:	e7c0      	b.n	100029c8 <_ntoa_format+0xd4>
10002a46:	222d      	movs	r2, #45	@ 0x2d
10002a48:	9d0c      	ldr	r5, [sp, #48]	@ 0x30
10002a4a:	552a      	strb	r2, [r5, r4]
10002a4c:	3401      	adds	r4, #1
10002a4e:	e7c0      	b.n	100029d2 <_ntoa_format+0xde>
10002a50:	42bc      	cmp	r4, r7
10002a52:	d300      	bcc.n	10002a56 <_ntoa_format+0x162>
10002a54:	e784      	b.n	10002960 <_ntoa_format+0x6c>
10002a56:	2c20      	cmp	r4, #32
10002a58:	d000      	beq.n	10002a5c <_ntoa_format+0x168>
10002a5a:	e766      	b.n	1000292a <_ntoa_format+0x36>
10002a5c:	2210      	movs	r2, #16
10002a5e:	401a      	ands	r2, r3
10002a60:	2a00      	cmp	r2, #0
10002a62:	d1e0      	bne.n	10002a26 <_ntoa_format+0x132>
10002a64:	e7b5      	b.n	100029d2 <_ntoa_format+0xde>
10002a66:	2c20      	cmp	r4, #32
10002a68:	d0b3      	beq.n	100029d2 <_ntoa_format+0xde>
10002a6a:	0022      	movs	r2, r4
10002a6c:	3401      	adds	r4, #1
10002a6e:	2562      	movs	r5, #98	@ 0x62
10002a70:	9f0c      	ldr	r7, [sp, #48]	@ 0x30
10002a72:	54bd      	strb	r5, [r7, r2]
10002a74:	e7e2      	b.n	10002a3c <_ntoa_format+0x148>
10002a76:	3e01      	subs	r6, #1
10002a78:	e7c6      	b.n	10002a08 <_ntoa_format+0x114>
10002a7a:	1e62      	subs	r2, r4, #1
10002a7c:	2c01      	cmp	r4, #1
10002a7e:	d100      	bne.n	10002a82 <_ntoa_format+0x18e>
10002a80:	e774      	b.n	1000296c <_ntoa_format+0x78>
10002a82:	e79b      	b.n	100029bc <_ntoa_format+0xc8>
10002a84:	069a      	lsls	r2, r3, #26
10002a86:	d416      	bmi.n	10002ab6 <_ntoa_format+0x1c2>
10002a88:	2c20      	cmp	r4, #32
10002a8a:	d0a2      	beq.n	100029d2 <_ntoa_format+0xde>
10002a8c:	2278      	movs	r2, #120	@ 0x78
10002a8e:	9d0c      	ldr	r5, [sp, #48]	@ 0x30
10002a90:	552a      	strb	r2, [r5, r4]
10002a92:	3401      	adds	r4, #1
10002a94:	e7d2      	b.n	10002a3c <_ntoa_format+0x148>
10002a96:	071a      	lsls	r2, r3, #28
10002a98:	d59b      	bpl.n	100029d2 <_ntoa_format+0xde>
10002a9a:	2220      	movs	r2, #32
10002a9c:	9d0c      	ldr	r5, [sp, #48]	@ 0x30
10002a9e:	552a      	strb	r2, [r5, r4]
10002aa0:	3401      	adds	r4, #1
10002aa2:	e796      	b.n	100029d2 <_ntoa_format+0xde>
10002aa4:	069a      	lsls	r2, r3, #26
10002aa6:	d40f      	bmi.n	10002ac8 <_ntoa_format+0x1d4>
10002aa8:	2278      	movs	r2, #120	@ 0x78
10002aaa:	9c0c      	ldr	r4, [sp, #48]	@ 0x30
10002aac:	7022      	strb	r2, [r4, #0]
10002aae:	2230      	movs	r2, #48	@ 0x30
10002ab0:	7062      	strb	r2, [r4, #1]
10002ab2:	2402      	movs	r4, #2
10002ab4:	e765      	b.n	10002982 <_ntoa_format+0x8e>
10002ab6:	2c20      	cmp	r4, #32
10002ab8:	d100      	bne.n	10002abc <_ntoa_format+0x1c8>
10002aba:	e78a      	b.n	100029d2 <_ntoa_format+0xde>
10002abc:	2558      	movs	r5, #88	@ 0x58
10002abe:	9a0c      	ldr	r2, [sp, #48]	@ 0x30
10002ac0:	1912      	adds	r2, r2, r4
10002ac2:	7015      	strb	r5, [r2, #0]
10002ac4:	3401      	adds	r4, #1
10002ac6:	e7b9      	b.n	10002a3c <_ntoa_format+0x148>
10002ac8:	2258      	movs	r2, #88	@ 0x58
10002aca:	e7ee      	b.n	10002aaa <_ntoa_format+0x1b6>
10002acc:	2262      	movs	r2, #98	@ 0x62
10002ace:	e7ec      	b.n	10002aaa <_ntoa_format+0x1b6>
10002ad0:	2210      	movs	r2, #16
10002ad2:	4655      	mov	r5, sl
10002ad4:	401a      	ands	r2, r3
10002ad6:	2d00      	cmp	r5, #0
10002ad8:	d19f      	bne.n	10002a1a <_ntoa_format+0x126>
10002ada:	e7c1      	b.n	10002a60 <_ntoa_format+0x16c>
10002adc:	3c02      	subs	r4, #2
10002ade:	069d      	lsls	r5, r3, #26
10002ae0:	d404      	bmi.n	10002aec <_ntoa_format+0x1f8>
10002ae2:	2578      	movs	r5, #120	@ 0x78
10002ae4:	9f0c      	ldr	r7, [sp, #48]	@ 0x30
10002ae6:	553d      	strb	r5, [r7, r4]
10002ae8:	0014      	movs	r4, r2
10002aea:	e7a9      	b.n	10002a40 <_ntoa_format+0x14c>
10002aec:	2558      	movs	r5, #88	@ 0x58
10002aee:	9f0c      	ldr	r7, [sp, #48]	@ 0x30
10002af0:	553d      	strb	r5, [r7, r4]
10002af2:	0014      	movs	r4, r2
10002af4:	e7a4      	b.n	10002a40 <_ntoa_format+0x14c>
10002af6:	221f      	movs	r2, #31
10002af8:	e760      	b.n	100029bc <_ntoa_format+0xc8>
10002afa:	46c0      	nop			@ (mov r8, r8)

10002afc <_out_char>:
10002afc:	b510      	push	{r4, lr}
10002afe:	2800      	cmp	r0, #0
10002b00:	d100      	bne.n	10002b04 <_out_char+0x8>
10002b02:	bd10      	pop	{r4, pc}
10002b04:	f001 fb8a 	bl	1000421c <__wrap_putchar>
10002b08:	e7fb      	b.n	10002b02 <_out_char+0x6>
10002b0a:	46c0      	nop			@ (mov r8, r8)

10002b0c <_out_fct>:
10002b0c:	000b      	movs	r3, r1
10002b0e:	b510      	push	{r4, lr}
10002b10:	2800      	cmp	r0, #0
10002b12:	d002      	beq.n	10002b1a <_out_fct+0xe>
10002b14:	6849      	ldr	r1, [r1, #4]
10002b16:	681b      	ldr	r3, [r3, #0]
10002b18:	4798      	blx	r3
10002b1a:	bd10      	pop	{r4, pc}

10002b1c <_etoa>:
10002b1c:	b5f0      	push	{r4, r5, r6, r7, lr}
10002b1e:	4657      	mov	r7, sl
10002b20:	464e      	mov	r6, r9
10002b22:	4645      	mov	r5, r8
10002b24:	46de      	mov	lr, fp
10002b26:	b5e0      	push	{r5, r6, r7, lr}
10002b28:	b099      	sub	sp, #100	@ 0x64
10002b2a:	4682      	mov	sl, r0
10002b2c:	4689      	mov	r9, r1
10002b2e:	4690      	mov	r8, r2
10002b30:	9308      	str	r3, [sp, #32]
10002b32:	9a22      	ldr	r2, [sp, #136]	@ 0x88
10002b34:	9b23      	ldr	r3, [sp, #140]	@ 0x8c
10002b36:	0010      	movs	r0, r2
10002b38:	0019      	movs	r1, r3
10002b3a:	f7ff fa4a 	bl	10001fd2 <__wrap___aeabi_dcmpun>
10002b3e:	2800      	cmp	r0, #0
10002b40:	d000      	beq.n	10002b44 <_etoa+0x28>
10002b42:	e0cd      	b.n	10002ce0 <_etoa+0x1c4>
10002b44:	9822      	ldr	r0, [sp, #136]	@ 0x88
10002b46:	9923      	ldr	r1, [sp, #140]	@ 0x8c
10002b48:	2201      	movs	r2, #1
10002b4a:	4bd9      	ldr	r3, [pc, #868]	@ (10002eb0 <_etoa+0x394>)
10002b4c:	4252      	negs	r2, r2
10002b4e:	f7ff fa3b 	bl	10001fc8 <__wrap___aeabi_dcmpgt>
10002b52:	2800      	cmp	r0, #0
10002b54:	d000      	beq.n	10002b58 <_etoa+0x3c>
10002b56:	e0c3      	b.n	10002ce0 <_etoa+0x1c4>
10002b58:	9822      	ldr	r0, [sp, #136]	@ 0x88
10002b5a:	9923      	ldr	r1, [sp, #140]	@ 0x8c
10002b5c:	2201      	movs	r2, #1
10002b5e:	4bd5      	ldr	r3, [pc, #852]	@ (10002eb4 <_etoa+0x398>)
10002b60:	4252      	negs	r2, r2
10002b62:	f7ff fa23 	bl	10001fac <__wrap___aeabi_dcmplt>
10002b66:	2800      	cmp	r0, #0
10002b68:	d000      	beq.n	10002b6c <_etoa+0x50>
10002b6a:	e0b9      	b.n	10002ce0 <_etoa+0x1c4>
10002b6c:	9822      	ldr	r0, [sp, #136]	@ 0x88
10002b6e:	9923      	ldr	r1, [sp, #140]	@ 0x8c
10002b70:	2200      	movs	r2, #0
10002b72:	2300      	movs	r3, #0
10002b74:	f7ff fa1a 	bl	10001fac <__wrap___aeabi_dcmplt>
10002b78:	2800      	cmp	r0, #0
10002b7a:	d000      	beq.n	10002b7e <_etoa+0x62>
10002b7c:	e1f1      	b.n	10002f62 <_etoa+0x446>
10002b7e:	9e22      	ldr	r6, [sp, #136]	@ 0x88
10002b80:	9f23      	ldr	r7, [sp, #140]	@ 0x8c
10002b82:	2380      	movs	r3, #128	@ 0x80
10002b84:	9a26      	ldr	r2, [sp, #152]	@ 0x98
10002b86:	00db      	lsls	r3, r3, #3
10002b88:	401a      	ands	r2, r3
10002b8a:	920d      	str	r2, [sp, #52]	@ 0x34
10002b8c:	9a26      	ldr	r2, [sp, #152]	@ 0x98
10002b8e:	421a      	tst	r2, r3
10002b90:	d101      	bne.n	10002b96 <_etoa+0x7a>
10002b92:	2306      	movs	r3, #6
10002b94:	9324      	str	r3, [sp, #144]	@ 0x90
10002b96:	2380      	movs	r3, #128	@ 0x80
10002b98:	9a26      	ldr	r2, [sp, #152]	@ 0x98
10002b9a:	011b      	lsls	r3, r3, #4
10002b9c:	401a      	ands	r2, r3
10002b9e:	003b      	movs	r3, r7
10002ba0:	4693      	mov	fp, r2
10002ba2:	9609      	str	r6, [sp, #36]	@ 0x24
10002ba4:	4333      	orrs	r3, r6
10002ba6:	d000      	beq.n	10002baa <_etoa+0x8e>
10002ba8:	e0b3      	b.n	10002d12 <_etoa+0x1f6>
10002baa:	2a00      	cmp	r2, #0
10002bac:	d000      	beq.n	10002bb0 <_etoa+0x94>
10002bae:	e1c2      	b.n	10002f36 <_etoa+0x41a>
10002bb0:	2300      	movs	r3, #0
10002bb2:	2400      	movs	r4, #0
10002bb4:	930a      	str	r3, [sp, #40]	@ 0x28
10002bb6:	940b      	str	r4, [sp, #44]	@ 0x2c
10002bb8:	2300      	movs	r3, #0
10002bba:	2504      	movs	r5, #4
10002bbc:	9309      	str	r3, [sp, #36]	@ 0x24
10002bbe:	9b25      	ldr	r3, [sp, #148]	@ 0x94
10002bc0:	2400      	movs	r4, #0
10002bc2:	42ab      	cmp	r3, r5
10002bc4:	d900      	bls.n	10002bc8 <_etoa+0xac>
10002bc6:	1b5c      	subs	r4, r3, r5
10002bc8:	2302      	movs	r3, #2
10002bca:	9a26      	ldr	r2, [sp, #152]	@ 0x98
10002bcc:	401a      	ands	r2, r3
10002bce:	920c      	str	r2, [sp, #48]	@ 0x30
10002bd0:	9a26      	ldr	r2, [sp, #152]	@ 0x98
10002bd2:	4213      	tst	r3, r2
10002bd4:	d003      	beq.n	10002bde <_etoa+0xc2>
10002bd6:	426b      	negs	r3, r5
10002bd8:	416b      	adcs	r3, r5
10002bda:	425b      	negs	r3, r3
10002bdc:	401c      	ands	r4, r3
10002bde:	9b09      	ldr	r3, [sp, #36]	@ 0x24
10002be0:	2b00      	cmp	r3, #0
10002be2:	d007      	beq.n	10002bf4 <_etoa+0xd8>
10002be4:	9a0a      	ldr	r2, [sp, #40]	@ 0x28
10002be6:	9b0b      	ldr	r3, [sp, #44]	@ 0x2c
10002be8:	0030      	movs	r0, r6
10002bea:	0039      	movs	r1, r7
10002bec:	f7ff f97d 	bl	10001eea <__wrap___aeabi_ddiv>
10002bf0:	0006      	movs	r6, r0
10002bf2:	000f      	movs	r7, r1
10002bf4:	9822      	ldr	r0, [sp, #136]	@ 0x88
10002bf6:	9923      	ldr	r1, [sp, #140]	@ 0x8c
10002bf8:	2200      	movs	r2, #0
10002bfa:	2300      	movs	r3, #0
10002bfc:	f7ff f9d6 	bl	10001fac <__wrap___aeabi_dcmplt>
10002c00:	2800      	cmp	r0, #0
10002c02:	d003      	beq.n	10002c0c <_etoa+0xf0>
10002c04:	2180      	movs	r1, #128	@ 0x80
10002c06:	0609      	lsls	r1, r1, #24
10002c08:	187b      	adds	r3, r7, r1
10002c0a:	001f      	movs	r7, r3
10002c0c:	9a26      	ldr	r2, [sp, #152]	@ 0x98
10002c0e:	4baa      	ldr	r3, [pc, #680]	@ (10002eb8 <_etoa+0x39c>)
10002c10:	9600      	str	r6, [sp, #0]
10002c12:	9701      	str	r7, [sp, #4]
10002c14:	4013      	ands	r3, r2
10002c16:	9e08      	ldr	r6, [sp, #32]
10002c18:	9304      	str	r3, [sp, #16]
10002c1a:	9b24      	ldr	r3, [sp, #144]	@ 0x90
10002c1c:	9403      	str	r4, [sp, #12]
10002c1e:	9302      	str	r3, [sp, #8]
10002c20:	4642      	mov	r2, r8
10002c22:	0033      	movs	r3, r6
10002c24:	4649      	mov	r1, r9
10002c26:	4650      	mov	r0, sl
10002c28:	f000 f9aa 	bl	10002f80 <_ftoa>
10002c2c:	0004      	movs	r4, r0
10002c2e:	2d00      	cmp	r5, #0
10002c30:	d067      	beq.n	10002d02 <_etoa+0x1e6>
10002c32:	2020      	movs	r0, #32
10002c34:	9a26      	ldr	r2, [sp, #152]	@ 0x98
10002c36:	4649      	mov	r1, r9
10002c38:	4002      	ands	r2, r0
10002c3a:	0013      	movs	r3, r2
10002c3c:	425a      	negs	r2, r3
10002c3e:	4153      	adcs	r3, r2
10002c40:	425b      	negs	r3, r3
10002c42:	1c62      	adds	r2, r4, #1
10002c44:	4018      	ands	r0, r3
10002c46:	920a      	str	r2, [sp, #40]	@ 0x28
10002c48:	0033      	movs	r3, r6
10002c4a:	0022      	movs	r2, r4
10002c4c:	3045      	adds	r0, #69	@ 0x45
10002c4e:	47d0      	blx	sl
10002c50:	9a09      	ldr	r2, [sp, #36]	@ 0x24
10002c52:	1e6f      	subs	r7, r5, #1
10002c54:	17d3      	asrs	r3, r2, #31
10002c56:	18d4      	adds	r4, r2, r3
10002c58:	405c      	eors	r4, r3
10002c5a:	0fd3      	lsrs	r3, r2, #31
10002c5c:	469b      	mov	fp, r3
10002c5e:	2500      	movs	r5, #0
10002c60:	e001      	b.n	10002c66 <_etoa+0x14a>
10002c62:	2d20      	cmp	r5, #32
10002c64:	d013      	beq.n	10002c8e <_etoa+0x172>
10002c66:	aa08      	add	r2, sp, #32
10002c68:	4694      	mov	ip, r2
10002c6a:	231f      	movs	r3, #31
10002c6c:	0020      	movs	r0, r4
10002c6e:	4463      	add	r3, ip
10002c70:	210a      	movs	r1, #10
10002c72:	3501      	adds	r5, #1
10002c74:	195e      	adds	r6, r3, r5
10002c76:	f7fe feeb 	bl	10001a50 <__wrap___aeabi_uidiv>
10002c7a:	3130      	adds	r1, #48	@ 0x30
10002c7c:	7031      	strb	r1, [r6, #0]
10002c7e:	0020      	movs	r0, r4
10002c80:	210a      	movs	r1, #10
10002c82:	f7fe fee5 	bl	10001a50 <__wrap___aeabi_uidiv>
10002c86:	0026      	movs	r6, r4
10002c88:	0004      	movs	r4, r0
10002c8a:	2e09      	cmp	r6, #9
10002c8c:	d8e9      	bhi.n	10002c62 <_etoa+0x146>
10002c8e:	2305      	movs	r3, #5
10002c90:	9306      	str	r3, [sp, #24]
10002c92:	2300      	movs	r3, #0
10002c94:	9304      	str	r3, [sp, #16]
10002c96:	330a      	adds	r3, #10
10002c98:	9303      	str	r3, [sp, #12]
10002c9a:	465b      	mov	r3, fp
10002c9c:	9e08      	ldr	r6, [sp, #32]
10002c9e:	9302      	str	r3, [sp, #8]
10002ca0:	ab10      	add	r3, sp, #64	@ 0x40
10002ca2:	9a0a      	ldr	r2, [sp, #40]	@ 0x28
10002ca4:	9300      	str	r3, [sp, #0]
10002ca6:	4649      	mov	r1, r9
10002ca8:	0033      	movs	r3, r6
10002caa:	4650      	mov	r0, sl
10002cac:	9705      	str	r7, [sp, #20]
10002cae:	9501      	str	r5, [sp, #4]
10002cb0:	f7ff fe20 	bl	100028f4 <_ntoa_format>
10002cb4:	9a0c      	ldr	r2, [sp, #48]	@ 0x30
10002cb6:	0004      	movs	r4, r0
10002cb8:	2a00      	cmp	r2, #0
10002cba:	d022      	beq.n	10002d02 <_etoa+0x1e6>
10002cbc:	4642      	mov	r2, r8
10002cbe:	1a85      	subs	r5, r0, r2
10002cc0:	9a25      	ldr	r2, [sp, #148]	@ 0x94
10002cc2:	42aa      	cmp	r2, r5
10002cc4:	d91d      	bls.n	10002d02 <_etoa+0x1e6>
10002cc6:	46b0      	mov	r8, r6
10002cc8:	4657      	mov	r7, sl
10002cca:	0016      	movs	r6, r2
10002ccc:	0022      	movs	r2, r4
10002cce:	4643      	mov	r3, r8
10002cd0:	4649      	mov	r1, r9
10002cd2:	2020      	movs	r0, #32
10002cd4:	3501      	adds	r5, #1
10002cd6:	47b8      	blx	r7
10002cd8:	3401      	adds	r4, #1
10002cda:	42ae      	cmp	r6, r5
10002cdc:	d8f6      	bhi.n	10002ccc <_etoa+0x1b0>
10002cde:	e010      	b.n	10002d02 <_etoa+0x1e6>
10002ce0:	9b26      	ldr	r3, [sp, #152]	@ 0x98
10002ce2:	4642      	mov	r2, r8
10002ce4:	9304      	str	r3, [sp, #16]
10002ce6:	9b25      	ldr	r3, [sp, #148]	@ 0x94
10002ce8:	4649      	mov	r1, r9
10002cea:	9303      	str	r3, [sp, #12]
10002cec:	9b24      	ldr	r3, [sp, #144]	@ 0x90
10002cee:	4650      	mov	r0, sl
10002cf0:	9302      	str	r3, [sp, #8]
10002cf2:	9b22      	ldr	r3, [sp, #136]	@ 0x88
10002cf4:	9c23      	ldr	r4, [sp, #140]	@ 0x8c
10002cf6:	9300      	str	r3, [sp, #0]
10002cf8:	9401      	str	r4, [sp, #4]
10002cfa:	9b08      	ldr	r3, [sp, #32]
10002cfc:	f000 f940 	bl	10002f80 <_ftoa>
10002d00:	0004      	movs	r4, r0
10002d02:	0020      	movs	r0, r4
10002d04:	b019      	add	sp, #100	@ 0x64
10002d06:	bcf0      	pop	{r4, r5, r6, r7}
10002d08:	46bb      	mov	fp, r7
10002d0a:	46b2      	mov	sl, r6
10002d0c:	46a9      	mov	r9, r5
10002d0e:	46a0      	mov	r8, r4
10002d10:	bdf0      	pop	{r4, r5, r6, r7, pc}
10002d12:	4b6a      	ldr	r3, [pc, #424]	@ (10002ebc <_etoa+0x3a0>)
10002d14:	0078      	lsls	r0, r7, #1
10002d16:	469c      	mov	ip, r3
10002d18:	0d40      	lsrs	r0, r0, #21
10002d1a:	4460      	add	r0, ip
10002d1c:	f7ff f96a 	bl	10001ff4 <__wrap___aeabi_i2d>
10002d20:	4a67      	ldr	r2, [pc, #412]	@ (10002ec0 <_etoa+0x3a4>)
10002d22:	4b68      	ldr	r3, [pc, #416]	@ (10002ec4 <_etoa+0x3a8>)
10002d24:	f7ff f8ff 	bl	10001f26 <__wrap___aeabi_dmul>
10002d28:	4a67      	ldr	r2, [pc, #412]	@ (10002ec8 <_etoa+0x3ac>)
10002d2a:	4b68      	ldr	r3, [pc, #416]	@ (10002ecc <_etoa+0x3b0>)
10002d2c:	f7ff f8d4 	bl	10001ed8 <__wrap___aeabi_dadd>
10002d30:	4a67      	ldr	r2, [pc, #412]	@ (10002ed0 <_etoa+0x3b4>)
10002d32:	033b      	lsls	r3, r7, #12
10002d34:	0b1b      	lsrs	r3, r3, #12
10002d36:	431a      	orrs	r2, r3
10002d38:	0004      	movs	r4, r0
10002d3a:	000d      	movs	r5, r1
10002d3c:	9809      	ldr	r0, [sp, #36]	@ 0x24
10002d3e:	0011      	movs	r1, r2
10002d40:	4b64      	ldr	r3, [pc, #400]	@ (10002ed4 <_etoa+0x3b8>)
10002d42:	2200      	movs	r2, #0
10002d44:	f7ff f8bf 	bl	10001ec6 <__wrap___aeabi_dsub>
10002d48:	4a63      	ldr	r2, [pc, #396]	@ (10002ed8 <_etoa+0x3bc>)
10002d4a:	4b64      	ldr	r3, [pc, #400]	@ (10002edc <_etoa+0x3c0>)
10002d4c:	f7ff f8eb 	bl	10001f26 <__wrap___aeabi_dmul>
10002d50:	0002      	movs	r2, r0
10002d52:	000b      	movs	r3, r1
10002d54:	0020      	movs	r0, r4
10002d56:	0029      	movs	r1, r5
10002d58:	f7ff f8be 	bl	10001ed8 <__wrap___aeabi_dadd>
10002d5c:	f7ff f962 	bl	10002024 <__wrap___aeabi_d2iz>
10002d60:	9009      	str	r0, [sp, #36]	@ 0x24
10002d62:	f7ff f947 	bl	10001ff4 <__wrap___aeabi_i2d>
10002d66:	4a5e      	ldr	r2, [pc, #376]	@ (10002ee0 <_etoa+0x3c4>)
10002d68:	4b5e      	ldr	r3, [pc, #376]	@ (10002ee4 <_etoa+0x3c8>)
10002d6a:	0004      	movs	r4, r0
10002d6c:	000d      	movs	r5, r1
10002d6e:	f7ff f8da 	bl	10001f26 <__wrap___aeabi_dmul>
10002d72:	2200      	movs	r2, #0
10002d74:	4b5c      	ldr	r3, [pc, #368]	@ (10002ee8 <_etoa+0x3cc>)
10002d76:	f7ff f8af 	bl	10001ed8 <__wrap___aeabi_dadd>
10002d7a:	f7ff f953 	bl	10002024 <__wrap___aeabi_d2iz>
10002d7e:	4a5b      	ldr	r2, [pc, #364]	@ (10002eec <_etoa+0x3d0>)
10002d80:	4b5b      	ldr	r3, [pc, #364]	@ (10002ef0 <_etoa+0x3d4>)
10002d82:	0029      	movs	r1, r5
10002d84:	900c      	str	r0, [sp, #48]	@ 0x30
10002d86:	0020      	movs	r0, r4
10002d88:	f7ff f8cd 	bl	10001f26 <__wrap___aeabi_dmul>
10002d8c:	0004      	movs	r4, r0
10002d8e:	980c      	ldr	r0, [sp, #48]	@ 0x30
10002d90:	000d      	movs	r5, r1
10002d92:	f7ff f92f 	bl	10001ff4 <__wrap___aeabi_i2d>
10002d96:	4a57      	ldr	r2, [pc, #348]	@ (10002ef4 <_etoa+0x3d8>)
10002d98:	4b57      	ldr	r3, [pc, #348]	@ (10002ef8 <_etoa+0x3dc>)
10002d9a:	f7ff f8c4 	bl	10001f26 <__wrap___aeabi_dmul>
10002d9e:	0002      	movs	r2, r0
10002da0:	000b      	movs	r3, r1
10002da2:	0020      	movs	r0, r4
10002da4:	0029      	movs	r1, r5
10002da6:	f7ff f88e 	bl	10001ec6 <__wrap___aeabi_dsub>
10002daa:	0004      	movs	r4, r0
10002dac:	000d      	movs	r5, r1
10002dae:	0002      	movs	r2, r0
10002db0:	000b      	movs	r3, r1
10002db2:	940a      	str	r4, [sp, #40]	@ 0x28
10002db4:	950b      	str	r5, [sp, #44]	@ 0x2c
10002db6:	f7ff f8b6 	bl	10001f26 <__wrap___aeabi_dmul>
10002dba:	0004      	movs	r4, r0
10002dbc:	000d      	movs	r5, r1
10002dbe:	980a      	ldr	r0, [sp, #40]	@ 0x28
10002dc0:	990b      	ldr	r1, [sp, #44]	@ 0x2c
10002dc2:	0002      	movs	r2, r0
10002dc4:	000b      	movs	r3, r1
10002dc6:	f7ff f887 	bl	10001ed8 <__wrap___aeabi_dadd>
10002dca:	2200      	movs	r2, #0
10002dcc:	900e      	str	r0, [sp, #56]	@ 0x38
10002dce:	910f      	str	r1, [sp, #60]	@ 0x3c
10002dd0:	4b4a      	ldr	r3, [pc, #296]	@ (10002efc <_etoa+0x3e0>)
10002dd2:	0020      	movs	r0, r4
10002dd4:	0029      	movs	r1, r5
10002dd6:	f7ff f888 	bl	10001eea <__wrap___aeabi_ddiv>
10002dda:	2200      	movs	r2, #0
10002ddc:	4b48      	ldr	r3, [pc, #288]	@ (10002f00 <_etoa+0x3e4>)
10002dde:	f7ff f87b 	bl	10001ed8 <__wrap___aeabi_dadd>
10002de2:	0002      	movs	r2, r0
10002de4:	000b      	movs	r3, r1
10002de6:	0020      	movs	r0, r4
10002de8:	0029      	movs	r1, r5
10002dea:	f7ff f87e 	bl	10001eea <__wrap___aeabi_ddiv>
10002dee:	2200      	movs	r2, #0
10002df0:	4b44      	ldr	r3, [pc, #272]	@ (10002f04 <_etoa+0x3e8>)
10002df2:	f7ff f871 	bl	10001ed8 <__wrap___aeabi_dadd>
10002df6:	0002      	movs	r2, r0
10002df8:	000b      	movs	r3, r1
10002dfa:	0020      	movs	r0, r4
10002dfc:	0029      	movs	r1, r5
10002dfe:	f7ff f874 	bl	10001eea <__wrap___aeabi_ddiv>
10002e02:	9a0a      	ldr	r2, [sp, #40]	@ 0x28
10002e04:	9b0b      	ldr	r3, [sp, #44]	@ 0x2c
10002e06:	000d      	movs	r5, r1
10002e08:	2180      	movs	r1, #128	@ 0x80
10002e0a:	0004      	movs	r4, r0
10002e0c:	05c9      	lsls	r1, r1, #23
10002e0e:	2000      	movs	r0, #0
10002e10:	f7ff f859 	bl	10001ec6 <__wrap___aeabi_dsub>
10002e14:	0002      	movs	r2, r0
10002e16:	000b      	movs	r3, r1
10002e18:	0020      	movs	r0, r4
10002e1a:	0029      	movs	r1, r5
10002e1c:	f7ff f85c 	bl	10001ed8 <__wrap___aeabi_dadd>
10002e20:	0002      	movs	r2, r0
10002e22:	000b      	movs	r3, r1
10002e24:	980e      	ldr	r0, [sp, #56]	@ 0x38
10002e26:	990f      	ldr	r1, [sp, #60]	@ 0x3c
10002e28:	f7ff f85f 	bl	10001eea <__wrap___aeabi_ddiv>
10002e2c:	2200      	movs	r2, #0
10002e2e:	4b28      	ldr	r3, [pc, #160]	@ (10002ed0 <_etoa+0x3b4>)
10002e30:	f7ff f852 	bl	10001ed8 <__wrap___aeabi_dadd>
10002e34:	4b34      	ldr	r3, [pc, #208]	@ (10002f08 <_etoa+0x3ec>)
10002e36:	9c0c      	ldr	r4, [sp, #48]	@ 0x30
10002e38:	469c      	mov	ip, r3
10002e3a:	4464      	add	r4, ip
10002e3c:	0523      	lsls	r3, r4, #20
10002e3e:	2200      	movs	r2, #0
10002e40:	f7ff f871 	bl	10001f26 <__wrap___aeabi_dmul>
10002e44:	0004      	movs	r4, r0
10002e46:	000d      	movs	r5, r1
10002e48:	0002      	movs	r2, r0
10002e4a:	000b      	movs	r3, r1
10002e4c:	0030      	movs	r0, r6
10002e4e:	0039      	movs	r1, r7
10002e50:	940a      	str	r4, [sp, #40]	@ 0x28
10002e52:	950b      	str	r5, [sp, #44]	@ 0x2c
10002e54:	f7ff f8aa 	bl	10001fac <__wrap___aeabi_dcmplt>
10002e58:	2800      	cmp	r0, #0
10002e5a:	d15d      	bne.n	10002f18 <_etoa+0x3fc>
10002e5c:	0023      	movs	r3, r4
10002e5e:	002a      	movs	r2, r5
10002e60:	25c6      	movs	r5, #198	@ 0xc6
10002e62:	9909      	ldr	r1, [sp, #36]	@ 0x24
10002e64:	3163      	adds	r1, #99	@ 0x63
10002e66:	428d      	cmp	r5, r1
10002e68:	41ad      	sbcs	r5, r5
10002e6a:	4659      	mov	r1, fp
10002e6c:	426d      	negs	r5, r5
10002e6e:	3504      	adds	r5, #4
10002e70:	2900      	cmp	r1, #0
10002e72:	d100      	bne.n	10002e76 <_etoa+0x35a>
10002e74:	e6a3      	b.n	10002bbe <_etoa+0xa2>
10002e76:	4313      	orrs	r3, r2
10002e78:	d063      	beq.n	10002f42 <_etoa+0x426>
10002e7a:	0030      	movs	r0, r6
10002e7c:	0039      	movs	r1, r7
10002e7e:	4a23      	ldr	r2, [pc, #140]	@ (10002f0c <_etoa+0x3f0>)
10002e80:	4b23      	ldr	r3, [pc, #140]	@ (10002f10 <_etoa+0x3f4>)
10002e82:	f7ff f899 	bl	10001fb8 <__wrap___aeabi_dcmpge>
10002e86:	2800      	cmp	r0, #0
10002e88:	d007      	beq.n	10002e9a <_etoa+0x37e>
10002e8a:	2200      	movs	r2, #0
10002e8c:	0030      	movs	r0, r6
10002e8e:	0039      	movs	r1, r7
10002e90:	4b20      	ldr	r3, [pc, #128]	@ (10002f14 <_etoa+0x3f8>)
10002e92:	f7ff f88b 	bl	10001fac <__wrap___aeabi_dcmplt>
10002e96:	2800      	cmp	r0, #0
10002e98:	d153      	bne.n	10002f42 <_etoa+0x426>
10002e9a:	9b24      	ldr	r3, [sp, #144]	@ 0x90
10002e9c:	2b00      	cmp	r3, #0
10002e9e:	d100      	bne.n	10002ea2 <_etoa+0x386>
10002ea0:	e68d      	b.n	10002bbe <_etoa+0xa2>
10002ea2:	9b0d      	ldr	r3, [sp, #52]	@ 0x34
10002ea4:	1e5a      	subs	r2, r3, #1
10002ea6:	4193      	sbcs	r3, r2
10002ea8:	9a24      	ldr	r2, [sp, #144]	@ 0x90
10002eaa:	1ad3      	subs	r3, r2, r3
10002eac:	9324      	str	r3, [sp, #144]	@ 0x90
10002eae:	e686      	b.n	10002bbe <_etoa+0xa2>
10002eb0:	7fefffff 	.word	0x7fefffff
10002eb4:	ffefffff 	.word	0xffefffff
10002eb8:	fffff7ff 	.word	0xfffff7ff
10002ebc:	fffffc01 	.word	0xfffffc01
10002ec0:	509f79fb 	.word	0x509f79fb
10002ec4:	3fd34413 	.word	0x3fd34413
10002ec8:	8b60c8b3 	.word	0x8b60c8b3
10002ecc:	3fc68a28 	.word	0x3fc68a28
10002ed0:	3ff00000 	.word	0x3ff00000
10002ed4:	3ff80000 	.word	0x3ff80000
10002ed8:	636f4361 	.word	0x636f4361
10002edc:	3fd287a7 	.word	0x3fd287a7
10002ee0:	0979a371 	.word	0x0979a371
10002ee4:	400a934f 	.word	0x400a934f
10002ee8:	3fe00000 	.word	0x3fe00000
10002eec:	bbb55516 	.word	0xbbb55516
10002ef0:	40026bb1 	.word	0x40026bb1
10002ef4:	fefa39ef 	.word	0xfefa39ef
10002ef8:	3fe62e42 	.word	0x3fe62e42
10002efc:	402c0000 	.word	0x402c0000
10002f00:	40240000 	.word	0x40240000
10002f04:	40180000 	.word	0x40180000
10002f08:	000003ff 	.word	0x000003ff
10002f0c:	eb1c432d 	.word	0xeb1c432d
10002f10:	3f1a36e2 	.word	0x3f1a36e2
10002f14:	412e8480 	.word	0x412e8480
10002f18:	9b09      	ldr	r3, [sp, #36]	@ 0x24
10002f1a:	2200      	movs	r2, #0
10002f1c:	3b01      	subs	r3, #1
10002f1e:	9309      	str	r3, [sp, #36]	@ 0x24
10002f20:	0020      	movs	r0, r4
10002f22:	4b16      	ldr	r3, [pc, #88]	@ (10002f7c <_etoa+0x460>)
10002f24:	0029      	movs	r1, r5
10002f26:	f7fe ffe0 	bl	10001eea <__wrap___aeabi_ddiv>
10002f2a:	000a      	movs	r2, r1
10002f2c:	0001      	movs	r1, r0
10002f2e:	0003      	movs	r3, r0
10002f30:	910a      	str	r1, [sp, #40]	@ 0x28
10002f32:	920b      	str	r2, [sp, #44]	@ 0x2c
10002f34:	e794      	b.n	10002e60 <_etoa+0x344>
10002f36:	2300      	movs	r3, #0
10002f38:	2400      	movs	r4, #0
10002f3a:	930a      	str	r3, [sp, #40]	@ 0x28
10002f3c:	940b      	str	r4, [sp, #44]	@ 0x2c
10002f3e:	2300      	movs	r3, #0
10002f40:	9309      	str	r3, [sp, #36]	@ 0x24
10002f42:	9a24      	ldr	r2, [sp, #144]	@ 0x90
10002f44:	9b09      	ldr	r3, [sp, #36]	@ 0x24
10002f46:	429a      	cmp	r2, r3
10002f48:	dd14      	ble.n	10002f74 <_etoa+0x458>
10002f4a:	1ad3      	subs	r3, r2, r3
10002f4c:	3b01      	subs	r3, #1
10002f4e:	9324      	str	r3, [sp, #144]	@ 0x90
10002f50:	2380      	movs	r3, #128	@ 0x80
10002f52:	9a26      	ldr	r2, [sp, #152]	@ 0x98
10002f54:	00db      	lsls	r3, r3, #3
10002f56:	431a      	orrs	r2, r3
10002f58:	2300      	movs	r3, #0
10002f5a:	2500      	movs	r5, #0
10002f5c:	9226      	str	r2, [sp, #152]	@ 0x98
10002f5e:	9309      	str	r3, [sp, #36]	@ 0x24
10002f60:	e62d      	b.n	10002bbe <_etoa+0xa2>
10002f62:	2280      	movs	r2, #128	@ 0x80
10002f64:	0612      	lsls	r2, r2, #24
10002f66:	4694      	mov	ip, r2
10002f68:	9b22      	ldr	r3, [sp, #136]	@ 0x88
10002f6a:	001e      	movs	r6, r3
10002f6c:	9b23      	ldr	r3, [sp, #140]	@ 0x8c
10002f6e:	4463      	add	r3, ip
10002f70:	001f      	movs	r7, r3
10002f72:	e606      	b.n	10002b82 <_etoa+0x66>
10002f74:	2300      	movs	r3, #0
10002f76:	9324      	str	r3, [sp, #144]	@ 0x90
10002f78:	e7ea      	b.n	10002f50 <_etoa+0x434>
10002f7a:	46c0      	nop			@ (mov r8, r8)
10002f7c:	40240000 	.word	0x40240000

10002f80 <_ftoa>:
10002f80:	b5f0      	push	{r4, r5, r6, r7, lr}
10002f82:	4645      	mov	r5, r8
10002f84:	46de      	mov	lr, fp
10002f86:	464e      	mov	r6, r9
10002f88:	4657      	mov	r7, sl
10002f8a:	b5e0      	push	{r5, r6, r7, lr}
10002f8c:	b095      	sub	sp, #84	@ 0x54
10002f8e:	468b      	mov	fp, r1
10002f90:	4690      	mov	r8, r2
10002f92:	4699      	mov	r9, r3
10002f94:	9a1e      	ldr	r2, [sp, #120]	@ 0x78
10002f96:	9b1f      	ldr	r3, [sp, #124]	@ 0x7c
10002f98:	900a      	str	r0, [sp, #40]	@ 0x28
10002f9a:	0019      	movs	r1, r3
10002f9c:	0010      	movs	r0, r2
10002f9e:	9d20      	ldr	r5, [sp, #128]	@ 0x80
10002fa0:	f7ff f817 	bl	10001fd2 <__wrap___aeabi_dcmpun>
10002fa4:	2800      	cmp	r0, #0
10002fa6:	d000      	beq.n	10002faa <_ftoa+0x2a>
10002fa8:	e1b0      	b.n	1000330c <_ftoa+0x38c>
10002faa:	981e      	ldr	r0, [sp, #120]	@ 0x78
10002fac:	991f      	ldr	r1, [sp, #124]	@ 0x7c
10002fae:	2201      	movs	r2, #1
10002fb0:	4bc7      	ldr	r3, [pc, #796]	@ (100032d0 <_ftoa+0x350>)
10002fb2:	4252      	negs	r2, r2
10002fb4:	f7fe fffa 	bl	10001fac <__wrap___aeabi_dcmplt>
10002fb8:	2800      	cmp	r0, #0
10002fba:	d000      	beq.n	10002fbe <_ftoa+0x3e>
10002fbc:	e137      	b.n	1000322e <_ftoa+0x2ae>
10002fbe:	981e      	ldr	r0, [sp, #120]	@ 0x78
10002fc0:	991f      	ldr	r1, [sp, #124]	@ 0x7c
10002fc2:	2201      	movs	r2, #1
10002fc4:	4bc3      	ldr	r3, [pc, #780]	@ (100032d4 <_ftoa+0x354>)
10002fc6:	4252      	negs	r2, r2
10002fc8:	f7fe fffe 	bl	10001fc8 <__wrap___aeabi_dcmpgt>
10002fcc:	2800      	cmp	r0, #0
10002fce:	d000      	beq.n	10002fd2 <_ftoa+0x52>
10002fd0:	e0a7      	b.n	10003122 <_ftoa+0x1a2>
10002fd2:	981e      	ldr	r0, [sp, #120]	@ 0x78
10002fd4:	991f      	ldr	r1, [sp, #124]	@ 0x7c
10002fd6:	2200      	movs	r2, #0
10002fd8:	4bbf      	ldr	r3, [pc, #764]	@ (100032d8 <_ftoa+0x358>)
10002fda:	f7fe fff5 	bl	10001fc8 <__wrap___aeabi_dcmpgt>
10002fde:	2800      	cmp	r0, #0
10002fe0:	d000      	beq.n	10002fe4 <_ftoa+0x64>
10002fe2:	e088      	b.n	100030f6 <_ftoa+0x176>
10002fe4:	981e      	ldr	r0, [sp, #120]	@ 0x78
10002fe6:	991f      	ldr	r1, [sp, #124]	@ 0x7c
10002fe8:	2200      	movs	r2, #0
10002fea:	4bbc      	ldr	r3, [pc, #752]	@ (100032dc <_ftoa+0x35c>)
10002fec:	f7fe ffde 	bl	10001fac <__wrap___aeabi_dcmplt>
10002ff0:	2800      	cmp	r0, #0
10002ff2:	d000      	beq.n	10002ff6 <_ftoa+0x76>
10002ff4:	e07f      	b.n	100030f6 <_ftoa+0x176>
10002ff6:	981e      	ldr	r0, [sp, #120]	@ 0x78
10002ff8:	991f      	ldr	r1, [sp, #124]	@ 0x7c
10002ffa:	2200      	movs	r2, #0
10002ffc:	2300      	movs	r3, #0
10002ffe:	f7fe ffd5 	bl	10001fac <__wrap___aeabi_dcmplt>
10003002:	2800      	cmp	r0, #0
10003004:	d000      	beq.n	10003008 <_ftoa+0x88>
10003006:	e0fa      	b.n	100031fe <_ftoa+0x27e>
10003008:	2300      	movs	r3, #0
1000300a:	930b      	str	r3, [sp, #44]	@ 0x2c
1000300c:	2380      	movs	r3, #128	@ 0x80
1000300e:	9c22      	ldr	r4, [sp, #136]	@ 0x88
10003010:	9a22      	ldr	r2, [sp, #136]	@ 0x88
10003012:	00db      	lsls	r3, r3, #3
10003014:	401c      	ands	r4, r3
10003016:	421a      	tst	r2, r3
10003018:	d100      	bne.n	1000301c <_ftoa+0x9c>
1000301a:	e102      	b.n	10003222 <_ftoa+0x2a2>
1000301c:	2d09      	cmp	r5, #9
1000301e:	d800      	bhi.n	10003022 <_ftoa+0xa2>
10003020:	e17e      	b.n	10003320 <_ftoa+0x3a0>
10003022:	a906      	add	r1, sp, #24
10003024:	468c      	mov	ip, r1
10003026:	002c      	movs	r4, r5
10003028:	2217      	movs	r2, #23
1000302a:	2300      	movs	r3, #0
1000302c:	2130      	movs	r1, #48	@ 0x30
1000302e:	3c09      	subs	r4, #9
10003030:	4462      	add	r2, ip
10003032:	3301      	adds	r3, #1
10003034:	54d1      	strb	r1, [r2, r3]
10003036:	1aef      	subs	r7, r5, r3
10003038:	2b20      	cmp	r3, #32
1000303a:	d100      	bne.n	1000303e <_ftoa+0xbe>
1000303c:	e132      	b.n	100032a4 <_ftoa+0x324>
1000303e:	42a3      	cmp	r3, r4
10003040:	d1f7      	bne.n	10003032 <_ftoa+0xb2>
10003042:	2200      	movs	r2, #0
10003044:	4ba4      	ldr	r3, [pc, #656]	@ (100032d8 <_ftoa+0x358>)
10003046:	9206      	str	r2, [sp, #24]
10003048:	9307      	str	r3, [sp, #28]
1000304a:	981e      	ldr	r0, [sp, #120]	@ 0x78
1000304c:	991f      	ldr	r1, [sp, #124]	@ 0x7c
1000304e:	f7fe ffe9 	bl	10002024 <__wrap___aeabi_d2iz>
10003052:	0005      	movs	r5, r0
10003054:	f7fe ffce 	bl	10001ff4 <__wrap___aeabi_i2d>
10003058:	0002      	movs	r2, r0
1000305a:	000b      	movs	r3, r1
1000305c:	981e      	ldr	r0, [sp, #120]	@ 0x78
1000305e:	991f      	ldr	r1, [sp, #124]	@ 0x7c
10003060:	f7fe ff31 	bl	10001ec6 <__wrap___aeabi_dsub>
10003064:	9a06      	ldr	r2, [sp, #24]
10003066:	9b07      	ldr	r3, [sp, #28]
10003068:	f7fe ff5d 	bl	10001f26 <__wrap___aeabi_dmul>
1000306c:	9008      	str	r0, [sp, #32]
1000306e:	9109      	str	r1, [sp, #36]	@ 0x24
10003070:	f7fe fffc 	bl	1000206c <__wrap___aeabi_d2uiz>
10003074:	0006      	movs	r6, r0
10003076:	f7fe ffb9 	bl	10001fec <__wrap___aeabi_ui2d>
1000307a:	0002      	movs	r2, r0
1000307c:	000b      	movs	r3, r1
1000307e:	9808      	ldr	r0, [sp, #32]
10003080:	9909      	ldr	r1, [sp, #36]	@ 0x24
10003082:	f7fe ff20 	bl	10001ec6 <__wrap___aeabi_dsub>
10003086:	2200      	movs	r2, #0
10003088:	4b95      	ldr	r3, [pc, #596]	@ (100032e0 <_ftoa+0x360>)
1000308a:	9008      	str	r0, [sp, #32]
1000308c:	9109      	str	r1, [sp, #36]	@ 0x24
1000308e:	f7fe ff9b 	bl	10001fc8 <__wrap___aeabi_dcmpgt>
10003092:	2800      	cmp	r0, #0
10003094:	d100      	bne.n	10003098 <_ftoa+0x118>
10003096:	e0d2      	b.n	1000323e <_ftoa+0x2be>
10003098:	3601      	adds	r6, #1
1000309a:	0030      	movs	r0, r6
1000309c:	f7fe ffa6 	bl	10001fec <__wrap___aeabi_ui2d>
100030a0:	9a06      	ldr	r2, [sp, #24]
100030a2:	9b07      	ldr	r3, [sp, #28]
100030a4:	f7fe ff88 	bl	10001fb8 <__wrap___aeabi_dcmpge>
100030a8:	2800      	cmp	r0, #0
100030aa:	d001      	beq.n	100030b0 <_ftoa+0x130>
100030ac:	2600      	movs	r6, #0
100030ae:	3501      	adds	r5, #1
100030b0:	46aa      	mov	sl, r5
100030b2:	2f00      	cmp	r7, #0
100030b4:	d000      	beq.n	100030b8 <_ftoa+0x138>
100030b6:	e098      	b.n	100031ea <_ftoa+0x26a>
100030b8:	0028      	movs	r0, r5
100030ba:	f7fe ff9b 	bl	10001ff4 <__wrap___aeabi_i2d>
100030be:	0002      	movs	r2, r0
100030c0:	000b      	movs	r3, r1
100030c2:	981e      	ldr	r0, [sp, #120]	@ 0x78
100030c4:	991f      	ldr	r1, [sp, #124]	@ 0x7c
100030c6:	f7fe fefe 	bl	10001ec6 <__wrap___aeabi_dsub>
100030ca:	4b85      	ldr	r3, [pc, #532]	@ (100032e0 <_ftoa+0x360>)
100030cc:	2200      	movs	r2, #0
100030ce:	0006      	movs	r6, r0
100030d0:	000f      	movs	r7, r1
100030d2:	f7fe ff6b 	bl	10001fac <__wrap___aeabi_dcmplt>
100030d6:	ab0c      	add	r3, sp, #48	@ 0x30
100030d8:	469a      	mov	sl, r3
100030da:	2800      	cmp	r0, #0
100030dc:	d145      	bne.n	1000316a <_ftoa+0x1ea>
100030de:	2200      	movs	r2, #0
100030e0:	0030      	movs	r0, r6
100030e2:	0039      	movs	r1, r7
100030e4:	4b7e      	ldr	r3, [pc, #504]	@ (100032e0 <_ftoa+0x360>)
100030e6:	f7fe ff6f 	bl	10001fc8 <__wrap___aeabi_dcmpgt>
100030ea:	2800      	cmp	r0, #0
100030ec:	d13d      	bne.n	1000316a <_ftoa+0x1ea>
100030ee:	07eb      	lsls	r3, r5, #31
100030f0:	d53b      	bpl.n	1000316a <_ftoa+0x1ea>
100030f2:	3501      	adds	r5, #1
100030f4:	e039      	b.n	1000316a <_ftoa+0x1ea>
100030f6:	9b22      	ldr	r3, [sp, #136]	@ 0x88
100030f8:	4642      	mov	r2, r8
100030fa:	9304      	str	r3, [sp, #16]
100030fc:	9b21      	ldr	r3, [sp, #132]	@ 0x84
100030fe:	4659      	mov	r1, fp
10003100:	9303      	str	r3, [sp, #12]
10003102:	980a      	ldr	r0, [sp, #40]	@ 0x28
10003104:	9b1e      	ldr	r3, [sp, #120]	@ 0x78
10003106:	9c1f      	ldr	r4, [sp, #124]	@ 0x7c
10003108:	9502      	str	r5, [sp, #8]
1000310a:	9300      	str	r3, [sp, #0]
1000310c:	9401      	str	r4, [sp, #4]
1000310e:	464b      	mov	r3, r9
10003110:	f7ff fd04 	bl	10002b1c <_etoa>
10003114:	b015      	add	sp, #84	@ 0x54
10003116:	bcf0      	pop	{r4, r5, r6, r7}
10003118:	46bb      	mov	fp, r7
1000311a:	46b2      	mov	sl, r6
1000311c:	46a9      	mov	r9, r5
1000311e:	46a0      	mov	r8, r4
10003120:	bdf0      	pop	{r4, r5, r6, r7, pc}
10003122:	9b22      	ldr	r3, [sp, #136]	@ 0x88
10003124:	075b      	lsls	r3, r3, #29
10003126:	d467      	bmi.n	100031f8 <_ftoa+0x278>
10003128:	2203      	movs	r2, #3
1000312a:	4b6e      	ldr	r3, [pc, #440]	@ (100032e4 <_ftoa+0x364>)
1000312c:	9922      	ldr	r1, [sp, #136]	@ 0x88
1000312e:	9201      	str	r2, [sp, #4]
10003130:	9103      	str	r1, [sp, #12]
10003132:	9921      	ldr	r1, [sp, #132]	@ 0x84
10003134:	9102      	str	r1, [sp, #8]
10003136:	9300      	str	r3, [sp, #0]
10003138:	4642      	mov	r2, r8
1000313a:	464b      	mov	r3, r9
1000313c:	4659      	mov	r1, fp
1000313e:	980a      	ldr	r0, [sp, #40]	@ 0x28
10003140:	f7ff fb90 	bl	10002864 <_out_rev>
10003144:	e7e6      	b.n	10003114 <_ftoa+0x194>
10003146:	aa06      	add	r2, sp, #24
10003148:	4694      	mov	ip, r2
1000314a:	2317      	movs	r3, #23
1000314c:	0028      	movs	r0, r5
1000314e:	4463      	add	r3, ip
10003150:	210a      	movs	r1, #10
10003152:	3401      	adds	r4, #1
10003154:	191e      	adds	r6, r3, r4
10003156:	f7fe fc53 	bl	10001a00 <__wrap___aeabi_idiv>
1000315a:	3130      	adds	r1, #48	@ 0x30
1000315c:	0028      	movs	r0, r5
1000315e:	7031      	strb	r1, [r6, #0]
10003160:	210a      	movs	r1, #10
10003162:	f7fe fc4d 	bl	10001a00 <__wrap___aeabi_idiv>
10003166:	1e05      	subs	r5, r0, #0
10003168:	d076      	beq.n	10003258 <_ftoa+0x2d8>
1000316a:	2c20      	cmp	r4, #32
1000316c:	d1eb      	bne.n	10003146 <_ftoa+0x1c6>
1000316e:	2303      	movs	r3, #3
10003170:	9a22      	ldr	r2, [sp, #136]	@ 0x88
10003172:	4013      	ands	r3, r2
10003174:	2b01      	cmp	r3, #1
10003176:	d11d      	bne.n	100031b4 <_ftoa+0x234>
10003178:	9b21      	ldr	r3, [sp, #132]	@ 0x84
1000317a:	2b00      	cmp	r3, #0
1000317c:	d01a      	beq.n	100031b4 <_ftoa+0x234>
1000317e:	9b0b      	ldr	r3, [sp, #44]	@ 0x2c
10003180:	2b00      	cmp	r3, #0
10003182:	d000      	beq.n	10003186 <_ftoa+0x206>
10003184:	e0bb      	b.n	100032fe <_ftoa+0x37e>
10003186:	9a22      	ldr	r2, [sp, #136]	@ 0x88
10003188:	330c      	adds	r3, #12
1000318a:	4213      	tst	r3, r2
1000318c:	d000      	beq.n	10003190 <_ftoa+0x210>
1000318e:	e0b6      	b.n	100032fe <_ftoa+0x37e>
10003190:	9b21      	ldr	r3, [sp, #132]	@ 0x84
10003192:	42a3      	cmp	r3, r4
10003194:	d800      	bhi.n	10003198 <_ftoa+0x218>
10003196:	e087      	b.n	100032a8 <_ftoa+0x328>
10003198:	ab06      	add	r3, sp, #24
1000319a:	469c      	mov	ip, r3
1000319c:	2217      	movs	r2, #23
1000319e:	2330      	movs	r3, #48	@ 0x30
100031a0:	4462      	add	r2, ip
100031a2:	e004      	b.n	100031ae <_ftoa+0x22e>
100031a4:	9921      	ldr	r1, [sp, #132]	@ 0x84
100031a6:	3401      	adds	r4, #1
100031a8:	5513      	strb	r3, [r2, r4]
100031aa:	428c      	cmp	r4, r1
100031ac:	d059      	beq.n	10003262 <_ftoa+0x2e2>
100031ae:	2c20      	cmp	r4, #32
100031b0:	d1f8      	bne.n	100031a4 <_ftoa+0x224>
100031b2:	2420      	movs	r4, #32
100031b4:	9b22      	ldr	r3, [sp, #136]	@ 0x88
100031b6:	9401      	str	r4, [sp, #4]
100031b8:	9303      	str	r3, [sp, #12]
100031ba:	9b21      	ldr	r3, [sp, #132]	@ 0x84
100031bc:	9302      	str	r3, [sp, #8]
100031be:	4653      	mov	r3, sl
100031c0:	e7b9      	b.n	10003136 <_ftoa+0x1b6>
100031c2:	aa06      	add	r2, sp, #24
100031c4:	4694      	mov	ip, r2
100031c6:	2317      	movs	r3, #23
100031c8:	210a      	movs	r1, #10
100031ca:	4463      	add	r3, ip
100031cc:	0030      	movs	r0, r6
100031ce:	3401      	adds	r4, #1
100031d0:	191d      	adds	r5, r3, r4
100031d2:	f7fe fc3d 	bl	10001a50 <__wrap___aeabi_uidiv>
100031d6:	3130      	adds	r1, #48	@ 0x30
100031d8:	7029      	strb	r1, [r5, #0]
100031da:	0030      	movs	r0, r6
100031dc:	210a      	movs	r1, #10
100031de:	3f01      	subs	r7, #1
100031e0:	f7fe fc36 	bl	10001a50 <__wrap___aeabi_uidiv>
100031e4:	2e09      	cmp	r6, #9
100031e6:	d946      	bls.n	10003276 <_ftoa+0x2f6>
100031e8:	0006      	movs	r6, r0
100031ea:	2c20      	cmp	r4, #32
100031ec:	d1e9      	bne.n	100031c2 <_ftoa+0x242>
100031ee:	4655      	mov	r5, sl
100031f0:	ab0c      	add	r3, sp, #48	@ 0x30
100031f2:	2420      	movs	r4, #32
100031f4:	469a      	mov	sl, r3
100031f6:	e7b8      	b.n	1000316a <_ftoa+0x1ea>
100031f8:	2204      	movs	r2, #4
100031fa:	4b3b      	ldr	r3, [pc, #236]	@ (100032e8 <_ftoa+0x368>)
100031fc:	e796      	b.n	1000312c <_ftoa+0x1ac>
100031fe:	9a1e      	ldr	r2, [sp, #120]	@ 0x78
10003200:	9b1f      	ldr	r3, [sp, #124]	@ 0x7c
10003202:	2000      	movs	r0, #0
10003204:	2100      	movs	r1, #0
10003206:	f7fe fe5e 	bl	10001ec6 <__wrap___aeabi_dsub>
1000320a:	2301      	movs	r3, #1
1000320c:	930b      	str	r3, [sp, #44]	@ 0x2c
1000320e:	2380      	movs	r3, #128	@ 0x80
10003210:	9c22      	ldr	r4, [sp, #136]	@ 0x88
10003212:	9a22      	ldr	r2, [sp, #136]	@ 0x88
10003214:	00db      	lsls	r3, r3, #3
10003216:	901e      	str	r0, [sp, #120]	@ 0x78
10003218:	911f      	str	r1, [sp, #124]	@ 0x7c
1000321a:	401c      	ands	r4, r3
1000321c:	421a      	tst	r2, r3
1000321e:	d000      	beq.n	10003222 <_ftoa+0x2a2>
10003220:	e6fc      	b.n	1000301c <_ftoa+0x9c>
10003222:	2200      	movs	r2, #0
10003224:	4b31      	ldr	r3, [pc, #196]	@ (100032ec <_ftoa+0x36c>)
10003226:	2706      	movs	r7, #6
10003228:	9206      	str	r2, [sp, #24]
1000322a:	9307      	str	r3, [sp, #28]
1000322c:	e70d      	b.n	1000304a <_ftoa+0xca>
1000322e:	9b22      	ldr	r3, [sp, #136]	@ 0x88
10003230:	9303      	str	r3, [sp, #12]
10003232:	9b21      	ldr	r3, [sp, #132]	@ 0x84
10003234:	9302      	str	r3, [sp, #8]
10003236:	2304      	movs	r3, #4
10003238:	9301      	str	r3, [sp, #4]
1000323a:	4b2d      	ldr	r3, [pc, #180]	@ (100032f0 <_ftoa+0x370>)
1000323c:	e77b      	b.n	10003136 <_ftoa+0x1b6>
1000323e:	2200      	movs	r2, #0
10003240:	9808      	ldr	r0, [sp, #32]
10003242:	9909      	ldr	r1, [sp, #36]	@ 0x24
10003244:	4b26      	ldr	r3, [pc, #152]	@ (100032e0 <_ftoa+0x360>)
10003246:	f7fe feb1 	bl	10001fac <__wrap___aeabi_dcmplt>
1000324a:	2800      	cmp	r0, #0
1000324c:	d000      	beq.n	10003250 <_ftoa+0x2d0>
1000324e:	e72f      	b.n	100030b0 <_ftoa+0x130>
10003250:	2e00      	cmp	r6, #0
10003252:	d14f      	bne.n	100032f4 <_ftoa+0x374>
10003254:	3601      	adds	r6, #1
10003256:	e72b      	b.n	100030b0 <_ftoa+0x130>
10003258:	2303      	movs	r3, #3
1000325a:	9a22      	ldr	r2, [sp, #136]	@ 0x88
1000325c:	4013      	ands	r3, r2
1000325e:	2b01      	cmp	r3, #1
10003260:	d068      	beq.n	10003334 <_ftoa+0x3b4>
10003262:	2c20      	cmp	r4, #32
10003264:	d0a6      	beq.n	100031b4 <_ftoa+0x234>
10003266:	9b0b      	ldr	r3, [sp, #44]	@ 0x2c
10003268:	2b00      	cmp	r3, #0
1000326a:	d01f      	beq.n	100032ac <_ftoa+0x32c>
1000326c:	232d      	movs	r3, #45	@ 0x2d
1000326e:	4652      	mov	r2, sl
10003270:	5513      	strb	r3, [r2, r4]
10003272:	3401      	adds	r4, #1
10003274:	e79e      	b.n	100031b4 <_ftoa+0x234>
10003276:	4655      	mov	r5, sl
10003278:	2c20      	cmp	r4, #32
1000327a:	d0b9      	beq.n	100031f0 <_ftoa+0x270>
1000327c:	2230      	movs	r2, #48	@ 0x30
1000327e:	193b      	adds	r3, r7, r4
10003280:	2f00      	cmp	r7, #0
10003282:	d04b      	beq.n	1000331c <_ftoa+0x39c>
10003284:	2017      	movs	r0, #23
10003286:	a906      	add	r1, sp, #24
10003288:	3401      	adds	r4, #1
1000328a:	1809      	adds	r1, r1, r0
1000328c:	550a      	strb	r2, [r1, r4]
1000328e:	2c20      	cmp	r4, #32
10003290:	d0ae      	beq.n	100031f0 <_ftoa+0x270>
10003292:	429c      	cmp	r4, r3
10003294:	d1f6      	bne.n	10003284 <_ftoa+0x304>
10003296:	aa0c      	add	r2, sp, #48	@ 0x30
10003298:	4692      	mov	sl, r2
1000329a:	222e      	movs	r2, #46	@ 0x2e
1000329c:	4651      	mov	r1, sl
1000329e:	1c5c      	adds	r4, r3, #1
100032a0:	54ca      	strb	r2, [r1, r3]
100032a2:	e762      	b.n	1000316a <_ftoa+0x1ea>
100032a4:	2420      	movs	r4, #32
100032a6:	e6cc      	b.n	10003042 <_ftoa+0xc2>
100032a8:	2c20      	cmp	r4, #32
100032aa:	d083      	beq.n	100031b4 <_ftoa+0x234>
100032ac:	9b22      	ldr	r3, [sp, #136]	@ 0x88
100032ae:	075b      	lsls	r3, r3, #29
100032b0:	d408      	bmi.n	100032c4 <_ftoa+0x344>
100032b2:	9b22      	ldr	r3, [sp, #136]	@ 0x88
100032b4:	071b      	lsls	r3, r3, #28
100032b6:	d400      	bmi.n	100032ba <_ftoa+0x33a>
100032b8:	e77c      	b.n	100031b4 <_ftoa+0x234>
100032ba:	2320      	movs	r3, #32
100032bc:	4652      	mov	r2, sl
100032be:	5513      	strb	r3, [r2, r4]
100032c0:	3401      	adds	r4, #1
100032c2:	e777      	b.n	100031b4 <_ftoa+0x234>
100032c4:	232b      	movs	r3, #43	@ 0x2b
100032c6:	4652      	mov	r2, sl
100032c8:	5513      	strb	r3, [r2, r4]
100032ca:	3401      	adds	r4, #1
100032cc:	e772      	b.n	100031b4 <_ftoa+0x234>
100032ce:	46c0      	nop			@ (mov r8, r8)
100032d0:	ffefffff 	.word	0xffefffff
100032d4:	7fefffff 	.word	0x7fefffff
100032d8:	41cdcd65 	.word	0x41cdcd65
100032dc:	c1cdcd65 	.word	0xc1cdcd65
100032e0:	3fe00000 	.word	0x3fe00000
100032e4:	10006b94 	.word	0x10006b94
100032e8:	10006b8c 	.word	0x10006b8c
100032ec:	412e8480 	.word	0x412e8480
100032f0:	10006b9c 	.word	0x10006b9c
100032f4:	07f3      	lsls	r3, r6, #31
100032f6:	d400      	bmi.n	100032fa <_ftoa+0x37a>
100032f8:	e6da      	b.n	100030b0 <_ftoa+0x130>
100032fa:	3601      	adds	r6, #1
100032fc:	e6d8      	b.n	100030b0 <_ftoa+0x130>
100032fe:	9b21      	ldr	r3, [sp, #132]	@ 0x84
10003300:	3b01      	subs	r3, #1
10003302:	9321      	str	r3, [sp, #132]	@ 0x84
10003304:	42a3      	cmp	r3, r4
10003306:	d900      	bls.n	1000330a <_ftoa+0x38a>
10003308:	e746      	b.n	10003198 <_ftoa+0x218>
1000330a:	e7aa      	b.n	10003262 <_ftoa+0x2e2>
1000330c:	9b22      	ldr	r3, [sp, #136]	@ 0x88
1000330e:	9303      	str	r3, [sp, #12]
10003310:	9b21      	ldr	r3, [sp, #132]	@ 0x84
10003312:	9302      	str	r3, [sp, #8]
10003314:	2303      	movs	r3, #3
10003316:	9301      	str	r3, [sp, #4]
10003318:	4b08      	ldr	r3, [pc, #32]	@ (1000333c <_ftoa+0x3bc>)
1000331a:	e70c      	b.n	10003136 <_ftoa+0x1b6>
1000331c:	0023      	movs	r3, r4
1000331e:	e7ba      	b.n	10003296 <_ftoa+0x316>
10003320:	4b07      	ldr	r3, [pc, #28]	@ (10003340 <_ftoa+0x3c0>)
10003322:	00ea      	lsls	r2, r5, #3
10003324:	189b      	adds	r3, r3, r2
10003326:	685c      	ldr	r4, [r3, #4]
10003328:	681b      	ldr	r3, [r3, #0]
1000332a:	002f      	movs	r7, r5
1000332c:	9306      	str	r3, [sp, #24]
1000332e:	9407      	str	r4, [sp, #28]
10003330:	2400      	movs	r4, #0
10003332:	e68a      	b.n	1000304a <_ftoa+0xca>
10003334:	9b21      	ldr	r3, [sp, #132]	@ 0x84
10003336:	2b00      	cmp	r3, #0
10003338:	d093      	beq.n	10003262 <_ftoa+0x2e2>
1000333a:	e720      	b.n	1000317e <_ftoa+0x1fe>
1000333c:	10006b98 	.word	0x10006b98
10003340:	10006d40 	.word	0x10006d40

10003344 <_vsnprintf>:
10003344:	b5f0      	push	{r4, r5, r6, r7, lr}
10003346:	4645      	mov	r5, r8
10003348:	46de      	mov	lr, fp
1000334a:	4657      	mov	r7, sl
1000334c:	464e      	mov	r6, r9
1000334e:	b5e0      	push	{r5, r6, r7, lr}
10003350:	b0a1      	sub	sp, #132	@ 0x84
10003352:	001d      	movs	r5, r3
10003354:	9b2a      	ldr	r3, [sp, #168]	@ 0xa8
10003356:	4690      	mov	r8, r2
10003358:	930b      	str	r3, [sp, #44]	@ 0x2c
1000335a:	4ad0      	ldr	r2, [pc, #832]	@ (1000369c <_vsnprintf+0x358>)
1000335c:	4bd0      	ldr	r3, [pc, #832]	@ (100036a0 <_vsnprintf+0x35c>)
1000335e:	4683      	mov	fp, r0
10003360:	468a      	mov	sl, r1
10003362:	601a      	str	r2, [r3, #0]
10003364:	2900      	cmp	r1, #0
10003366:	d100      	bne.n	1000336a <_vsnprintf+0x26>
10003368:	e1a4      	b.n	100036b4 <_vsnprintf+0x370>
1000336a:	2300      	movs	r3, #0
1000336c:	7828      	ldrb	r0, [r5, #0]
1000336e:	4699      	mov	r9, r3
10003370:	2800      	cmp	r0, #0
10003372:	d100      	bne.n	10003376 <_vsnprintf+0x32>
10003374:	e1a6      	b.n	100036c4 <_vsnprintf+0x380>
10003376:	4bcb      	ldr	r3, [pc, #812]	@ (100036a4 <_vsnprintf+0x360>)
10003378:	465e      	mov	r6, fp
1000337a:	9309      	str	r3, [sp, #36]	@ 0x24
1000337c:	4bca      	ldr	r3, [pc, #808]	@ (100036a8 <_vsnprintf+0x364>)
1000337e:	464c      	mov	r4, r9
10003380:	46d3      	mov	fp, sl
10003382:	4647      	mov	r7, r8
10003384:	930d      	str	r3, [sp, #52]	@ 0x34
10003386:	e00a      	b.n	1000339e <_vsnprintf+0x5a>
10003388:	1c63      	adds	r3, r4, #1
1000338a:	4698      	mov	r8, r3
1000338c:	0022      	movs	r2, r4
1000338e:	003b      	movs	r3, r7
10003390:	4659      	mov	r1, fp
10003392:	47b0      	blx	r6
10003394:	4644      	mov	r4, r8
10003396:	7828      	ldrb	r0, [r5, #0]
10003398:	2800      	cmp	r0, #0
1000339a:	d100      	bne.n	1000339e <_vsnprintf+0x5a>
1000339c:	e0cd      	b.n	1000353a <_vsnprintf+0x1f6>
1000339e:	3501      	adds	r5, #1
100033a0:	2825      	cmp	r0, #37	@ 0x25
100033a2:	d1f1      	bne.n	10003388 <_vsnprintf+0x44>
100033a4:	2308      	movs	r3, #8
100033a6:	469a      	mov	sl, r3
100033a8:	3b04      	subs	r3, #4
100033aa:	4699      	mov	r9, r3
100033ac:	3b02      	subs	r3, #2
100033ae:	4698      	mov	r8, r3
100033b0:	3b01      	subs	r3, #1
100033b2:	2200      	movs	r2, #0
100033b4:	469c      	mov	ip, r3
100033b6:	940c      	str	r4, [sp, #48]	@ 0x30
100033b8:	7828      	ldrb	r0, [r5, #0]
100033ba:	1c69      	adds	r1, r5, #1
100033bc:	0003      	movs	r3, r0
100033be:	3b20      	subs	r3, #32
100033c0:	b2db      	uxtb	r3, r3
100033c2:	2b10      	cmp	r3, #16
100033c4:	d803      	bhi.n	100033ce <_vsnprintf+0x8a>
100033c6:	9c09      	ldr	r4, [sp, #36]	@ 0x24
100033c8:	009b      	lsls	r3, r3, #2
100033ca:	58e3      	ldr	r3, [r4, r3]
100033cc:	469f      	mov	pc, r3
100033ce:	0003      	movs	r3, r0
100033d0:	3b30      	subs	r3, #48	@ 0x30
100033d2:	9c0c      	ldr	r4, [sp, #48]	@ 0x30
100033d4:	920a      	str	r2, [sp, #40]	@ 0x28
100033d6:	2b09      	cmp	r3, #9
100033d8:	d97f      	bls.n	100034da <_vsnprintf+0x196>
100033da:	2300      	movs	r3, #0
100033dc:	4698      	mov	r8, r3
100033de:	282a      	cmp	r0, #42	@ 0x2a
100033e0:	d100      	bne.n	100033e4 <_vsnprintf+0xa0>
100033e2:	e0c1      	b.n	10003568 <_vsnprintf+0x224>
100033e4:	2300      	movs	r3, #0
100033e6:	469a      	mov	sl, r3
100033e8:	282e      	cmp	r0, #46	@ 0x2e
100033ea:	d100      	bne.n	100033ee <_vsnprintf+0xaa>
100033ec:	e090      	b.n	10003510 <_vsnprintf+0x1cc>
100033ee:	0003      	movs	r3, r0
100033f0:	3b68      	subs	r3, #104	@ 0x68
100033f2:	b2db      	uxtb	r3, r3
100033f4:	2b12      	cmp	r3, #18
100033f6:	d81e      	bhi.n	10003436 <_vsnprintf+0xf2>
100033f8:	4aac      	ldr	r2, [pc, #688]	@ (100036ac <_vsnprintf+0x368>)
100033fa:	009b      	lsls	r3, r3, #2
100033fc:	58d3      	ldr	r3, [r2, r3]
100033fe:	469f      	mov	pc, r3
10003400:	4663      	mov	r3, ip
10003402:	000d      	movs	r5, r1
10003404:	431a      	orrs	r2, r3
10003406:	e7d7      	b.n	100033b8 <_vsnprintf+0x74>
10003408:	4643      	mov	r3, r8
1000340a:	000d      	movs	r5, r1
1000340c:	431a      	orrs	r2, r3
1000340e:	e7d3      	b.n	100033b8 <_vsnprintf+0x74>
10003410:	464b      	mov	r3, r9
10003412:	000d      	movs	r5, r1
10003414:	431a      	orrs	r2, r3
10003416:	e7cf      	b.n	100033b8 <_vsnprintf+0x74>
10003418:	2310      	movs	r3, #16
1000341a:	000d      	movs	r5, r1
1000341c:	431a      	orrs	r2, r3
1000341e:	e7cb      	b.n	100033b8 <_vsnprintf+0x74>
10003420:	4653      	mov	r3, sl
10003422:	000d      	movs	r5, r1
10003424:	431a      	orrs	r2, r3
10003426:	e7c7      	b.n	100033b8 <_vsnprintf+0x74>
10003428:	2380      	movs	r3, #128	@ 0x80
1000342a:	005b      	lsls	r3, r3, #1
1000342c:	9a0a      	ldr	r2, [sp, #40]	@ 0x28
1000342e:	7868      	ldrb	r0, [r5, #1]
10003430:	431a      	orrs	r2, r3
10003432:	920a      	str	r2, [sp, #40]	@ 0x28
10003434:	3101      	adds	r1, #1
10003436:	000d      	movs	r5, r1
10003438:	2867      	cmp	r0, #103	@ 0x67
1000343a:	d80a      	bhi.n	10003452 <_vsnprintf+0x10e>
1000343c:	2824      	cmp	r0, #36	@ 0x24
1000343e:	d9a3      	bls.n	10003388 <_vsnprintf+0x44>
10003440:	0003      	movs	r3, r0
10003442:	3b25      	subs	r3, #37	@ 0x25
10003444:	b2db      	uxtb	r3, r3
10003446:	2b42      	cmp	r3, #66	@ 0x42
10003448:	d89e      	bhi.n	10003388 <_vsnprintf+0x44>
1000344a:	9a0d      	ldr	r2, [sp, #52]	@ 0x34
1000344c:	009b      	lsls	r3, r3, #2
1000344e:	58d3      	ldr	r3, [r2, r3]
10003450:	469f      	mov	pc, r3
10003452:	0001      	movs	r1, r0
10003454:	3969      	subs	r1, #105	@ 0x69
10003456:	b2c9      	uxtb	r1, r1
10003458:	290f      	cmp	r1, #15
1000345a:	d895      	bhi.n	10003388 <_vsnprintf+0x44>
1000345c:	2301      	movs	r3, #1
1000345e:	408b      	lsls	r3, r1
10003460:	469c      	mov	ip, r3
10003462:	4b93      	ldr	r3, [pc, #588]	@ (100036b0 <_vsnprintf+0x36c>)
10003464:	4699      	mov	r9, r3
10003466:	4663      	mov	r3, ip
10003468:	464a      	mov	r2, r9
1000346a:	4013      	ands	r3, r2
1000346c:	930c      	str	r3, [sp, #48]	@ 0x30
1000346e:	4662      	mov	r2, ip
10003470:	464b      	mov	r3, r9
10003472:	421a      	tst	r2, r3
10003474:	d000      	beq.n	10003478 <_vsnprintf+0x134>
10003476:	e25e      	b.n	10003936 <_vsnprintf+0x5f2>
10003478:	290a      	cmp	r1, #10
1000347a:	d100      	bne.n	1000347e <_vsnprintf+0x13a>
1000347c:	e124      	b.n	100036c8 <_vsnprintf+0x384>
1000347e:	2907      	cmp	r1, #7
10003480:	d182      	bne.n	10003388 <_vsnprintf+0x44>
10003482:	9b0b      	ldr	r3, [sp, #44]	@ 0x2c
10003484:	cb02      	ldmia	r3!, {r1}
10003486:	4698      	mov	r8, r3
10003488:	2900      	cmp	r1, #0
1000348a:	d100      	bne.n	1000348e <_vsnprintf+0x14a>
1000348c:	e19b      	b.n	100037c6 <_vsnprintf+0x482>
1000348e:	2021      	movs	r0, #33	@ 0x21
10003490:	9a0a      	ldr	r2, [sp, #40]	@ 0x28
10003492:	4302      	orrs	r2, r0
10003494:	4691      	mov	r9, r2
10003496:	ab10      	add	r3, sp, #64	@ 0x40
10003498:	469c      	mov	ip, r3
1000349a:	221f      	movs	r2, #31
1000349c:	230f      	movs	r3, #15
1000349e:	4640      	mov	r0, r8
100034a0:	4462      	add	r2, ip
100034a2:	950b      	str	r5, [sp, #44]	@ 0x2c
100034a4:	469c      	mov	ip, r3
100034a6:	46a0      	mov	r8, r4
100034a8:	0015      	movs	r5, r2
100034aa:	9b0c      	ldr	r3, [sp, #48]	@ 0x30
100034ac:	900a      	str	r0, [sp, #40]	@ 0x28
100034ae:	e002      	b.n	100034b6 <_vsnprintf+0x172>
100034b0:	2b20      	cmp	r3, #32
100034b2:	d00c      	beq.n	100034ce <_vsnprintf+0x18a>
100034b4:	0011      	movs	r1, r2
100034b6:	4664      	mov	r4, ip
100034b8:	400c      	ands	r4, r1
100034ba:	0020      	movs	r0, r4
100034bc:	3037      	adds	r0, #55	@ 0x37
100034be:	2c09      	cmp	r4, #9
100034c0:	d800      	bhi.n	100034c4 <_vsnprintf+0x180>
100034c2:	3807      	subs	r0, #7
100034c4:	3301      	adds	r3, #1
100034c6:	54e8      	strb	r0, [r5, r3]
100034c8:	090a      	lsrs	r2, r1, #4
100034ca:	290f      	cmp	r1, #15
100034cc:	d8f0      	bhi.n	100034b0 <_vsnprintf+0x16c>
100034ce:	930c      	str	r3, [sp, #48]	@ 0x30
100034d0:	9b0a      	ldr	r3, [sp, #40]	@ 0x28
100034d2:	4644      	mov	r4, r8
100034d4:	9d0b      	ldr	r5, [sp, #44]	@ 0x2c
100034d6:	4698      	mov	r8, r3
100034d8:	e185      	b.n	100037e6 <_vsnprintf+0x4a2>
100034da:	2300      	movs	r3, #0
100034dc:	4698      	mov	r8, r3
100034de:	9b0a      	ldr	r3, [sp, #40]	@ 0x28
100034e0:	4645      	mov	r5, r8
100034e2:	469c      	mov	ip, r3
100034e4:	e000      	b.n	100034e8 <_vsnprintf+0x1a4>
100034e6:	3101      	adds	r1, #1
100034e8:	00ab      	lsls	r3, r5, #2
100034ea:	195b      	adds	r3, r3, r5
100034ec:	005b      	lsls	r3, r3, #1
100034ee:	181d      	adds	r5, r3, r0
100034f0:	7808      	ldrb	r0, [r1, #0]
100034f2:	3d30      	subs	r5, #48	@ 0x30
100034f4:	0003      	movs	r3, r0
100034f6:	3b30      	subs	r3, #48	@ 0x30
100034f8:	2b09      	cmp	r3, #9
100034fa:	d9f4      	bls.n	100034e6 <_vsnprintf+0x1a2>
100034fc:	4663      	mov	r3, ip
100034fe:	930a      	str	r3, [sp, #40]	@ 0x28
10003500:	2300      	movs	r3, #0
10003502:	46a8      	mov	r8, r5
10003504:	469a      	mov	sl, r3
10003506:	000d      	movs	r5, r1
10003508:	3101      	adds	r1, #1
1000350a:	282e      	cmp	r0, #46	@ 0x2e
1000350c:	d000      	beq.n	10003510 <_vsnprintf+0x1cc>
1000350e:	e76e      	b.n	100033ee <_vsnprintf+0xaa>
10003510:	2080      	movs	r0, #128	@ 0x80
10003512:	9a0a      	ldr	r2, [sp, #40]	@ 0x28
10003514:	00c0      	lsls	r0, r0, #3
10003516:	4302      	orrs	r2, r0
10003518:	920a      	str	r2, [sp, #40]	@ 0x28
1000351a:	2230      	movs	r2, #48	@ 0x30
1000351c:	4252      	negs	r2, r2
1000351e:	4694      	mov	ip, r2
10003520:	7868      	ldrb	r0, [r5, #1]
10003522:	000b      	movs	r3, r1
10003524:	4484      	add	ip, r0
10003526:	4662      	mov	r2, ip
10003528:	2a09      	cmp	r2, #9
1000352a:	d800      	bhi.n	1000352e <_vsnprintf+0x1ea>
1000352c:	e12e      	b.n	1000378c <_vsnprintf+0x448>
1000352e:	282a      	cmp	r0, #42	@ 0x2a
10003530:	d100      	bne.n	10003534 <_vsnprintf+0x1f0>
10003532:	e13d      	b.n	100037b0 <_vsnprintf+0x46c>
10003534:	000d      	movs	r5, r1
10003536:	3101      	adds	r1, #1
10003538:	e759      	b.n	100033ee <_vsnprintf+0xaa>
1000353a:	46da      	mov	sl, fp
1000353c:	46a1      	mov	r9, r4
1000353e:	46b3      	mov	fp, r6
10003540:	46b8      	mov	r8, r7
10003542:	45c8      	cmp	r8, r9
10003544:	d803      	bhi.n	1000354e <_vsnprintf+0x20a>
10003546:	2301      	movs	r3, #1
10003548:	425b      	negs	r3, r3
1000354a:	4443      	add	r3, r8
1000354c:	4699      	mov	r9, r3
1000354e:	4643      	mov	r3, r8
10003550:	464a      	mov	r2, r9
10003552:	4651      	mov	r1, sl
10003554:	2000      	movs	r0, #0
10003556:	47d8      	blx	fp
10003558:	0020      	movs	r0, r4
1000355a:	b021      	add	sp, #132	@ 0x84
1000355c:	bcf0      	pop	{r4, r5, r6, r7}
1000355e:	46bb      	mov	fp, r7
10003560:	46b2      	mov	sl, r6
10003562:	46a9      	mov	r9, r5
10003564:	46a0      	mov	r8, r4
10003566:	bdf0      	pop	{r4, r5, r6, r7, pc}
10003568:	9b0b      	ldr	r3, [sp, #44]	@ 0x2c
1000356a:	cb04      	ldmia	r3!, {r2}
1000356c:	4690      	mov	r8, r2
1000356e:	2a00      	cmp	r2, #0
10003570:	db04      	blt.n	1000357c <_vsnprintf+0x238>
10003572:	7868      	ldrb	r0, [r5, #1]
10003574:	930b      	str	r3, [sp, #44]	@ 0x2c
10003576:	000d      	movs	r5, r1
10003578:	3101      	adds	r1, #1
1000357a:	e733      	b.n	100033e4 <_vsnprintf+0xa0>
1000357c:	9a0a      	ldr	r2, [sp, #40]	@ 0x28
1000357e:	3828      	subs	r0, #40	@ 0x28
10003580:	4302      	orrs	r2, r0
10003582:	920a      	str	r2, [sp, #40]	@ 0x28
10003584:	4642      	mov	r2, r8
10003586:	4252      	negs	r2, r2
10003588:	7868      	ldrb	r0, [r5, #1]
1000358a:	4690      	mov	r8, r2
1000358c:	000d      	movs	r5, r1
1000358e:	930b      	str	r3, [sp, #44]	@ 0x2c
10003590:	3101      	adds	r1, #1
10003592:	e727      	b.n	100033e4 <_vsnprintf+0xa0>
10003594:	2867      	cmp	r0, #103	@ 0x67
10003596:	d100      	bne.n	1000359a <_vsnprintf+0x256>
10003598:	e1c7      	b.n	1000392a <_vsnprintf+0x5e6>
1000359a:	2847      	cmp	r0, #71	@ 0x47
1000359c:	d100      	bne.n	100035a0 <_vsnprintf+0x25c>
1000359e:	e214      	b.n	100039ca <_vsnprintf+0x686>
100035a0:	2845      	cmp	r0, #69	@ 0x45
100035a2:	d100      	bne.n	100035a6 <_vsnprintf+0x262>
100035a4:	e216      	b.n	100039d4 <_vsnprintf+0x690>
100035a6:	9a0a      	ldr	r2, [sp, #40]	@ 0x28
100035a8:	2107      	movs	r1, #7
100035aa:	9204      	str	r2, [sp, #16]
100035ac:	4642      	mov	r2, r8
100035ae:	9b0b      	ldr	r3, [sp, #44]	@ 0x2c
100035b0:	9203      	str	r2, [sp, #12]
100035b2:	3307      	adds	r3, #7
100035b4:	4652      	mov	r2, sl
100035b6:	438b      	bics	r3, r1
100035b8:	0019      	movs	r1, r3
100035ba:	9202      	str	r2, [sp, #8]
100035bc:	c90c      	ldmia	r1!, {r2, r3}
100035be:	0030      	movs	r0, r6
100035c0:	9200      	str	r2, [sp, #0]
100035c2:	9301      	str	r3, [sp, #4]
100035c4:	910b      	str	r1, [sp, #44]	@ 0x2c
100035c6:	0022      	movs	r2, r4
100035c8:	003b      	movs	r3, r7
100035ca:	4659      	mov	r1, fp
100035cc:	f7ff faa6 	bl	10002b1c <_etoa>
100035d0:	0004      	movs	r4, r0
100035d2:	e6e0      	b.n	10003396 <_vsnprintf+0x52>
100035d4:	2380      	movs	r3, #128	@ 0x80
100035d6:	009b      	lsls	r3, r3, #2
100035d8:	e728      	b.n	1000342c <_vsnprintf+0xe8>
100035da:	7868      	ldrb	r0, [r5, #1]
100035dc:	2868      	cmp	r0, #104	@ 0x68
100035de:	d100      	bne.n	100035e2 <_vsnprintf+0x29e>
100035e0:	e21b      	b.n	10003a1a <_vsnprintf+0x6d6>
100035e2:	2380      	movs	r3, #128	@ 0x80
100035e4:	9a0a      	ldr	r2, [sp, #40]	@ 0x28
100035e6:	3101      	adds	r1, #1
100035e8:	431a      	orrs	r2, r3
100035ea:	920a      	str	r2, [sp, #40]	@ 0x28
100035ec:	e723      	b.n	10003436 <_vsnprintf+0xf2>
100035ee:	7868      	ldrb	r0, [r5, #1]
100035f0:	286c      	cmp	r0, #108	@ 0x6c
100035f2:	d100      	bne.n	100035f6 <_vsnprintf+0x2b2>
100035f4:	e209      	b.n	10003a0a <_vsnprintf+0x6c6>
100035f6:	2380      	movs	r3, #128	@ 0x80
100035f8:	9a0a      	ldr	r2, [sp, #40]	@ 0x28
100035fa:	005b      	lsls	r3, r3, #1
100035fc:	431a      	orrs	r2, r3
100035fe:	920a      	str	r2, [sp, #40]	@ 0x28
10003600:	3101      	adds	r1, #1
10003602:	e718      	b.n	10003436 <_vsnprintf+0xf2>
10003604:	2846      	cmp	r0, #70	@ 0x46
10003606:	d100      	bne.n	1000360a <_vsnprintf+0x2c6>
10003608:	e18a      	b.n	10003920 <_vsnprintf+0x5dc>
1000360a:	9a0a      	ldr	r2, [sp, #40]	@ 0x28
1000360c:	2107      	movs	r1, #7
1000360e:	9204      	str	r2, [sp, #16]
10003610:	4642      	mov	r2, r8
10003612:	9b0b      	ldr	r3, [sp, #44]	@ 0x2c
10003614:	9203      	str	r2, [sp, #12]
10003616:	3307      	adds	r3, #7
10003618:	4652      	mov	r2, sl
1000361a:	438b      	bics	r3, r1
1000361c:	0019      	movs	r1, r3
1000361e:	9202      	str	r2, [sp, #8]
10003620:	c90c      	ldmia	r1!, {r2, r3}
10003622:	0030      	movs	r0, r6
10003624:	9200      	str	r2, [sp, #0]
10003626:	9301      	str	r3, [sp, #4]
10003628:	910b      	str	r1, [sp, #44]	@ 0x2c
1000362a:	0022      	movs	r2, r4
1000362c:	003b      	movs	r3, r7
1000362e:	4659      	mov	r1, fp
10003630:	f7ff fca6 	bl	10002f80 <_ftoa>
10003634:	0004      	movs	r4, r0
10003636:	e6ae      	b.n	10003396 <_vsnprintf+0x52>
10003638:	1c63      	adds	r3, r4, #1
1000363a:	4698      	mov	r8, r3
1000363c:	0022      	movs	r2, r4
1000363e:	003b      	movs	r3, r7
10003640:	4659      	mov	r1, fp
10003642:	2025      	movs	r0, #37	@ 0x25
10003644:	47b0      	blx	r6
10003646:	4644      	mov	r4, r8
10003648:	e6a5      	b.n	10003396 <_vsnprintf+0x52>
1000364a:	9b0b      	ldr	r3, [sp, #44]	@ 0x2c
1000364c:	3304      	adds	r3, #4
1000364e:	930c      	str	r3, [sp, #48]	@ 0x30
10003650:	1c63      	adds	r3, r4, #1
10003652:	4699      	mov	r9, r3
10003654:	9b0a      	ldr	r3, [sp, #40]	@ 0x28
10003656:	079a      	lsls	r2, r3, #30
10003658:	d400      	bmi.n	1000365c <_vsnprintf+0x318>
1000365a:	e1e7      	b.n	10003a2c <_vsnprintf+0x6e8>
1000365c:	9b0b      	ldr	r3, [sp, #44]	@ 0x2c
1000365e:	0022      	movs	r2, r4
10003660:	7818      	ldrb	r0, [r3, #0]
10003662:	4659      	mov	r1, fp
10003664:	003b      	movs	r3, r7
10003666:	47b0      	blx	r6
10003668:	4643      	mov	r3, r8
1000366a:	4444      	add	r4, r8
1000366c:	2b01      	cmp	r3, #1
1000366e:	d800      	bhi.n	10003672 <_vsnprintf+0x32e>
10003670:	e2b8      	b.n	10003be4 <_vsnprintf+0x8a0>
10003672:	002b      	movs	r3, r5
10003674:	46b8      	mov	r8, r7
10003676:	0025      	movs	r5, r4
10003678:	465f      	mov	r7, fp
1000367a:	464c      	mov	r4, r9
1000367c:	4699      	mov	r9, r3
1000367e:	0022      	movs	r2, r4
10003680:	4643      	mov	r3, r8
10003682:	3401      	adds	r4, #1
10003684:	0039      	movs	r1, r7
10003686:	2020      	movs	r0, #32
10003688:	47b0      	blx	r6
1000368a:	42ac      	cmp	r4, r5
1000368c:	d1f7      	bne.n	1000367e <_vsnprintf+0x33a>
1000368e:	002c      	movs	r4, r5
10003690:	46bb      	mov	fp, r7
10003692:	464d      	mov	r5, r9
10003694:	4647      	mov	r7, r8
10003696:	9b0c      	ldr	r3, [sp, #48]	@ 0x30
10003698:	930b      	str	r3, [sp, #44]	@ 0x2c
1000369a:	e67c      	b.n	10003396 <_vsnprintf+0x52>
1000369c:	10003345 	.word	0x10003345
100036a0:	20001c0c 	.word	0x20001c0c
100036a4:	10006ba4 	.word	0x10006ba4
100036a8:	10006c34 	.word	0x10006c34
100036ac:	10006be8 	.word	0x10006be8
100036b0:	00009041 	.word	0x00009041
100036b4:	4bdc      	ldr	r3, [pc, #880]	@ (10003a28 <_vsnprintf+0x6e4>)
100036b6:	7828      	ldrb	r0, [r5, #0]
100036b8:	469b      	mov	fp, r3
100036ba:	2300      	movs	r3, #0
100036bc:	4699      	mov	r9, r3
100036be:	2800      	cmp	r0, #0
100036c0:	d000      	beq.n	100036c4 <_vsnprintf+0x380>
100036c2:	e658      	b.n	10003376 <_vsnprintf+0x32>
100036c4:	2400      	movs	r4, #0
100036c6:	e73c      	b.n	10003542 <_vsnprintf+0x1fe>
100036c8:	9b0b      	ldr	r3, [sp, #44]	@ 0x2c
100036ca:	cb02      	ldmia	r3!, {r1}
100036cc:	9312      	str	r3, [sp, #72]	@ 0x48
100036ce:	780b      	ldrb	r3, [r1, #0]
100036d0:	469c      	mov	ip, r3
100036d2:	0018      	movs	r0, r3
100036d4:	4653      	mov	r3, sl
100036d6:	2b00      	cmp	r3, #0
100036d8:	d000      	beq.n	100036dc <_vsnprintf+0x398>
100036da:	e09c      	b.n	10003816 <_vsnprintf+0x4d2>
100036dc:	2800      	cmp	r0, #0
100036de:	d012      	beq.n	10003706 <_vsnprintf+0x3c2>
100036e0:	2302      	movs	r3, #2
100036e2:	425b      	negs	r3, r3
100036e4:	3301      	adds	r3, #1
100036e6:	4699      	mov	r9, r3
100036e8:	4489      	add	r9, r1
100036ea:	464a      	mov	r2, r9
100036ec:	000b      	movs	r3, r1
100036ee:	4689      	mov	r9, r1
100036f0:	0011      	movs	r1, r2
100036f2:	e001      	b.n	100036f8 <_vsnprintf+0x3b4>
100036f4:	428b      	cmp	r3, r1
100036f6:	d003      	beq.n	10003700 <_vsnprintf+0x3bc>
100036f8:	785a      	ldrb	r2, [r3, #1]
100036fa:	3301      	adds	r3, #1
100036fc:	2a00      	cmp	r2, #0
100036fe:	d1f9      	bne.n	100036f4 <_vsnprintf+0x3b0>
10003700:	4649      	mov	r1, r9
10003702:	1a5b      	subs	r3, r3, r1
10003704:	930c      	str	r3, [sp, #48]	@ 0x30
10003706:	2380      	movs	r3, #128	@ 0x80
10003708:	00db      	lsls	r3, r3, #3
1000370a:	4699      	mov	r9, r3
1000370c:	9a0a      	ldr	r2, [sp, #40]	@ 0x28
1000370e:	4013      	ands	r3, r2
10003710:	930b      	str	r3, [sp, #44]	@ 0x2c
10003712:	464b      	mov	r3, r9
10003714:	421a      	tst	r2, r3
10003716:	d004      	beq.n	10003722 <_vsnprintf+0x3de>
10003718:	9b0c      	ldr	r3, [sp, #48]	@ 0x30
1000371a:	4553      	cmp	r3, sl
1000371c:	d901      	bls.n	10003722 <_vsnprintf+0x3de>
1000371e:	4653      	mov	r3, sl
10003720:	930c      	str	r3, [sp, #48]	@ 0x30
10003722:	2302      	movs	r3, #2
10003724:	4699      	mov	r9, r3
10003726:	9a0a      	ldr	r2, [sp, #40]	@ 0x28
10003728:	4013      	ands	r3, r2
1000372a:	930a      	str	r3, [sp, #40]	@ 0x28
1000372c:	464b      	mov	r3, r9
1000372e:	4213      	tst	r3, r2
10003730:	d100      	bne.n	10003734 <_vsnprintf+0x3f0>
10003732:	e1b5      	b.n	10003aa0 <_vsnprintf+0x75c>
10003734:	4663      	mov	r3, ip
10003736:	2b00      	cmp	r3, #0
10003738:	d100      	bne.n	1000373c <_vsnprintf+0x3f8>
1000373a:	e197      	b.n	10003a6c <_vsnprintf+0x728>
1000373c:	9b0b      	ldr	r3, [sp, #44]	@ 0x2c
1000373e:	2b00      	cmp	r3, #0
10003740:	d100      	bne.n	10003744 <_vsnprintf+0x400>
10003742:	e14c      	b.n	100039de <_vsnprintf+0x69a>
10003744:	46d1      	mov	r9, sl
10003746:	1b0b      	subs	r3, r1, r4
10003748:	469a      	mov	sl, r3
1000374a:	002b      	movs	r3, r5
1000374c:	44a1      	add	r9, r4
1000374e:	464d      	mov	r5, r9
10003750:	0022      	movs	r2, r4
10003752:	46b9      	mov	r9, r7
10003754:	465f      	mov	r7, fp
10003756:	469b      	mov	fp, r3
10003758:	e009      	b.n	1000376e <_vsnprintf+0x42a>
1000375a:	464b      	mov	r3, r9
1000375c:	0039      	movs	r1, r7
1000375e:	1c54      	adds	r4, r2, #1
10003760:	47b0      	blx	r6
10003762:	4653      	mov	r3, sl
10003764:	5d18      	ldrb	r0, [r3, r4]
10003766:	2800      	cmp	r0, #0
10003768:	d100      	bne.n	1000376c <_vsnprintf+0x428>
1000376a:	e158      	b.n	10003a1e <_vsnprintf+0x6da>
1000376c:	0022      	movs	r2, r4
1000376e:	4295      	cmp	r5, r2
10003770:	d1f3      	bne.n	1000375a <_vsnprintf+0x416>
10003772:	465b      	mov	r3, fp
10003774:	46bb      	mov	fp, r7
10003776:	464f      	mov	r7, r9
10003778:	46a9      	mov	r9, r5
1000377a:	001d      	movs	r5, r3
1000377c:	464c      	mov	r4, r9
1000377e:	9b0a      	ldr	r3, [sp, #40]	@ 0x28
10003780:	2b00      	cmp	r3, #0
10003782:	d000      	beq.n	10003786 <_vsnprintf+0x442>
10003784:	e172      	b.n	10003a6c <_vsnprintf+0x728>
10003786:	9b12      	ldr	r3, [sp, #72]	@ 0x48
10003788:	930b      	str	r3, [sp, #44]	@ 0x2c
1000378a:	e604      	b.n	10003396 <_vsnprintf+0x52>
1000378c:	4655      	mov	r5, sl
1000378e:	9a0a      	ldr	r2, [sp, #40]	@ 0x28
10003790:	00a9      	lsls	r1, r5, #2
10003792:	1949      	adds	r1, r1, r5
10003794:	0049      	lsls	r1, r1, #1
10003796:	3301      	adds	r3, #1
10003798:	180d      	adds	r5, r1, r0
1000379a:	7818      	ldrb	r0, [r3, #0]
1000379c:	3d30      	subs	r5, #48	@ 0x30
1000379e:	0001      	movs	r1, r0
100037a0:	3930      	subs	r1, #48	@ 0x30
100037a2:	2909      	cmp	r1, #9
100037a4:	d9f4      	bls.n	10003790 <_vsnprintf+0x44c>
100037a6:	46aa      	mov	sl, r5
100037a8:	920a      	str	r2, [sp, #40]	@ 0x28
100037aa:	001d      	movs	r5, r3
100037ac:	1c59      	adds	r1, r3, #1
100037ae:	e61e      	b.n	100033ee <_vsnprintf+0xaa>
100037b0:	9b0b      	ldr	r3, [sp, #44]	@ 0x2c
100037b2:	78a8      	ldrb	r0, [r5, #2]
100037b4:	cb04      	ldmia	r3!, {r2}
100037b6:	3502      	adds	r5, #2
100037b8:	43d1      	mvns	r1, r2
100037ba:	17c9      	asrs	r1, r1, #31
100037bc:	400a      	ands	r2, r1
100037be:	4692      	mov	sl, r2
100037c0:	930b      	str	r3, [sp, #44]	@ 0x2c
100037c2:	1c69      	adds	r1, r5, #1
100037c4:	e613      	b.n	100033ee <_vsnprintf+0xaa>
100037c6:	9b0a      	ldr	r3, [sp, #40]	@ 0x28
100037c8:	2110      	movs	r1, #16
100037ca:	001a      	movs	r2, r3
100037cc:	438a      	bics	r2, r1
100037ce:	0010      	movs	r0, r2
100037d0:	3111      	adds	r1, #17
100037d2:	4308      	orrs	r0, r1
100037d4:	4681      	mov	r9, r0
100037d6:	2080      	movs	r0, #128	@ 0x80
100037d8:	001a      	movs	r2, r3
100037da:	00c0      	lsls	r0, r0, #3
100037dc:	4002      	ands	r2, r0
100037de:	0011      	movs	r1, r2
100037e0:	4203      	tst	r3, r0
100037e2:	d100      	bne.n	100037e6 <_vsnprintf+0x4a2>
100037e4:	e657      	b.n	10003496 <_vsnprintf+0x152>
100037e6:	464b      	mov	r3, r9
100037e8:	2208      	movs	r2, #8
100037ea:	9306      	str	r3, [sp, #24]
100037ec:	4653      	mov	r3, sl
100037ee:	9205      	str	r2, [sp, #20]
100037f0:	3208      	adds	r2, #8
100037f2:	9203      	str	r2, [sp, #12]
100037f4:	2200      	movs	r2, #0
100037f6:	9304      	str	r3, [sp, #16]
100037f8:	9b0c      	ldr	r3, [sp, #48]	@ 0x30
100037fa:	9202      	str	r2, [sp, #8]
100037fc:	9301      	str	r3, [sp, #4]
100037fe:	ab18      	add	r3, sp, #96	@ 0x60
10003800:	0022      	movs	r2, r4
10003802:	9300      	str	r3, [sp, #0]
10003804:	4659      	mov	r1, fp
10003806:	003b      	movs	r3, r7
10003808:	0030      	movs	r0, r6
1000380a:	f7ff f873 	bl	100028f4 <_ntoa_format>
1000380e:	4643      	mov	r3, r8
10003810:	0004      	movs	r4, r0
10003812:	930b      	str	r3, [sp, #44]	@ 0x2c
10003814:	e5bf      	b.n	10003396 <_vsnprintf+0x52>
10003816:	2800      	cmp	r0, #0
10003818:	d100      	bne.n	1000381c <_vsnprintf+0x4d8>
1000381a:	e774      	b.n	10003706 <_vsnprintf+0x3c2>
1000381c:	4653      	mov	r3, sl
1000381e:	3b01      	subs	r3, #1
10003820:	e760      	b.n	100036e4 <_vsnprintf+0x3a0>
10003822:	2862      	cmp	r0, #98	@ 0x62
10003824:	d100      	bne.n	10003828 <_vsnprintf+0x4e4>
10003826:	e1df      	b.n	10003be8 <_vsnprintf+0x8a4>
10003828:	2858      	cmp	r0, #88	@ 0x58
1000382a:	d100      	bne.n	1000382e <_vsnprintf+0x4ea>
1000382c:	e1ec      	b.n	10003c08 <_vsnprintf+0x8c4>
1000382e:	990a      	ldr	r1, [sp, #40]	@ 0x28
10003830:	2380      	movs	r3, #128	@ 0x80
10003832:	000a      	movs	r2, r1
10003834:	00db      	lsls	r3, r3, #3
10003836:	401a      	ands	r2, r3
10003838:	0010      	movs	r0, r2
1000383a:	000a      	movs	r2, r1
1000383c:	4219      	tst	r1, r3
1000383e:	d100      	bne.n	10003842 <_vsnprintf+0x4fe>
10003840:	e1bd      	b.n	10003bbe <_vsnprintf+0x87a>
10003842:	2311      	movs	r3, #17
10003844:	439a      	bics	r2, r3
10003846:	920c      	str	r2, [sp, #48]	@ 0x30
10003848:	9a0c      	ldr	r2, [sp, #48]	@ 0x30
1000384a:	2380      	movs	r3, #128	@ 0x80
1000384c:	0011      	movs	r1, r2
1000384e:	009b      	lsls	r3, r3, #2
10003850:	4019      	ands	r1, r3
10003852:	468c      	mov	ip, r1
10003854:	421a      	tst	r2, r3
10003856:	d000      	beq.n	1000385a <_vsnprintf+0x516>
10003858:	e146      	b.n	10003ae8 <_vsnprintf+0x7a4>
1000385a:	2380      	movs	r3, #128	@ 0x80
1000385c:	0011      	movs	r1, r2
1000385e:	005b      	lsls	r3, r3, #1
10003860:	4019      	ands	r1, r3
10003862:	4689      	mov	r9, r1
10003864:	990b      	ldr	r1, [sp, #44]	@ 0x2c
10003866:	3104      	adds	r1, #4
10003868:	910a      	str	r1, [sp, #40]	@ 0x28
1000386a:	421a      	tst	r2, r3
1000386c:	d000      	beq.n	10003870 <_vsnprintf+0x52c>
1000386e:	e28f      	b.n	10003d90 <_vsnprintf+0xa4c>
10003870:	0013      	movs	r3, r2
10003872:	065b      	lsls	r3, r3, #25
10003874:	d500      	bpl.n	10003878 <_vsnprintf+0x534>
10003876:	e19e      	b.n	10003bb6 <_vsnprintf+0x872>
10003878:	0013      	movs	r3, r2
1000387a:	061b      	lsls	r3, r3, #24
1000387c:	d400      	bmi.n	10003880 <_vsnprintf+0x53c>
1000387e:	e326      	b.n	10003ece <_vsnprintf+0xb8a>
10003880:	9b0b      	ldr	r3, [sp, #44]	@ 0x2c
10003882:	2200      	movs	r2, #0
10003884:	5e9b      	ldrsh	r3, [r3, r2]
10003886:	17d9      	asrs	r1, r3, #31
10003888:	185a      	adds	r2, r3, r1
1000388a:	404a      	eors	r2, r1
1000388c:	b292      	uxth	r2, r2
1000388e:	0fd9      	lsrs	r1, r3, #31
10003890:	910b      	str	r1, [sp, #44]	@ 0x2c
10003892:	2b00      	cmp	r3, #0
10003894:	d100      	bne.n	10003898 <_vsnprintf+0x554>
10003896:	e277      	b.n	10003d88 <_vsnprintf+0xa44>
10003898:	0010      	movs	r0, r2
1000389a:	aa10      	add	r2, sp, #64	@ 0x40
1000389c:	4694      	mov	ip, r2
1000389e:	4642      	mov	r2, r8
100038a0:	231f      	movs	r3, #31
100038a2:	9212      	str	r2, [sp, #72]	@ 0x48
100038a4:	4652      	mov	r2, sl
100038a6:	4463      	add	r3, ip
100038a8:	46aa      	mov	sl, r5
100038aa:	9414      	str	r4, [sp, #80]	@ 0x50
100038ac:	464d      	mov	r5, r9
100038ae:	0004      	movs	r4, r0
100038b0:	46b9      	mov	r9, r7
100038b2:	46b0      	mov	r8, r6
100038b4:	001f      	movs	r7, r3
100038b6:	9213      	str	r2, [sp, #76]	@ 0x4c
100038b8:	e001      	b.n	100038be <_vsnprintf+0x57a>
100038ba:	2d20      	cmp	r5, #32
100038bc:	d00f      	beq.n	100038de <_vsnprintf+0x59a>
100038be:	0020      	movs	r0, r4
100038c0:	210a      	movs	r1, #10
100038c2:	f7fe f8c5 	bl	10001a50 <__wrap___aeabi_uidiv>
100038c6:	3501      	adds	r5, #1
100038c8:	197e      	adds	r6, r7, r5
100038ca:	3130      	adds	r1, #48	@ 0x30
100038cc:	7031      	strb	r1, [r6, #0]
100038ce:	0020      	movs	r0, r4
100038d0:	210a      	movs	r1, #10
100038d2:	f7fe f8bd 	bl	10001a50 <__wrap___aeabi_uidiv>
100038d6:	0026      	movs	r6, r4
100038d8:	0004      	movs	r4, r0
100038da:	2e09      	cmp	r6, #9
100038dc:	d8ed      	bhi.n	100038ba <_vsnprintf+0x576>
100038de:	9b12      	ldr	r3, [sp, #72]	@ 0x48
100038e0:	4646      	mov	r6, r8
100038e2:	4698      	mov	r8, r3
100038e4:	9b13      	ldr	r3, [sp, #76]	@ 0x4c
100038e6:	464f      	mov	r7, r9
100038e8:	46a9      	mov	r9, r5
100038ea:	4655      	mov	r5, sl
100038ec:	469a      	mov	sl, r3
100038ee:	9c14      	ldr	r4, [sp, #80]	@ 0x50
100038f0:	9b0c      	ldr	r3, [sp, #48]	@ 0x30
100038f2:	9306      	str	r3, [sp, #24]
100038f4:	4643      	mov	r3, r8
100038f6:	9305      	str	r3, [sp, #20]
100038f8:	4653      	mov	r3, sl
100038fa:	9304      	str	r3, [sp, #16]
100038fc:	230a      	movs	r3, #10
100038fe:	9303      	str	r3, [sp, #12]
10003900:	9b0b      	ldr	r3, [sp, #44]	@ 0x2c
10003902:	9302      	str	r3, [sp, #8]
10003904:	464b      	mov	r3, r9
10003906:	9301      	str	r3, [sp, #4]
10003908:	ab18      	add	r3, sp, #96	@ 0x60
1000390a:	0022      	movs	r2, r4
1000390c:	9300      	str	r3, [sp, #0]
1000390e:	4659      	mov	r1, fp
10003910:	003b      	movs	r3, r7
10003912:	0030      	movs	r0, r6
10003914:	f7fe ffee 	bl	100028f4 <_ntoa_format>
10003918:	9b0a      	ldr	r3, [sp, #40]	@ 0x28
1000391a:	0004      	movs	r4, r0
1000391c:	930b      	str	r3, [sp, #44]	@ 0x2c
1000391e:	e53a      	b.n	10003396 <_vsnprintf+0x52>
10003920:	2320      	movs	r3, #32
10003922:	9a0a      	ldr	r2, [sp, #40]	@ 0x28
10003924:	431a      	orrs	r2, r3
10003926:	920a      	str	r2, [sp, #40]	@ 0x28
10003928:	e66f      	b.n	1000360a <_vsnprintf+0x2c6>
1000392a:	2380      	movs	r3, #128	@ 0x80
1000392c:	9a0a      	ldr	r2, [sp, #40]	@ 0x28
1000392e:	011b      	lsls	r3, r3, #4
10003930:	431a      	orrs	r2, r3
10003932:	920a      	str	r2, [sp, #40]	@ 0x28
10003934:	e637      	b.n	100035a6 <_vsnprintf+0x262>
10003936:	2878      	cmp	r0, #120	@ 0x78
10003938:	d000      	beq.n	1000393c <_vsnprintf+0x5f8>
1000393a:	e1af      	b.n	10003c9c <_vsnprintf+0x958>
1000393c:	980a      	ldr	r0, [sp, #40]	@ 0x28
1000393e:	2380      	movs	r3, #128	@ 0x80
10003940:	0002      	movs	r2, r0
10003942:	00db      	lsls	r3, r3, #3
10003944:	401a      	ands	r2, r3
10003946:	0011      	movs	r1, r2
10003948:	0002      	movs	r2, r0
1000394a:	4218      	tst	r0, r3
1000394c:	d100      	bne.n	10003950 <_vsnprintf+0x60c>
1000394e:	e2d0      	b.n	10003ef2 <_vsnprintf+0xbae>
10003950:	230d      	movs	r3, #13
10003952:	439a      	bics	r2, r3
10003954:	0010      	movs	r0, r2
10003956:	3303      	adds	r3, #3
10003958:	930a      	str	r3, [sp, #40]	@ 0x28
1000395a:	2380      	movs	r3, #128	@ 0x80
1000395c:	0002      	movs	r2, r0
1000395e:	009b      	lsls	r3, r3, #2
10003960:	401a      	ands	r2, r3
10003962:	4694      	mov	ip, r2
10003964:	4218      	tst	r0, r3
10003966:	d000      	beq.n	1000396a <_vsnprintf+0x626>
10003968:	e1ac      	b.n	10003cc4 <_vsnprintf+0x980>
1000396a:	2380      	movs	r3, #128	@ 0x80
1000396c:	0002      	movs	r2, r0
1000396e:	005b      	lsls	r3, r3, #1
10003970:	401a      	ands	r2, r3
10003972:	4691      	mov	r9, r2
10003974:	9a0b      	ldr	r2, [sp, #44]	@ 0x2c
10003976:	3204      	adds	r2, #4
10003978:	920c      	str	r2, [sp, #48]	@ 0x30
1000397a:	4218      	tst	r0, r3
1000397c:	d000      	beq.n	10003980 <_vsnprintf+0x63c>
1000397e:	e24a      	b.n	10003e16 <_vsnprintf+0xad2>
10003980:	0643      	lsls	r3, r0, #25
10003982:	d400      	bmi.n	10003986 <_vsnprintf+0x642>
10003984:	e293      	b.n	10003eae <_vsnprintf+0xb6a>
10003986:	9b0b      	ldr	r3, [sp, #44]	@ 0x2c
10003988:	781b      	ldrb	r3, [r3, #0]
1000398a:	9308      	str	r3, [sp, #32]
1000398c:	2b00      	cmp	r3, #0
1000398e:	d000      	beq.n	10003992 <_vsnprintf+0x64e>
10003990:	e14b      	b.n	10003c2a <_vsnprintf+0x8e6>
10003992:	3310      	adds	r3, #16
10003994:	4398      	bics	r0, r3
10003996:	2900      	cmp	r1, #0
10003998:	d100      	bne.n	1000399c <_vsnprintf+0x658>
1000399a:	e146      	b.n	10003c2a <_vsnprintf+0x8e6>
1000399c:	2300      	movs	r3, #0
1000399e:	4699      	mov	r9, r3
100039a0:	4643      	mov	r3, r8
100039a2:	9305      	str	r3, [sp, #20]
100039a4:	4653      	mov	r3, sl
100039a6:	9304      	str	r3, [sp, #16]
100039a8:	9b0a      	ldr	r3, [sp, #40]	@ 0x28
100039aa:	9006      	str	r0, [sp, #24]
100039ac:	9303      	str	r3, [sp, #12]
100039ae:	2300      	movs	r3, #0
100039b0:	9302      	str	r3, [sp, #8]
100039b2:	464b      	mov	r3, r9
100039b4:	9301      	str	r3, [sp, #4]
100039b6:	ab18      	add	r3, sp, #96	@ 0x60
100039b8:	0022      	movs	r2, r4
100039ba:	9300      	str	r3, [sp, #0]
100039bc:	4659      	mov	r1, fp
100039be:	003b      	movs	r3, r7
100039c0:	0030      	movs	r0, r6
100039c2:	f7fe ff97 	bl	100028f4 <_ntoa_format>
100039c6:	0004      	movs	r4, r0
100039c8:	e665      	b.n	10003696 <_vsnprintf+0x352>
100039ca:	2380      	movs	r3, #128	@ 0x80
100039cc:	9a0a      	ldr	r2, [sp, #40]	@ 0x28
100039ce:	011b      	lsls	r3, r3, #4
100039d0:	431a      	orrs	r2, r3
100039d2:	920a      	str	r2, [sp, #40]	@ 0x28
100039d4:	2320      	movs	r3, #32
100039d6:	9a0a      	ldr	r2, [sp, #40]	@ 0x28
100039d8:	431a      	orrs	r2, r3
100039da:	920a      	str	r2, [sp, #40]	@ 0x28
100039dc:	e5e3      	b.n	100035a6 <_vsnprintf+0x262>
100039de:	1b0b      	subs	r3, r1, r4
100039e0:	469a      	mov	sl, r3
100039e2:	9b0c      	ldr	r3, [sp, #48]	@ 0x30
100039e4:	4699      	mov	r9, r3
100039e6:	002b      	movs	r3, r5
100039e8:	465d      	mov	r5, fp
100039ea:	469b      	mov	fp, r3
100039ec:	0022      	movs	r2, r4
100039ee:	003b      	movs	r3, r7
100039f0:	0029      	movs	r1, r5
100039f2:	47b0      	blx	r6
100039f4:	4653      	mov	r3, sl
100039f6:	3401      	adds	r4, #1
100039f8:	5d18      	ldrb	r0, [r3, r4]
100039fa:	2800      	cmp	r0, #0
100039fc:	d1f6      	bne.n	100039ec <_vsnprintf+0x6a8>
100039fe:	464b      	mov	r3, r9
10003a00:	930c      	str	r3, [sp, #48]	@ 0x30
10003a02:	465b      	mov	r3, fp
10003a04:	46ab      	mov	fp, r5
10003a06:	001d      	movs	r5, r3
10003a08:	e6b9      	b.n	1000377e <_vsnprintf+0x43a>
10003a0a:	23c0      	movs	r3, #192	@ 0xc0
10003a0c:	009b      	lsls	r3, r3, #2
10003a0e:	9a0a      	ldr	r2, [sp, #40]	@ 0x28
10003a10:	78a8      	ldrb	r0, [r5, #2]
10003a12:	431a      	orrs	r2, r3
10003a14:	920a      	str	r2, [sp, #40]	@ 0x28
10003a16:	1ce9      	adds	r1, r5, #3
10003a18:	e50d      	b.n	10003436 <_vsnprintf+0xf2>
10003a1a:	23c0      	movs	r3, #192	@ 0xc0
10003a1c:	e7f7      	b.n	10003a0e <_vsnprintf+0x6ca>
10003a1e:	465d      	mov	r5, fp
10003a20:	46bb      	mov	fp, r7
10003a22:	464f      	mov	r7, r9
10003a24:	e6ab      	b.n	1000377e <_vsnprintf+0x43a>
10003a26:	46c0      	nop			@ (mov r8, r8)
10003a28:	10002861 	.word	0x10002861
10003a2c:	4643      	mov	r3, r8
10003a2e:	2b01      	cmp	r3, #1
10003a30:	d800      	bhi.n	10003a34 <_vsnprintf+0x6f0>
10003a32:	e0d1      	b.n	10003bd8 <_vsnprintf+0x894>
10003a34:	1e63      	subs	r3, r4, #1
10003a36:	4443      	add	r3, r8
10003a38:	46b9      	mov	r9, r7
10003a3a:	001d      	movs	r5, r3
10003a3c:	465f      	mov	r7, fp
10003a3e:	46a2      	mov	sl, r4
10003a40:	468b      	mov	fp, r1
10003a42:	0022      	movs	r2, r4
10003a44:	464b      	mov	r3, r9
10003a46:	3401      	adds	r4, #1
10003a48:	0039      	movs	r1, r7
10003a4a:	2020      	movs	r0, #32
10003a4c:	47b0      	blx	r6
10003a4e:	42ac      	cmp	r4, r5
10003a50:	d1f7      	bne.n	10003a42 <_vsnprintf+0x6fe>
10003a52:	465d      	mov	r5, fp
10003a54:	46bb      	mov	fp, r7
10003a56:	464f      	mov	r7, r9
10003a58:	46a1      	mov	r9, r4
10003a5a:	4654      	mov	r4, sl
10003a5c:	9b0b      	ldr	r3, [sp, #44]	@ 0x2c
10003a5e:	464a      	mov	r2, r9
10003a60:	7818      	ldrb	r0, [r3, #0]
10003a62:	4659      	mov	r1, fp
10003a64:	003b      	movs	r3, r7
10003a66:	4444      	add	r4, r8
10003a68:	47b0      	blx	r6
10003a6a:	e614      	b.n	10003696 <_vsnprintf+0x352>
10003a6c:	9b0c      	ldr	r3, [sp, #48]	@ 0x30
10003a6e:	46a1      	mov	r9, r4
10003a70:	4598      	cmp	r8, r3
10003a72:	d800      	bhi.n	10003a76 <_vsnprintf+0x732>
10003a74:	e687      	b.n	10003786 <_vsnprintf+0x442>
10003a76:	4444      	add	r4, r8
10003a78:	1ae4      	subs	r4, r4, r3
10003a7a:	002b      	movs	r3, r5
10003a7c:	46b8      	mov	r8, r7
10003a7e:	0025      	movs	r5, r4
10003a80:	465f      	mov	r7, fp
10003a82:	464c      	mov	r4, r9
10003a84:	4699      	mov	r9, r3
10003a86:	0022      	movs	r2, r4
10003a88:	4643      	mov	r3, r8
10003a8a:	3401      	adds	r4, #1
10003a8c:	0039      	movs	r1, r7
10003a8e:	2020      	movs	r0, #32
10003a90:	47b0      	blx	r6
10003a92:	42ac      	cmp	r4, r5
10003a94:	d1f7      	bne.n	10003a86 <_vsnprintf+0x742>
10003a96:	002c      	movs	r4, r5
10003a98:	46bb      	mov	fp, r7
10003a9a:	464d      	mov	r5, r9
10003a9c:	4647      	mov	r7, r8
10003a9e:	e672      	b.n	10003786 <_vsnprintf+0x442>
10003aa0:	980c      	ldr	r0, [sp, #48]	@ 0x30
10003aa2:	4580      	cmp	r8, r0
10003aa4:	d800      	bhi.n	10003aa8 <_vsnprintf+0x764>
10003aa6:	e21c      	b.n	10003ee2 <_vsnprintf+0xb9e>
10003aa8:	4643      	mov	r3, r8
10003aaa:	191a      	adds	r2, r3, r4
10003aac:	1a13      	subs	r3, r2, r0
10003aae:	4699      	mov	r9, r3
10003ab0:	002b      	movs	r3, r5
10003ab2:	464d      	mov	r5, r9
10003ab4:	46b9      	mov	r9, r7
10003ab6:	465f      	mov	r7, fp
10003ab8:	469b      	mov	fp, r3
10003aba:	910c      	str	r1, [sp, #48]	@ 0x30
10003abc:	0022      	movs	r2, r4
10003abe:	464b      	mov	r3, r9
10003ac0:	3401      	adds	r4, #1
10003ac2:	0039      	movs	r1, r7
10003ac4:	2020      	movs	r0, #32
10003ac6:	47b0      	blx	r6
10003ac8:	42ac      	cmp	r4, r5
10003aca:	d1f7      	bne.n	10003abc <_vsnprintf+0x778>
10003acc:	4643      	mov	r3, r8
10003ace:	990c      	ldr	r1, [sp, #48]	@ 0x30
10003ad0:	3301      	adds	r3, #1
10003ad2:	930c      	str	r3, [sp, #48]	@ 0x30
10003ad4:	780b      	ldrb	r3, [r1, #0]
10003ad6:	465d      	mov	r5, fp
10003ad8:	469c      	mov	ip, r3
10003ada:	46bb      	mov	fp, r7
10003adc:	464f      	mov	r7, r9
10003ade:	4660      	mov	r0, ip
10003ae0:	2800      	cmp	r0, #0
10003ae2:	d000      	beq.n	10003ae6 <_vsnprintf+0x7a2>
10003ae4:	e62a      	b.n	1000373c <_vsnprintf+0x3f8>
10003ae6:	e64e      	b.n	10003786 <_vsnprintf+0x442>
10003ae8:	2207      	movs	r2, #7
10003aea:	9b0b      	ldr	r3, [sp, #44]	@ 0x2c
10003aec:	3307      	adds	r3, #7
10003aee:	4393      	bics	r3, r2
10003af0:	3201      	adds	r2, #1
10003af2:	4694      	mov	ip, r2
10003af4:	449c      	add	ip, r3
10003af6:	4662      	mov	r2, ip
10003af8:	920b      	str	r2, [sp, #44]	@ 0x2c
10003afa:	cb0c      	ldmia	r3, {r2, r3}
10003afc:	0fd9      	lsrs	r1, r3, #31
10003afe:	910a      	str	r1, [sp, #40]	@ 0x28
10003b00:	0011      	movs	r1, r2
10003b02:	4319      	orrs	r1, r3
10003b04:	d05f      	beq.n	10003bc6 <_vsnprintf+0x882>
10003b06:	17d9      	asrs	r1, r3, #31
10003b08:	9111      	str	r1, [sp, #68]	@ 0x44
10003b0a:	9110      	str	r1, [sp, #64]	@ 0x40
10003b0c:	4051      	eors	r1, r2
10003b0e:	910e      	str	r1, [sp, #56]	@ 0x38
10003b10:	9911      	ldr	r1, [sp, #68]	@ 0x44
10003b12:	4059      	eors	r1, r3
10003b14:	910f      	str	r1, [sp, #60]	@ 0x3c
10003b16:	980e      	ldr	r0, [sp, #56]	@ 0x38
10003b18:	990f      	ldr	r1, [sp, #60]	@ 0x3c
10003b1a:	9a10      	ldr	r2, [sp, #64]	@ 0x40
10003b1c:	9b11      	ldr	r3, [sp, #68]	@ 0x44
10003b1e:	1a80      	subs	r0, r0, r2
10003b20:	4199      	sbcs	r1, r3
10003b22:	900e      	str	r0, [sp, #56]	@ 0x38
10003b24:	910f      	str	r1, [sp, #60]	@ 0x3c
10003b26:	aa10      	add	r2, sp, #64	@ 0x40
10003b28:	2300      	movs	r3, #0
10003b2a:	4694      	mov	ip, r2
10003b2c:	4642      	mov	r2, r8
10003b2e:	4699      	mov	r9, r3
10003b30:	9212      	str	r2, [sp, #72]	@ 0x48
10003b32:	4652      	mov	r2, sl
10003b34:	331f      	adds	r3, #31
10003b36:	4463      	add	r3, ip
10003b38:	46b0      	mov	r8, r6
10003b3a:	46aa      	mov	sl, r5
10003b3c:	464e      	mov	r6, r9
10003b3e:	9414      	str	r4, [sp, #80]	@ 0x50
10003b40:	46b9      	mov	r9, r7
10003b42:	9c0e      	ldr	r4, [sp, #56]	@ 0x38
10003b44:	9d0f      	ldr	r5, [sp, #60]	@ 0x3c
10003b46:	001f      	movs	r7, r3
10003b48:	9213      	str	r2, [sp, #76]	@ 0x4c
10003b4a:	e001      	b.n	10003b50 <_vsnprintf+0x80c>
10003b4c:	2e20      	cmp	r6, #32
10003b4e:	d010      	beq.n	10003b72 <_vsnprintf+0x82e>
10003b50:	0020      	movs	r0, r4
10003b52:	0029      	movs	r1, r5
10003b54:	220a      	movs	r2, #10
10003b56:	2300      	movs	r3, #0
10003b58:	f7fd ffb8 	bl	10001acc <__wrap___aeabi_uldivmod>
10003b5c:	3601      	adds	r6, #1
10003b5e:	3230      	adds	r2, #48	@ 0x30
10003b60:	002b      	movs	r3, r5
10003b62:	55ba      	strb	r2, [r7, r6]
10003b64:	000d      	movs	r5, r1
10003b66:	0022      	movs	r2, r4
10003b68:	0004      	movs	r4, r0
10003b6a:	2b00      	cmp	r3, #0
10003b6c:	d1ee      	bne.n	10003b4c <_vsnprintf+0x808>
10003b6e:	2a09      	cmp	r2, #9
10003b70:	d8ec      	bhi.n	10003b4c <_vsnprintf+0x808>
10003b72:	9b12      	ldr	r3, [sp, #72]	@ 0x48
10003b74:	464f      	mov	r7, r9
10003b76:	46b1      	mov	r9, r6
10003b78:	4646      	mov	r6, r8
10003b7a:	4698      	mov	r8, r3
10003b7c:	9b13      	ldr	r3, [sp, #76]	@ 0x4c
10003b7e:	940e      	str	r4, [sp, #56]	@ 0x38
10003b80:	950f      	str	r5, [sp, #60]	@ 0x3c
10003b82:	4655      	mov	r5, sl
10003b84:	469a      	mov	sl, r3
10003b86:	9c14      	ldr	r4, [sp, #80]	@ 0x50
10003b88:	9b0c      	ldr	r3, [sp, #48]	@ 0x30
10003b8a:	9306      	str	r3, [sp, #24]
10003b8c:	4643      	mov	r3, r8
10003b8e:	9305      	str	r3, [sp, #20]
10003b90:	4653      	mov	r3, sl
10003b92:	9304      	str	r3, [sp, #16]
10003b94:	230a      	movs	r3, #10
10003b96:	9303      	str	r3, [sp, #12]
10003b98:	9b0a      	ldr	r3, [sp, #40]	@ 0x28
10003b9a:	9302      	str	r3, [sp, #8]
10003b9c:	464b      	mov	r3, r9
10003b9e:	9301      	str	r3, [sp, #4]
10003ba0:	ab18      	add	r3, sp, #96	@ 0x60
10003ba2:	0022      	movs	r2, r4
10003ba4:	9300      	str	r3, [sp, #0]
10003ba6:	4659      	mov	r1, fp
10003ba8:	003b      	movs	r3, r7
10003baa:	0030      	movs	r0, r6
10003bac:	f7fe fea2 	bl	100028f4 <_ntoa_format>
10003bb0:	0004      	movs	r4, r0
10003bb2:	f7ff fbf0 	bl	10003396 <_vsnprintf+0x52>
10003bb6:	9b0b      	ldr	r3, [sp, #44]	@ 0x2c
10003bb8:	781b      	ldrb	r3, [r3, #0]
10003bba:	001a      	movs	r2, r3
10003bbc:	e667      	b.n	1000388e <_vsnprintf+0x54a>
10003bbe:	2310      	movs	r3, #16
10003bc0:	439a      	bics	r2, r3
10003bc2:	920c      	str	r2, [sp, #48]	@ 0x30
10003bc4:	e640      	b.n	10003848 <_vsnprintf+0x504>
10003bc6:	2300      	movs	r3, #0
10003bc8:	4699      	mov	r9, r3
10003bca:	2800      	cmp	r0, #0
10003bcc:	d1dc      	bne.n	10003b88 <_vsnprintf+0x844>
10003bce:	2200      	movs	r2, #0
10003bd0:	2300      	movs	r3, #0
10003bd2:	920e      	str	r2, [sp, #56]	@ 0x38
10003bd4:	930f      	str	r3, [sp, #60]	@ 0x3c
10003bd6:	e7a6      	b.n	10003b26 <_vsnprintf+0x7e2>
10003bd8:	9b0b      	ldr	r3, [sp, #44]	@ 0x2c
10003bda:	0022      	movs	r2, r4
10003bdc:	7818      	ldrb	r0, [r3, #0]
10003bde:	4659      	mov	r1, fp
10003be0:	003b      	movs	r3, r7
10003be2:	47b0      	blx	r6
10003be4:	464c      	mov	r4, r9
10003be6:	e556      	b.n	10003696 <_vsnprintf+0x352>
10003be8:	980a      	ldr	r0, [sp, #40]	@ 0x28
10003bea:	2380      	movs	r3, #128	@ 0x80
10003bec:	0002      	movs	r2, r0
10003bee:	00db      	lsls	r3, r3, #3
10003bf0:	401a      	ands	r2, r3
10003bf2:	0011      	movs	r1, r2
10003bf4:	4218      	tst	r0, r3
10003bf6:	d100      	bne.n	10003bfa <_vsnprintf+0x8b6>
10003bf8:	e15f      	b.n	10003eba <_vsnprintf+0xb76>
10003bfa:	0002      	movs	r2, r0
10003bfc:	230d      	movs	r3, #13
10003bfe:	439a      	bics	r2, r3
10003c00:	3b0b      	subs	r3, #11
10003c02:	0010      	movs	r0, r2
10003c04:	930a      	str	r3, [sp, #40]	@ 0x28
10003c06:	e6a8      	b.n	1000395a <_vsnprintf+0x616>
10003c08:	980a      	ldr	r0, [sp, #40]	@ 0x28
10003c0a:	2380      	movs	r3, #128	@ 0x80
10003c0c:	0002      	movs	r2, r0
10003c0e:	00db      	lsls	r3, r3, #3
10003c10:	401a      	ands	r2, r3
10003c12:	0011      	movs	r1, r2
10003c14:	0002      	movs	r2, r0
10003c16:	4218      	tst	r0, r3
10003c18:	d100      	bne.n	10003c1c <_vsnprintf+0x8d8>
10003c1a:	e166      	b.n	10003eea <_vsnprintf+0xba6>
10003c1c:	230d      	movs	r3, #13
10003c1e:	2020      	movs	r0, #32
10003c20:	439a      	bics	r2, r3
10003c22:	3303      	adds	r3, #3
10003c24:	4310      	orrs	r0, r2
10003c26:	930a      	str	r3, [sp, #40]	@ 0x28
10003c28:	e697      	b.n	1000395a <_vsnprintf+0x616>
10003c2a:	2361      	movs	r3, #97	@ 0x61
10003c2c:	0682      	lsls	r2, r0, #26
10003c2e:	d500      	bpl.n	10003c32 <_vsnprintf+0x8ee>
10003c30:	2341      	movs	r3, #65	@ 0x41
10003c32:	b2db      	uxtb	r3, r3
10003c34:	3b0a      	subs	r3, #10
10003c36:	930b      	str	r3, [sp, #44]	@ 0x2c
10003c38:	4643      	mov	r3, r8
10003c3a:	a910      	add	r1, sp, #64	@ 0x40
10003c3c:	221f      	movs	r2, #31
10003c3e:	468c      	mov	ip, r1
10003c40:	9312      	str	r3, [sp, #72]	@ 0x48
10003c42:	4653      	mov	r3, sl
10003c44:	4462      	add	r2, ip
10003c46:	46aa      	mov	sl, r5
10003c48:	9414      	str	r4, [sp, #80]	@ 0x50
10003c4a:	9715      	str	r7, [sp, #84]	@ 0x54
10003c4c:	464c      	mov	r4, r9
10003c4e:	4680      	mov	r8, r0
10003c50:	46b1      	mov	r9, r6
10003c52:	0017      	movs	r7, r2
10003c54:	9e0a      	ldr	r6, [sp, #40]	@ 0x28
10003c56:	9d08      	ldr	r5, [sp, #32]
10003c58:	9313      	str	r3, [sp, #76]	@ 0x4c
10003c5a:	e008      	b.n	10003c6e <_vsnprintf+0x92a>
10003c5c:	3330      	adds	r3, #48	@ 0x30
10003c5e:	b2db      	uxtb	r3, r3
10003c60:	3401      	adds	r4, #1
10003c62:	553b      	strb	r3, [r7, r4]
10003c64:	42b5      	cmp	r5, r6
10003c66:	d30e      	bcc.n	10003c86 <_vsnprintf+0x942>
10003c68:	2c20      	cmp	r4, #32
10003c6a:	d00c      	beq.n	10003c86 <_vsnprintf+0x942>
10003c6c:	0005      	movs	r5, r0
10003c6e:	0031      	movs	r1, r6
10003c70:	0028      	movs	r0, r5
10003c72:	f7fd feed 	bl	10001a50 <__wrap___aeabi_uidiv>
10003c76:	b2cb      	uxtb	r3, r1
10003c78:	2909      	cmp	r1, #9
10003c7a:	d9ef      	bls.n	10003c5c <_vsnprintf+0x918>
10003c7c:	9a0b      	ldr	r2, [sp, #44]	@ 0x2c
10003c7e:	4694      	mov	ip, r2
10003c80:	4463      	add	r3, ip
10003c82:	b2db      	uxtb	r3, r3
10003c84:	e7ec      	b.n	10003c60 <_vsnprintf+0x91c>
10003c86:	9b12      	ldr	r3, [sp, #72]	@ 0x48
10003c88:	4640      	mov	r0, r8
10003c8a:	4698      	mov	r8, r3
10003c8c:	9b13      	ldr	r3, [sp, #76]	@ 0x4c
10003c8e:	464e      	mov	r6, r9
10003c90:	4655      	mov	r5, sl
10003c92:	46a1      	mov	r9, r4
10003c94:	469a      	mov	sl, r3
10003c96:	9c14      	ldr	r4, [sp, #80]	@ 0x50
10003c98:	9f15      	ldr	r7, [sp, #84]	@ 0x54
10003c9a:	e681      	b.n	100039a0 <_vsnprintf+0x65c>
10003c9c:	286f      	cmp	r0, #111	@ 0x6f
10003c9e:	d000      	beq.n	10003ca2 <_vsnprintf+0x95e>
10003ca0:	e137      	b.n	10003f12 <_vsnprintf+0xbce>
10003ca2:	990a      	ldr	r1, [sp, #40]	@ 0x28
10003ca4:	230c      	movs	r3, #12
10003ca6:	000a      	movs	r2, r1
10003ca8:	439a      	bics	r2, r3
10003caa:	2380      	movs	r3, #128	@ 0x80
10003cac:	0010      	movs	r0, r2
10003cae:	000a      	movs	r2, r1
10003cb0:	00db      	lsls	r3, r3, #3
10003cb2:	401a      	ands	r2, r3
10003cb4:	0011      	movs	r1, r2
10003cb6:	9a0a      	ldr	r2, [sp, #40]	@ 0x28
10003cb8:	421a      	tst	r2, r3
10003cba:	d000      	beq.n	10003cbe <_vsnprintf+0x97a>
10003cbc:	e121      	b.n	10003f02 <_vsnprintf+0xbbe>
10003cbe:	2308      	movs	r3, #8
10003cc0:	930a      	str	r3, [sp, #40]	@ 0x28
10003cc2:	e64a      	b.n	1000395a <_vsnprintf+0x616>
10003cc4:	9a0b      	ldr	r2, [sp, #44]	@ 0x2c
10003cc6:	3bfa      	subs	r3, #250	@ 0xfa
10003cc8:	3bff      	subs	r3, #255	@ 0xff
10003cca:	3207      	adds	r2, #7
10003ccc:	439a      	bics	r2, r3
10003cce:	3301      	adds	r3, #1
10003cd0:	469c      	mov	ip, r3
10003cd2:	4494      	add	ip, r2
10003cd4:	4663      	mov	r3, ip
10003cd6:	930b      	str	r3, [sp, #44]	@ 0x2c
10003cd8:	6813      	ldr	r3, [r2, #0]
10003cda:	6852      	ldr	r2, [r2, #4]
10003cdc:	9308      	str	r3, [sp, #32]
10003cde:	4313      	orrs	r3, r2
10003ce0:	9212      	str	r2, [sp, #72]	@ 0x48
10003ce2:	1e1a      	subs	r2, r3, #0
10003ce4:	d105      	bne.n	10003cf2 <_vsnprintf+0x9ae>
10003ce6:	2300      	movs	r3, #0
10003ce8:	3210      	adds	r2, #16
10003cea:	4699      	mov	r9, r3
10003cec:	4390      	bics	r0, r2
10003cee:	2900      	cmp	r1, #0
10003cf0:	d141      	bne.n	10003d76 <_vsnprintf+0xa32>
10003cf2:	2261      	movs	r2, #97	@ 0x61
10003cf4:	0681      	lsls	r1, r0, #26
10003cf6:	d500      	bpl.n	10003cfa <_vsnprintf+0x9b6>
10003cf8:	2241      	movs	r2, #65	@ 0x41
10003cfa:	b2d2      	uxtb	r2, r2
10003cfc:	3a0a      	subs	r2, #10
10003cfe:	920c      	str	r2, [sp, #48]	@ 0x30
10003d00:	4642      	mov	r2, r8
10003d02:	2300      	movs	r3, #0
10003d04:	a910      	add	r1, sp, #64	@ 0x40
10003d06:	9213      	str	r2, [sp, #76]	@ 0x4c
10003d08:	4652      	mov	r2, sl
10003d0a:	468c      	mov	ip, r1
10003d0c:	4699      	mov	r9, r3
10003d0e:	9214      	str	r2, [sp, #80]	@ 0x50
10003d10:	331f      	adds	r3, #31
10003d12:	9a0a      	ldr	r2, [sp, #40]	@ 0x28
10003d14:	4463      	add	r3, ip
10003d16:	46aa      	mov	sl, r5
10003d18:	9415      	str	r4, [sp, #84]	@ 0x54
10003d1a:	9617      	str	r6, [sp, #92]	@ 0x5c
10003d1c:	464c      	mov	r4, r9
10003d1e:	4690      	mov	r8, r2
10003d20:	46b9      	mov	r9, r7
10003d22:	9e08      	ldr	r6, [sp, #32]
10003d24:	001f      	movs	r7, r3
10003d26:	9d12      	ldr	r5, [sp, #72]	@ 0x48
10003d28:	9016      	str	r0, [sp, #88]	@ 0x58
10003d2a:	e00a      	b.n	10003d42 <_vsnprintf+0x9fe>
10003d2c:	3230      	adds	r2, #48	@ 0x30
10003d2e:	b2d2      	uxtb	r2, r2
10003d30:	2300      	movs	r3, #0
10003d32:	3401      	adds	r4, #1
10003d34:	553a      	strb	r2, [r7, r4]
10003d36:	42ab      	cmp	r3, r5
10003d38:	d011      	beq.n	10003d5e <_vsnprintf+0xa1a>
10003d3a:	2c20      	cmp	r4, #32
10003d3c:	d011      	beq.n	10003d62 <_vsnprintf+0xa1e>
10003d3e:	0006      	movs	r6, r0
10003d40:	000d      	movs	r5, r1
10003d42:	4642      	mov	r2, r8
10003d44:	2300      	movs	r3, #0
10003d46:	0030      	movs	r0, r6
10003d48:	0029      	movs	r1, r5
10003d4a:	f7fd febf 	bl	10001acc <__wrap___aeabi_uldivmod>
10003d4e:	b2d2      	uxtb	r2, r2
10003d50:	2a09      	cmp	r2, #9
10003d52:	d9eb      	bls.n	10003d2c <_vsnprintf+0x9e8>
10003d54:	9b0c      	ldr	r3, [sp, #48]	@ 0x30
10003d56:	469c      	mov	ip, r3
10003d58:	4462      	add	r2, ip
10003d5a:	b2d2      	uxtb	r2, r2
10003d5c:	e7e8      	b.n	10003d30 <_vsnprintf+0x9ec>
10003d5e:	45b0      	cmp	r8, r6
10003d60:	d9eb      	bls.n	10003d3a <_vsnprintf+0x9f6>
10003d62:	9b13      	ldr	r3, [sp, #76]	@ 0x4c
10003d64:	4655      	mov	r5, sl
10003d66:	4698      	mov	r8, r3
10003d68:	9b14      	ldr	r3, [sp, #80]	@ 0x50
10003d6a:	464f      	mov	r7, r9
10003d6c:	469a      	mov	sl, r3
10003d6e:	46a1      	mov	r9, r4
10003d70:	9816      	ldr	r0, [sp, #88]	@ 0x58
10003d72:	9e17      	ldr	r6, [sp, #92]	@ 0x5c
10003d74:	9c15      	ldr	r4, [sp, #84]	@ 0x54
10003d76:	4643      	mov	r3, r8
10003d78:	9305      	str	r3, [sp, #20]
10003d7a:	4653      	mov	r3, sl
10003d7c:	9304      	str	r3, [sp, #16]
10003d7e:	9b0a      	ldr	r3, [sp, #40]	@ 0x28
10003d80:	9006      	str	r0, [sp, #24]
10003d82:	9303      	str	r3, [sp, #12]
10003d84:	2300      	movs	r3, #0
10003d86:	e708      	b.n	10003b9a <_vsnprintf+0x856>
10003d88:	2800      	cmp	r0, #0
10003d8a:	d000      	beq.n	10003d8e <_vsnprintf+0xa4a>
10003d8c:	e5b0      	b.n	100038f0 <_vsnprintf+0x5ac>
10003d8e:	e584      	b.n	1000389a <_vsnprintf+0x556>
10003d90:	9b0b      	ldr	r3, [sp, #44]	@ 0x2c
10003d92:	681b      	ldr	r3, [r3, #0]
10003d94:	0fda      	lsrs	r2, r3, #31
10003d96:	0011      	movs	r1, r2
10003d98:	2b00      	cmp	r3, #0
10003d9a:	d100      	bne.n	10003d9e <_vsnprintf+0xa5a>
10003d9c:	e094      	b.n	10003ec8 <_vsnprintf+0xb84>
10003d9e:	17da      	asrs	r2, r3, #31
10003da0:	1898      	adds	r0, r3, r2
10003da2:	4050      	eors	r0, r2
10003da4:	aa10      	add	r2, sp, #64	@ 0x40
10003da6:	4691      	mov	r9, r2
10003da8:	4642      	mov	r2, r8
10003daa:	231f      	movs	r3, #31
10003dac:	9212      	str	r2, [sp, #72]	@ 0x48
10003dae:	4652      	mov	r2, sl
10003db0:	444b      	add	r3, r9
10003db2:	46a0      	mov	r8, r4
10003db4:	46aa      	mov	sl, r5
10003db6:	9714      	str	r7, [sp, #80]	@ 0x50
10003db8:	0004      	movs	r4, r0
10003dba:	46b1      	mov	r9, r6
10003dbc:	4665      	mov	r5, ip
10003dbe:	001f      	movs	r7, r3
10003dc0:	910b      	str	r1, [sp, #44]	@ 0x2c
10003dc2:	9213      	str	r2, [sp, #76]	@ 0x4c
10003dc4:	e001      	b.n	10003dca <_vsnprintf+0xa86>
10003dc6:	2d20      	cmp	r5, #32
10003dc8:	d00f      	beq.n	10003dea <_vsnprintf+0xaa6>
10003dca:	0020      	movs	r0, r4
10003dcc:	210a      	movs	r1, #10
10003dce:	f7fd fe3f 	bl	10001a50 <__wrap___aeabi_uidiv>
10003dd2:	3501      	adds	r5, #1
10003dd4:	197e      	adds	r6, r7, r5
10003dd6:	3130      	adds	r1, #48	@ 0x30
10003dd8:	7031      	strb	r1, [r6, #0]
10003dda:	0020      	movs	r0, r4
10003ddc:	210a      	movs	r1, #10
10003dde:	f7fd fe37 	bl	10001a50 <__wrap___aeabi_uidiv>
10003de2:	0026      	movs	r6, r4
10003de4:	0004      	movs	r4, r0
10003de6:	2e09      	cmp	r6, #9
10003de8:	d8ed      	bhi.n	10003dc6 <_vsnprintf+0xa82>
10003dea:	9b12      	ldr	r3, [sp, #72]	@ 0x48
10003dec:	4644      	mov	r4, r8
10003dee:	4698      	mov	r8, r3
10003df0:	9b0b      	ldr	r3, [sp, #44]	@ 0x2c
10003df2:	46ac      	mov	ip, r5
10003df4:	0019      	movs	r1, r3
10003df6:	9b13      	ldr	r3, [sp, #76]	@ 0x4c
10003df8:	4655      	mov	r5, sl
10003dfa:	464e      	mov	r6, r9
10003dfc:	469a      	mov	sl, r3
10003dfe:	9f14      	ldr	r7, [sp, #80]	@ 0x50
10003e00:	9b0c      	ldr	r3, [sp, #48]	@ 0x30
10003e02:	9102      	str	r1, [sp, #8]
10003e04:	9306      	str	r3, [sp, #24]
10003e06:	4643      	mov	r3, r8
10003e08:	9305      	str	r3, [sp, #20]
10003e0a:	4653      	mov	r3, sl
10003e0c:	9304      	str	r3, [sp, #16]
10003e0e:	230a      	movs	r3, #10
10003e10:	9303      	str	r3, [sp, #12]
10003e12:	4663      	mov	r3, ip
10003e14:	e577      	b.n	10003906 <_vsnprintf+0x5c2>
10003e16:	9b0b      	ldr	r3, [sp, #44]	@ 0x2c
10003e18:	681b      	ldr	r3, [r3, #0]
10003e1a:	9308      	str	r3, [sp, #32]
10003e1c:	2b00      	cmp	r3, #0
10003e1e:	d103      	bne.n	10003e28 <_vsnprintf+0xae4>
10003e20:	3310      	adds	r3, #16
10003e22:	4398      	bics	r0, r3
10003e24:	2900      	cmp	r1, #0
10003e26:	d137      	bne.n	10003e98 <_vsnprintf+0xb54>
10003e28:	2361      	movs	r3, #97	@ 0x61
10003e2a:	0682      	lsls	r2, r0, #26
10003e2c:	d500      	bpl.n	10003e30 <_vsnprintf+0xaec>
10003e2e:	2341      	movs	r3, #65	@ 0x41
10003e30:	b2db      	uxtb	r3, r3
10003e32:	3b0a      	subs	r3, #10
10003e34:	930b      	str	r3, [sp, #44]	@ 0x2c
10003e36:	4643      	mov	r3, r8
10003e38:	a910      	add	r1, sp, #64	@ 0x40
10003e3a:	4689      	mov	r9, r1
10003e3c:	221f      	movs	r2, #31
10003e3e:	9312      	str	r3, [sp, #72]	@ 0x48
10003e40:	4653      	mov	r3, sl
10003e42:	444a      	add	r2, r9
10003e44:	46aa      	mov	sl, r5
10003e46:	46b1      	mov	r9, r6
10003e48:	9414      	str	r4, [sp, #80]	@ 0x50
10003e4a:	9715      	str	r7, [sp, #84]	@ 0x54
10003e4c:	4664      	mov	r4, ip
10003e4e:	4680      	mov	r8, r0
10003e50:	0017      	movs	r7, r2
10003e52:	9d08      	ldr	r5, [sp, #32]
10003e54:	9e0a      	ldr	r6, [sp, #40]	@ 0x28
10003e56:	9313      	str	r3, [sp, #76]	@ 0x4c
10003e58:	e008      	b.n	10003e6c <_vsnprintf+0xb28>
10003e5a:	3330      	adds	r3, #48	@ 0x30
10003e5c:	b2db      	uxtb	r3, r3
10003e5e:	3401      	adds	r4, #1
10003e60:	553b      	strb	r3, [r7, r4]
10003e62:	42b5      	cmp	r5, r6
10003e64:	d30e      	bcc.n	10003e84 <_vsnprintf+0xb40>
10003e66:	2c20      	cmp	r4, #32
10003e68:	d00c      	beq.n	10003e84 <_vsnprintf+0xb40>
10003e6a:	0005      	movs	r5, r0
10003e6c:	0031      	movs	r1, r6
10003e6e:	0028      	movs	r0, r5
10003e70:	f7fd fdee 	bl	10001a50 <__wrap___aeabi_uidiv>
10003e74:	b2cb      	uxtb	r3, r1
10003e76:	2909      	cmp	r1, #9
10003e78:	d9ef      	bls.n	10003e5a <_vsnprintf+0xb16>
10003e7a:	9a0b      	ldr	r2, [sp, #44]	@ 0x2c
10003e7c:	4694      	mov	ip, r2
10003e7e:	4463      	add	r3, ip
10003e80:	b2db      	uxtb	r3, r3
10003e82:	e7ec      	b.n	10003e5e <_vsnprintf+0xb1a>
10003e84:	9b12      	ldr	r3, [sp, #72]	@ 0x48
10003e86:	4640      	mov	r0, r8
10003e88:	4698      	mov	r8, r3
10003e8a:	9b13      	ldr	r3, [sp, #76]	@ 0x4c
10003e8c:	4655      	mov	r5, sl
10003e8e:	464e      	mov	r6, r9
10003e90:	469a      	mov	sl, r3
10003e92:	46a4      	mov	ip, r4
10003e94:	9f15      	ldr	r7, [sp, #84]	@ 0x54
10003e96:	9c14      	ldr	r4, [sp, #80]	@ 0x50
10003e98:	4643      	mov	r3, r8
10003e9a:	9305      	str	r3, [sp, #20]
10003e9c:	4653      	mov	r3, sl
10003e9e:	9304      	str	r3, [sp, #16]
10003ea0:	9b0a      	ldr	r3, [sp, #40]	@ 0x28
10003ea2:	9006      	str	r0, [sp, #24]
10003ea4:	9303      	str	r3, [sp, #12]
10003ea6:	2300      	movs	r3, #0
10003ea8:	9302      	str	r3, [sp, #8]
10003eaa:	4663      	mov	r3, ip
10003eac:	e582      	b.n	100039b4 <_vsnprintf+0x670>
10003eae:	0603      	lsls	r3, r0, #24
10003eb0:	d513      	bpl.n	10003eda <_vsnprintf+0xb96>
10003eb2:	9b0b      	ldr	r3, [sp, #44]	@ 0x2c
10003eb4:	881b      	ldrh	r3, [r3, #0]
10003eb6:	9308      	str	r3, [sp, #32]
10003eb8:	e568      	b.n	1000398c <_vsnprintf+0x648>
10003eba:	0002      	movs	r2, r0
10003ebc:	230c      	movs	r3, #12
10003ebe:	439a      	bics	r2, r3
10003ec0:	3b0a      	subs	r3, #10
10003ec2:	0010      	movs	r0, r2
10003ec4:	930a      	str	r3, [sp, #40]	@ 0x28
10003ec6:	e548      	b.n	1000395a <_vsnprintf+0x616>
10003ec8:	2800      	cmp	r0, #0
10003eca:	d199      	bne.n	10003e00 <_vsnprintf+0xabc>
10003ecc:	e76a      	b.n	10003da4 <_vsnprintf+0xa60>
10003ece:	9b0b      	ldr	r3, [sp, #44]	@ 0x2c
10003ed0:	681b      	ldr	r3, [r3, #0]
10003ed2:	17d9      	asrs	r1, r3, #31
10003ed4:	185a      	adds	r2, r3, r1
10003ed6:	404a      	eors	r2, r1
10003ed8:	e4d9      	b.n	1000388e <_vsnprintf+0x54a>
10003eda:	9b0b      	ldr	r3, [sp, #44]	@ 0x2c
10003edc:	681b      	ldr	r3, [r3, #0]
10003ede:	9308      	str	r3, [sp, #32]
10003ee0:	e554      	b.n	1000398c <_vsnprintf+0x648>
10003ee2:	0003      	movs	r3, r0
10003ee4:	3301      	adds	r3, #1
10003ee6:	930c      	str	r3, [sp, #48]	@ 0x30
10003ee8:	e5f9      	b.n	10003ade <_vsnprintf+0x79a>
10003eea:	2320      	movs	r3, #32
10003eec:	9a0a      	ldr	r2, [sp, #40]	@ 0x28
10003eee:	431a      	orrs	r2, r3
10003ef0:	920a      	str	r2, [sp, #40]	@ 0x28
10003ef2:	230c      	movs	r3, #12
10003ef4:	9a0a      	ldr	r2, [sp, #40]	@ 0x28
10003ef6:	2100      	movs	r1, #0
10003ef8:	439a      	bics	r2, r3
10003efa:	3304      	adds	r3, #4
10003efc:	0010      	movs	r0, r2
10003efe:	930a      	str	r3, [sp, #40]	@ 0x28
10003f00:	e52b      	b.n	1000395a <_vsnprintf+0x616>
10003f02:	9b0a      	ldr	r3, [sp, #40]	@ 0x28
10003f04:	930c      	str	r3, [sp, #48]	@ 0x30
10003f06:	2308      	movs	r3, #8
10003f08:	930a      	str	r3, [sp, #40]	@ 0x28
10003f0a:	230d      	movs	r3, #13
10003f0c:	980c      	ldr	r0, [sp, #48]	@ 0x30
10003f0e:	4398      	bics	r0, r3
10003f10:	e523      	b.n	1000395a <_vsnprintf+0x616>
10003f12:	2310      	movs	r3, #16
10003f14:	9a0a      	ldr	r2, [sp, #40]	@ 0x28
10003f16:	439a      	bics	r2, r3
10003f18:	920c      	str	r2, [sp, #48]	@ 0x30
10003f1a:	2869      	cmp	r0, #105	@ 0x69
10003f1c:	d10a      	bne.n	10003f34 <_vsnprintf+0xbf0>
10003f1e:	990a      	ldr	r1, [sp, #40]	@ 0x28
10003f20:	2380      	movs	r3, #128	@ 0x80
10003f22:	000a      	movs	r2, r1
10003f24:	00db      	lsls	r3, r3, #3
10003f26:	401a      	ands	r2, r3
10003f28:	0010      	movs	r0, r2
10003f2a:	000a      	movs	r2, r1
10003f2c:	4219      	tst	r1, r3
10003f2e:	d100      	bne.n	10003f32 <_vsnprintf+0xbee>
10003f30:	e48a      	b.n	10003848 <_vsnprintf+0x504>
10003f32:	e486      	b.n	10003842 <_vsnprintf+0x4fe>
10003f34:	990a      	ldr	r1, [sp, #40]	@ 0x28
10003f36:	231c      	movs	r3, #28
10003f38:	000a      	movs	r2, r1
10003f3a:	439a      	bics	r2, r3
10003f3c:	2380      	movs	r3, #128	@ 0x80
10003f3e:	0010      	movs	r0, r2
10003f40:	000a      	movs	r2, r1
10003f42:	00db      	lsls	r3, r3, #3
10003f44:	401a      	ands	r2, r3
10003f46:	0011      	movs	r1, r2
10003f48:	9a0a      	ldr	r2, [sp, #40]	@ 0x28
10003f4a:	421a      	tst	r2, r3
10003f4c:	d102      	bne.n	10003f54 <_vsnprintf+0xc10>
10003f4e:	230a      	movs	r3, #10
10003f50:	930a      	str	r3, [sp, #40]	@ 0x28
10003f52:	e502      	b.n	1000395a <_vsnprintf+0x616>
10003f54:	230a      	movs	r3, #10
10003f56:	930a      	str	r3, [sp, #40]	@ 0x28
10003f58:	e7d7      	b.n	10003f0a <_vsnprintf+0xbc6>
10003f5a:	46c0      	nop			@ (mov r8, r8)

10003f5c <vfctprintf>:
10003f5c:	b500      	push	{lr}
10003f5e:	b085      	sub	sp, #20
10003f60:	9103      	str	r1, [sp, #12]
10003f62:	2101      	movs	r1, #1
10003f64:	9002      	str	r0, [sp, #8]
10003f66:	9300      	str	r3, [sp, #0]
10003f68:	4803      	ldr	r0, [pc, #12]	@ (10003f78 <vfctprintf+0x1c>)
10003f6a:	0013      	movs	r3, r2
10003f6c:	424a      	negs	r2, r1
10003f6e:	a902      	add	r1, sp, #8
10003f70:	f7ff f9e8 	bl	10003344 <_vsnprintf>
10003f74:	b005      	add	sp, #20
10003f76:	bd00      	pop	{pc}
10003f78:	10002b0d 	.word	0x10002b0d

10003f7c <weak_raw_vprintf>:
10003f7c:	b510      	push	{r4, lr}
10003f7e:	4a09      	ldr	r2, [pc, #36]	@ (10003fa4 <weak_raw_vprintf+0x28>)
10003f80:	0003      	movs	r3, r0
10003f82:	6814      	ldr	r4, [r2, #0]
10003f84:	b084      	sub	sp, #16
10003f86:	2c00      	cmp	r4, #0
10003f88:	d008      	beq.n	10003f9c <weak_raw_vprintf+0x20>
10003f8a:	2201      	movs	r2, #1
10003f8c:	9100      	str	r1, [sp, #0]
10003f8e:	4806      	ldr	r0, [pc, #24]	@ (10003fa8 <weak_raw_vprintf+0x2c>)
10003f90:	4252      	negs	r2, r2
10003f92:	a903      	add	r1, sp, #12
10003f94:	47a0      	blx	r4
10003f96:	2001      	movs	r0, #1
10003f98:	b004      	add	sp, #16
10003f9a:	bd10      	pop	{r4, pc}
10003f9c:	f000 f98a 	bl	100042b4 <__wrap_puts>
10003fa0:	2000      	movs	r0, #0
10003fa2:	e7f9      	b.n	10003f98 <weak_raw_vprintf+0x1c>
10003fa4:	20001c0c 	.word	0x20001c0c
10003fa8:	10002afd 	.word	0x10002afd

10003fac <_exit>:
10003fac:	be00      	bkpt	0x0000
10003fae:	e7fd      	b.n	10003fac <_exit>

10003fb0 <_fini>:
10003fb0:	4770      	bx	lr
10003fb2:	46c0      	nop			@ (mov r8, r8)

10003fb4 <exit>:
10003fb4:	b510      	push	{r4, lr}
10003fb6:	f7ff fff9 	bl	10003fac <_exit>
10003fba:	46c0      	nop			@ (mov r8, r8)

10003fbc <runtime_init>:
10003fbc:	b570      	push	{r4, r5, r6, lr}
10003fbe:	f7fd fbfb 	bl	100017b8 <runtime_run_initializers>
10003fc2:	4d07      	ldr	r5, [pc, #28]	@ (10003fe0 <runtime_init+0x24>)
10003fc4:	4e07      	ldr	r6, [pc, #28]	@ (10003fe4 <runtime_init+0x28>)
10003fc6:	42b5      	cmp	r5, r6
10003fc8:	d209      	bcs.n	10003fde <runtime_init+0x22>
10003fca:	2400      	movs	r4, #0
10003fcc:	3e01      	subs	r6, #1
10003fce:	1b76      	subs	r6, r6, r5
10003fd0:	08b6      	lsrs	r6, r6, #2
10003fd2:	cd08      	ldmia	r5!, {r3}
10003fd4:	4798      	blx	r3
10003fd6:	0023      	movs	r3, r4
10003fd8:	3401      	adds	r4, #1
10003fda:	42b3      	cmp	r3, r6
10003fdc:	d1f9      	bne.n	10003fd2 <runtime_init+0x16>
10003fde:	bd70      	pop	{r4, r5, r6, pc}
10003fe0:	10006844 	.word	0x10006844
10003fe4:	1000684c 	.word	0x1000684c

10003fe8 <stdio_out_chars_no_crlf>:
10003fe8:	0003      	movs	r3, r0
10003fea:	b510      	push	{r4, lr}
10003fec:	0008      	movs	r0, r1
10003fee:	0011      	movs	r1, r2
10003ff0:	681b      	ldr	r3, [r3, #0]
10003ff2:	4798      	blx	r3
10003ff4:	bd10      	pop	{r4, pc}
10003ff6:	46c0      	nop			@ (mov r8, r8)

10003ff8 <stdio_out_chars_crlf>:
10003ff8:	b5f0      	push	{r4, r5, r6, r7, lr}
10003ffa:	46c6      	mov	lr, r8
10003ffc:	b500      	push	{lr}
10003ffe:	7d43      	ldrb	r3, [r0, #21]
10004000:	0007      	movs	r7, r0
10004002:	000d      	movs	r5, r1
10004004:	0016      	movs	r6, r2
10004006:	2b00      	cmp	r3, #0
10004008:	d038      	beq.n	1000407c <stdio_out_chars_crlf+0x84>
1000400a:	2a00      	cmp	r2, #0
1000400c:	dd2e      	ble.n	1000406c <stdio_out_chars_crlf+0x74>
1000400e:	2100      	movs	r1, #0
10004010:	1e6a      	subs	r2, r5, #1
10004012:	4690      	mov	r8, r2
10004014:	5c6a      	ldrb	r2, [r5, r1]
10004016:	7d03      	ldrb	r3, [r0, #20]
10004018:	1c4c      	adds	r4, r1, #1
1000401a:	2000      	movs	r0, #0
1000401c:	2a0a      	cmp	r2, #10
1000401e:	d00c      	beq.n	1000403a <stdio_out_chars_crlf+0x42>
10004020:	42a6      	cmp	r6, r4
10004022:	d016      	beq.n	10004052 <stdio_out_chars_crlf+0x5a>
10004024:	4643      	mov	r3, r8
10004026:	5d1b      	ldrb	r3, [r3, r4]
10004028:	0021      	movs	r1, r4
1000402a:	3b0d      	subs	r3, #13
1000402c:	425a      	negs	r2, r3
1000402e:	4153      	adcs	r3, r2
10004030:	5c6a      	ldrb	r2, [r5, r1]
10004032:	b2db      	uxtb	r3, r3
10004034:	1c4c      	adds	r4, r1, #1
10004036:	2a0a      	cmp	r2, #10
10004038:	d1f2      	bne.n	10004020 <stdio_out_chars_crlf+0x28>
1000403a:	2b00      	cmp	r3, #0
1000403c:	d1f0      	bne.n	10004020 <stdio_out_chars_crlf+0x28>
1000403e:	4281      	cmp	r1, r0
10004040:	dc17      	bgt.n	10004072 <stdio_out_chars_crlf+0x7a>
10004042:	2102      	movs	r1, #2
10004044:	4810      	ldr	r0, [pc, #64]	@ (10004088 <stdio_out_chars_crlf+0x90>)
10004046:	683b      	ldr	r3, [r7, #0]
10004048:	4798      	blx	r3
1000404a:	42a6      	cmp	r6, r4
1000404c:	d007      	beq.n	1000405e <stdio_out_chars_crlf+0x66>
1000404e:	0020      	movs	r0, r4
10004050:	e7e8      	b.n	10004024 <stdio_out_chars_crlf+0x2c>
10004052:	4286      	cmp	r6, r0
10004054:	dd03      	ble.n	1000405e <stdio_out_chars_crlf+0x66>
10004056:	1a31      	subs	r1, r6, r0
10004058:	683b      	ldr	r3, [r7, #0]
1000405a:	1828      	adds	r0, r5, r0
1000405c:	4798      	blx	r3
1000405e:	19ad      	adds	r5, r5, r6
10004060:	3d01      	subs	r5, #1
10004062:	782b      	ldrb	r3, [r5, #0]
10004064:	3b0d      	subs	r3, #13
10004066:	425a      	negs	r2, r3
10004068:	4153      	adcs	r3, r2
1000406a:	753b      	strb	r3, [r7, #20]
1000406c:	bc80      	pop	{r7}
1000406e:	46b8      	mov	r8, r7
10004070:	bdf0      	pop	{r4, r5, r6, r7, pc}
10004072:	1a09      	subs	r1, r1, r0
10004074:	683b      	ldr	r3, [r7, #0]
10004076:	1828      	adds	r0, r5, r0
10004078:	4798      	blx	r3
1000407a:	e7e2      	b.n	10004042 <stdio_out_chars_crlf+0x4a>
1000407c:	6803      	ldr	r3, [r0, #0]
1000407e:	0011      	movs	r1, r2
10004080:	0028      	movs	r0, r5
10004082:	4798      	blx	r3
10004084:	e7f2      	b.n	1000406c <stdio_out_chars_crlf+0x74>
10004086:	46c0      	nop			@ (mov r8, r8)
10004088:	10006d90 	.word	0x10006d90

1000408c <stdio_buffered_printer>:
1000408c:	b5f8      	push	{r3, r4, r5, r6, r7, lr}
1000408e:	680b      	ldr	r3, [r1, #0]
10004090:	000d      	movs	r5, r1
10004092:	1c5a      	adds	r2, r3, #1
10004094:	18cb      	adds	r3, r1, r3
10004096:	600a      	str	r2, [r1, #0]
10004098:	7118      	strb	r0, [r3, #4]
1000409a:	2a80      	cmp	r2, #128	@ 0x80
1000409c:	d000      	beq.n	100040a0 <stdio_buffered_printer+0x14>
1000409e:	bdf8      	pop	{r3, r4, r5, r6, r7, pc}
100040a0:	4b0e      	ldr	r3, [pc, #56]	@ (100040dc <stdio_buffered_printer+0x50>)
100040a2:	681c      	ldr	r4, [r3, #0]
100040a4:	2c00      	cmp	r4, #0
100040a6:	d015      	beq.n	100040d4 <stdio_buffered_printer+0x48>
100040a8:	4e0d      	ldr	r6, [pc, #52]	@ (100040e0 <stdio_buffered_printer+0x54>)
100040aa:	1d0f      	adds	r7, r1, #4
100040ac:	e002      	b.n	100040b4 <stdio_buffered_printer+0x28>
100040ae:	6924      	ldr	r4, [r4, #16]
100040b0:	2c00      	cmp	r4, #0
100040b2:	d00f      	beq.n	100040d4 <stdio_buffered_printer+0x48>
100040b4:	6823      	ldr	r3, [r4, #0]
100040b6:	2b00      	cmp	r3, #0
100040b8:	d0f9      	beq.n	100040ae <stdio_buffered_printer+0x22>
100040ba:	6833      	ldr	r3, [r6, #0]
100040bc:	2b00      	cmp	r3, #0
100040be:	d001      	beq.n	100040c4 <stdio_buffered_printer+0x38>
100040c0:	42a3      	cmp	r3, r4
100040c2:	d1f4      	bne.n	100040ae <stdio_buffered_printer+0x22>
100040c4:	0020      	movs	r0, r4
100040c6:	0039      	movs	r1, r7
100040c8:	682a      	ldr	r2, [r5, #0]
100040ca:	f7ff ff95 	bl	10003ff8 <stdio_out_chars_crlf>
100040ce:	6924      	ldr	r4, [r4, #16]
100040d0:	2c00      	cmp	r4, #0
100040d2:	d1ef      	bne.n	100040b4 <stdio_buffered_printer+0x28>
100040d4:	2300      	movs	r3, #0
100040d6:	602b      	str	r3, [r5, #0]
100040d8:	e7e1      	b.n	1000409e <stdio_buffered_printer+0x12>
100040da:	46c0      	nop			@ (mov r8, r8)
100040dc:	20001800 	.word	0x20001800
100040e0:	20001808 	.word	0x20001808

100040e4 <stdio_put_string>:
100040e4:	b5f0      	push	{r4, r5, r6, r7, lr}
100040e6:	46de      	mov	lr, fp
100040e8:	4657      	mov	r7, sl
100040ea:	464e      	mov	r6, r9
100040ec:	4645      	mov	r5, r8
100040ee:	b5e0      	push	{r5, r6, r7, lr}
100040f0:	b085      	sub	sp, #20
100040f2:	0017      	movs	r7, r2
100040f4:	001c      	movs	r4, r3
100040f6:	0006      	movs	r6, r0
100040f8:	000d      	movs	r5, r1
100040fa:	f7fd f94b 	bl	10001394 <time_us_64>
100040fe:	2300      	movs	r3, #0
10004100:	4a31      	ldr	r2, [pc, #196]	@ (100041c8 <stdio_put_string+0xe4>)
10004102:	1812      	adds	r2, r2, r0
10004104:	414b      	adcs	r3, r1
10004106:	2180      	movs	r1, #128	@ 0x80
10004108:	0609      	lsls	r1, r1, #24
1000410a:	428b      	cmp	r3, r1
1000410c:	d302      	bcc.n	10004114 <stdio_put_string+0x30>
1000410e:	2201      	movs	r2, #1
10004110:	4b2e      	ldr	r3, [pc, #184]	@ (100041cc <stdio_put_string+0xe8>)
10004112:	4252      	negs	r2, r2
10004114:	492e      	ldr	r1, [pc, #184]	@ (100041d0 <stdio_put_string+0xec>)
10004116:	0008      	movs	r0, r1
10004118:	468a      	mov	sl, r1
1000411a:	f002 fb45 	bl	100067a8 <__mutex_try_enter_block_until_veneer>
1000411e:	9001      	str	r0, [sp, #4]
10004120:	1c6b      	adds	r3, r5, #1
10004122:	d103      	bne.n	1000412c <stdio_put_string+0x48>
10004124:	0030      	movs	r0, r6
10004126:	f002 fae1 	bl	100066ec <strlen>
1000412a:	0005      	movs	r5, r0
1000412c:	2c00      	cmp	r4, #0
1000412e:	d026      	beq.n	1000417e <stdio_put_string+0x9a>
10004130:	4b28      	ldr	r3, [pc, #160]	@ (100041d4 <stdio_put_string+0xf0>)
10004132:	4698      	mov	r8, r3
10004134:	4b28      	ldr	r3, [pc, #160]	@ (100041d8 <stdio_put_string+0xf4>)
10004136:	681c      	ldr	r4, [r3, #0]
10004138:	2c00      	cmp	r4, #0
1000413a:	d015      	beq.n	10004168 <stdio_put_string+0x84>
1000413c:	2f00      	cmp	r7, #0
1000413e:	d121      	bne.n	10004184 <stdio_put_string+0xa0>
10004140:	4f26      	ldr	r7, [pc, #152]	@ (100041dc <stdio_put_string+0xf8>)
10004142:	e002      	b.n	1000414a <stdio_put_string+0x66>
10004144:	6924      	ldr	r4, [r4, #16]
10004146:	2c00      	cmp	r4, #0
10004148:	d00e      	beq.n	10004168 <stdio_put_string+0x84>
1000414a:	6823      	ldr	r3, [r4, #0]
1000414c:	2b00      	cmp	r3, #0
1000414e:	d0f9      	beq.n	10004144 <stdio_put_string+0x60>
10004150:	683b      	ldr	r3, [r7, #0]
10004152:	2b00      	cmp	r3, #0
10004154:	d001      	beq.n	1000415a <stdio_put_string+0x76>
10004156:	42a3      	cmp	r3, r4
10004158:	d1f4      	bne.n	10004144 <stdio_put_string+0x60>
1000415a:	0020      	movs	r0, r4
1000415c:	002a      	movs	r2, r5
1000415e:	0031      	movs	r1, r6
10004160:	47c0      	blx	r8
10004162:	6924      	ldr	r4, [r4, #16]
10004164:	2c00      	cmp	r4, #0
10004166:	d1f0      	bne.n	1000414a <stdio_put_string+0x66>
10004168:	9b01      	ldr	r3, [sp, #4]
1000416a:	2b00      	cmp	r3, #0
1000416c:	d128      	bne.n	100041c0 <stdio_put_string+0xdc>
1000416e:	0028      	movs	r0, r5
10004170:	b005      	add	sp, #20
10004172:	bcf0      	pop	{r4, r5, r6, r7}
10004174:	46bb      	mov	fp, r7
10004176:	46b2      	mov	sl, r6
10004178:	46a9      	mov	r9, r5
1000417a:	46a0      	mov	r8, r4
1000417c:	bdf0      	pop	{r4, r5, r6, r7, pc}
1000417e:	4b18      	ldr	r3, [pc, #96]	@ (100041e0 <stdio_put_string+0xfc>)
10004180:	4698      	mov	r8, r3
10004182:	e7d7      	b.n	10004134 <stdio_put_string+0x50>
10004184:	4b15      	ldr	r3, [pc, #84]	@ (100041dc <stdio_put_string+0xf8>)
10004186:	4699      	mov	r9, r3
10004188:	ab02      	add	r3, sp, #8
1000418a:	1ddf      	adds	r7, r3, #7
1000418c:	230a      	movs	r3, #10
1000418e:	469b      	mov	fp, r3
10004190:	e002      	b.n	10004198 <stdio_put_string+0xb4>
10004192:	6924      	ldr	r4, [r4, #16]
10004194:	2c00      	cmp	r4, #0
10004196:	d0e7      	beq.n	10004168 <stdio_put_string+0x84>
10004198:	6823      	ldr	r3, [r4, #0]
1000419a:	2b00      	cmp	r3, #0
1000419c:	d0f9      	beq.n	10004192 <stdio_put_string+0xae>
1000419e:	464b      	mov	r3, r9
100041a0:	681b      	ldr	r3, [r3, #0]
100041a2:	2b00      	cmp	r3, #0
100041a4:	d001      	beq.n	100041aa <stdio_put_string+0xc6>
100041a6:	42a3      	cmp	r3, r4
100041a8:	d1f3      	bne.n	10004192 <stdio_put_string+0xae>
100041aa:	002a      	movs	r2, r5
100041ac:	0031      	movs	r1, r6
100041ae:	0020      	movs	r0, r4
100041b0:	47c0      	blx	r8
100041b2:	465b      	mov	r3, fp
100041b4:	2201      	movs	r2, #1
100041b6:	0039      	movs	r1, r7
100041b8:	0020      	movs	r0, r4
100041ba:	703b      	strb	r3, [r7, #0]
100041bc:	47c0      	blx	r8
100041be:	e7e8      	b.n	10004192 <stdio_put_string+0xae>
100041c0:	4650      	mov	r0, sl
100041c2:	f002 fb11 	bl	100067e8 <__mutex_exit_veneer>
100041c6:	e7d2      	b.n	1000416e <stdio_put_string+0x8a>
100041c8:	000f4240 	.word	0x000f4240
100041cc:	7fffffff 	.word	0x7fffffff
100041d0:	20001038 	.word	0x20001038
100041d4:	10003ff9 	.word	0x10003ff9
100041d8:	20001800 	.word	0x20001800
100041dc:	20001808 	.word	0x20001808
100041e0:	10003fe9 	.word	0x10003fe9

100041e4 <stdio_set_driver_enabled>:
100041e4:	4a0a      	ldr	r2, [pc, #40]	@ (10004210 <stdio_set_driver_enabled+0x2c>)
100041e6:	6813      	ldr	r3, [r2, #0]
100041e8:	2b00      	cmp	r3, #0
100041ea:	d105      	bne.n	100041f8 <stdio_set_driver_enabled+0x14>
100041ec:	e00c      	b.n	10004208 <stdio_set_driver_enabled+0x24>
100041ee:	001a      	movs	r2, r3
100041f0:	691b      	ldr	r3, [r3, #16]
100041f2:	3210      	adds	r2, #16
100041f4:	2b00      	cmp	r3, #0
100041f6:	d007      	beq.n	10004208 <stdio_set_driver_enabled+0x24>
100041f8:	4298      	cmp	r0, r3
100041fa:	d1f8      	bne.n	100041ee <stdio_set_driver_enabled+0xa>
100041fc:	2900      	cmp	r1, #0
100041fe:	d102      	bne.n	10004206 <stdio_set_driver_enabled+0x22>
10004200:	6903      	ldr	r3, [r0, #16]
10004202:	6013      	str	r3, [r2, #0]
10004204:	6101      	str	r1, [r0, #16]
10004206:	4770      	bx	lr
10004208:	2900      	cmp	r1, #0
1000420a:	d0fc      	beq.n	10004206 <stdio_set_driver_enabled+0x22>
1000420c:	6010      	str	r0, [r2, #0]
1000420e:	e7fa      	b.n	10004206 <stdio_set_driver_enabled+0x22>
10004210:	20001800 	.word	0x20001800

10004214 <stdio_init_all>:
10004214:	b510      	push	{r4, lr}
10004216:	f000 fa7d 	bl	10004714 <stdio_usb_init>
1000421a:	bd10      	pop	{r4, pc}

1000421c <__wrap_putchar>:
1000421c:	b5f0      	push	{r4, r5, r6, r7, lr}
1000421e:	46ce      	mov	lr, r9
10004220:	4647      	mov	r7, r8
10004222:	b580      	push	{r7, lr}
10004224:	b083      	sub	sp, #12
10004226:	466b      	mov	r3, sp
10004228:	0006      	movs	r6, r0
1000422a:	1ddd      	adds	r5, r3, #7
1000422c:	7028      	strb	r0, [r5, #0]
1000422e:	f7fd f8b1 	bl	10001394 <time_us_64>
10004232:	2300      	movs	r3, #0
10004234:	4a1a      	ldr	r2, [pc, #104]	@ (100042a0 <__wrap_putchar+0x84>)
10004236:	1812      	adds	r2, r2, r0
10004238:	414b      	adcs	r3, r1
1000423a:	2180      	movs	r1, #128	@ 0x80
1000423c:	0609      	lsls	r1, r1, #24
1000423e:	428b      	cmp	r3, r1
10004240:	d302      	bcc.n	10004248 <__wrap_putchar+0x2c>
10004242:	2201      	movs	r2, #1
10004244:	4b17      	ldr	r3, [pc, #92]	@ (100042a4 <__wrap_putchar+0x88>)
10004246:	4252      	negs	r2, r2
10004248:	4917      	ldr	r1, [pc, #92]	@ (100042a8 <__wrap_putchar+0x8c>)
1000424a:	0008      	movs	r0, r1
1000424c:	4688      	mov	r8, r1
1000424e:	f002 faab 	bl	100067a8 <__mutex_try_enter_block_until_veneer>
10004252:	4b16      	ldr	r3, [pc, #88]	@ (100042ac <__wrap_putchar+0x90>)
10004254:	4681      	mov	r9, r0
10004256:	681c      	ldr	r4, [r3, #0]
10004258:	2c00      	cmp	r4, #0
1000425a:	d014      	beq.n	10004286 <__wrap_putchar+0x6a>
1000425c:	4f14      	ldr	r7, [pc, #80]	@ (100042b0 <__wrap_putchar+0x94>)
1000425e:	e002      	b.n	10004266 <__wrap_putchar+0x4a>
10004260:	6924      	ldr	r4, [r4, #16]
10004262:	2c00      	cmp	r4, #0
10004264:	d00f      	beq.n	10004286 <__wrap_putchar+0x6a>
10004266:	6823      	ldr	r3, [r4, #0]
10004268:	2b00      	cmp	r3, #0
1000426a:	d0f9      	beq.n	10004260 <__wrap_putchar+0x44>
1000426c:	683b      	ldr	r3, [r7, #0]
1000426e:	2b00      	cmp	r3, #0
10004270:	d001      	beq.n	10004276 <__wrap_putchar+0x5a>
10004272:	42a3      	cmp	r3, r4
10004274:	d1f4      	bne.n	10004260 <__wrap_putchar+0x44>
10004276:	0020      	movs	r0, r4
10004278:	2201      	movs	r2, #1
1000427a:	0029      	movs	r1, r5
1000427c:	f7ff febc 	bl	10003ff8 <stdio_out_chars_crlf>
10004280:	6924      	ldr	r4, [r4, #16]
10004282:	2c00      	cmp	r4, #0
10004284:	d1ef      	bne.n	10004266 <__wrap_putchar+0x4a>
10004286:	464b      	mov	r3, r9
10004288:	2b00      	cmp	r3, #0
1000428a:	d105      	bne.n	10004298 <__wrap_putchar+0x7c>
1000428c:	0030      	movs	r0, r6
1000428e:	b003      	add	sp, #12
10004290:	bcc0      	pop	{r6, r7}
10004292:	46b9      	mov	r9, r7
10004294:	46b0      	mov	r8, r6
10004296:	bdf0      	pop	{r4, r5, r6, r7, pc}
10004298:	4640      	mov	r0, r8
1000429a:	f002 faa5 	bl	100067e8 <__mutex_exit_veneer>
1000429e:	e7f5      	b.n	1000428c <__wrap_putchar+0x70>
100042a0:	000f4240 	.word	0x000f4240
100042a4:	7fffffff 	.word	0x7fffffff
100042a8:	20001038 	.word	0x20001038
100042ac:	20001800 	.word	0x20001800
100042b0:	20001808 	.word	0x20001808

100042b4 <__wrap_puts>:
100042b4:	b570      	push	{r4, r5, r6, lr}
100042b6:	0004      	movs	r4, r0
100042b8:	f002 fa18 	bl	100066ec <strlen>
100042bc:	2301      	movs	r3, #1
100042be:	0001      	movs	r1, r0
100042c0:	0005      	movs	r5, r0
100042c2:	2201      	movs	r2, #1
100042c4:	0020      	movs	r0, r4
100042c6:	f7ff ff0d 	bl	100040e4 <stdio_put_string>
100042ca:	4b08      	ldr	r3, [pc, #32]	@ (100042ec <__wrap_puts+0x38>)
100042cc:	681c      	ldr	r4, [r3, #0]
100042ce:	2c00      	cmp	r4, #0
100042d0:	d006      	beq.n	100042e0 <__wrap_puts+0x2c>
100042d2:	6863      	ldr	r3, [r4, #4]
100042d4:	2b00      	cmp	r3, #0
100042d6:	d005      	beq.n	100042e4 <__wrap_puts+0x30>
100042d8:	4798      	blx	r3
100042da:	6924      	ldr	r4, [r4, #16]
100042dc:	2c00      	cmp	r4, #0
100042de:	d1f8      	bne.n	100042d2 <__wrap_puts+0x1e>
100042e0:	0028      	movs	r0, r5
100042e2:	bd70      	pop	{r4, r5, r6, pc}
100042e4:	6924      	ldr	r4, [r4, #16]
100042e6:	2c00      	cmp	r4, #0
100042e8:	d1f3      	bne.n	100042d2 <__wrap_puts+0x1e>
100042ea:	e7f9      	b.n	100042e0 <__wrap_puts+0x2c>
100042ec:	20001800 	.word	0x20001800

100042f0 <__wrap_vprintf>:
100042f0:	b5f0      	push	{r4, r5, r6, r7, lr}
100042f2:	46ce      	mov	lr, r9
100042f4:	4647      	mov	r7, r8
100042f6:	b580      	push	{r7, lr}
100042f8:	b0a3      	sub	sp, #140	@ 0x8c
100042fa:	0004      	movs	r4, r0
100042fc:	000d      	movs	r5, r1
100042fe:	f7fd f849 	bl	10001394 <time_us_64>
10004302:	2300      	movs	r3, #0
10004304:	4a29      	ldr	r2, [pc, #164]	@ (100043ac <__wrap_vprintf+0xbc>)
10004306:	1812      	adds	r2, r2, r0
10004308:	414b      	adcs	r3, r1
1000430a:	2180      	movs	r1, #128	@ 0x80
1000430c:	0609      	lsls	r1, r1, #24
1000430e:	428b      	cmp	r3, r1
10004310:	d302      	bcc.n	10004318 <__wrap_vprintf+0x28>
10004312:	2201      	movs	r2, #1
10004314:	4b26      	ldr	r3, [pc, #152]	@ (100043b0 <__wrap_vprintf+0xc0>)
10004316:	4252      	negs	r2, r2
10004318:	4f26      	ldr	r7, [pc, #152]	@ (100043b4 <__wrap_vprintf+0xc4>)
1000431a:	0038      	movs	r0, r7
1000431c:	f002 fa44 	bl	100067a8 <__mutex_try_enter_block_until_veneer>
10004320:	2300      	movs	r3, #0
10004322:	0006      	movs	r6, r0
10004324:	9301      	str	r3, [sp, #4]
10004326:	0022      	movs	r2, r4
10004328:	002b      	movs	r3, r5
1000432a:	4823      	ldr	r0, [pc, #140]	@ (100043b8 <__wrap_vprintf+0xc8>)
1000432c:	a901      	add	r1, sp, #4
1000432e:	f7ff fe15 	bl	10003f5c <vfctprintf>
10004332:	9b01      	ldr	r3, [sp, #4]
10004334:	4680      	mov	r8, r0
10004336:	2b00      	cmp	r3, #0
10004338:	d114      	bne.n	10004364 <__wrap_vprintf+0x74>
1000433a:	4b20      	ldr	r3, [pc, #128]	@ (100043bc <__wrap_vprintf+0xcc>)
1000433c:	681c      	ldr	r4, [r3, #0]
1000433e:	2c00      	cmp	r4, #0
10004340:	d006      	beq.n	10004350 <__wrap_vprintf+0x60>
10004342:	6863      	ldr	r3, [r4, #4]
10004344:	2b00      	cmp	r3, #0
10004346:	d00b      	beq.n	10004360 <__wrap_vprintf+0x70>
10004348:	4798      	blx	r3
1000434a:	6924      	ldr	r4, [r4, #16]
1000434c:	2c00      	cmp	r4, #0
1000434e:	d1f8      	bne.n	10004342 <__wrap_vprintf+0x52>
10004350:	2e00      	cmp	r6, #0
10004352:	d125      	bne.n	100043a0 <__wrap_vprintf+0xb0>
10004354:	4640      	mov	r0, r8
10004356:	b023      	add	sp, #140	@ 0x8c
10004358:	bcc0      	pop	{r6, r7}
1000435a:	46b9      	mov	r9, r7
1000435c:	46b0      	mov	r8, r6
1000435e:	bdf0      	pop	{r4, r5, r6, r7, pc}
10004360:	6924      	ldr	r4, [r4, #16]
10004362:	e7ec      	b.n	1000433e <__wrap_vprintf+0x4e>
10004364:	4b15      	ldr	r3, [pc, #84]	@ (100043bc <__wrap_vprintf+0xcc>)
10004366:	681d      	ldr	r5, [r3, #0]
10004368:	4699      	mov	r9, r3
1000436a:	2d00      	cmp	r5, #0
1000436c:	d01c      	beq.n	100043a8 <__wrap_vprintf+0xb8>
1000436e:	4c14      	ldr	r4, [pc, #80]	@ (100043c0 <__wrap_vprintf+0xd0>)
10004370:	e002      	b.n	10004378 <__wrap_vprintf+0x88>
10004372:	692d      	ldr	r5, [r5, #16]
10004374:	2d00      	cmp	r5, #0
10004376:	d00f      	beq.n	10004398 <__wrap_vprintf+0xa8>
10004378:	682b      	ldr	r3, [r5, #0]
1000437a:	2b00      	cmp	r3, #0
1000437c:	d0f9      	beq.n	10004372 <__wrap_vprintf+0x82>
1000437e:	6823      	ldr	r3, [r4, #0]
10004380:	2b00      	cmp	r3, #0
10004382:	d001      	beq.n	10004388 <__wrap_vprintf+0x98>
10004384:	42ab      	cmp	r3, r5
10004386:	d1f4      	bne.n	10004372 <__wrap_vprintf+0x82>
10004388:	0028      	movs	r0, r5
1000438a:	9a01      	ldr	r2, [sp, #4]
1000438c:	a902      	add	r1, sp, #8
1000438e:	f7ff fe33 	bl	10003ff8 <stdio_out_chars_crlf>
10004392:	692d      	ldr	r5, [r5, #16]
10004394:	2d00      	cmp	r5, #0
10004396:	d1ef      	bne.n	10004378 <__wrap_vprintf+0x88>
10004398:	464b      	mov	r3, r9
1000439a:	9501      	str	r5, [sp, #4]
1000439c:	681c      	ldr	r4, [r3, #0]
1000439e:	e7ce      	b.n	1000433e <__wrap_vprintf+0x4e>
100043a0:	0038      	movs	r0, r7
100043a2:	f002 fa21 	bl	100067e8 <__mutex_exit_veneer>
100043a6:	e7d5      	b.n	10004354 <__wrap_vprintf+0x64>
100043a8:	9501      	str	r5, [sp, #4]
100043aa:	e7d1      	b.n	10004350 <__wrap_vprintf+0x60>
100043ac:	000f4240 	.word	0x000f4240
100043b0:	7fffffff 	.word	0x7fffffff
100043b4:	20001038 	.word	0x20001038
100043b8:	1000408d 	.word	0x1000408d
100043bc:	20001800 	.word	0x20001800
100043c0:	20001808 	.word	0x20001808

100043c4 <__wrap_printf>:
100043c4:	b40f      	push	{r0, r1, r2, r3}
100043c6:	b500      	push	{lr}
100043c8:	b083      	sub	sp, #12
100043ca:	a904      	add	r1, sp, #16
100043cc:	c901      	ldmia	r1!, {r0}
100043ce:	9101      	str	r1, [sp, #4]
100043d0:	f7ff ff8e 	bl	100042f0 <__wrap_vprintf>
100043d4:	b003      	add	sp, #12
100043d6:	bc08      	pop	{r3}
100043d8:	b004      	add	sp, #16
100043da:	4718      	bx	r3

100043dc <stdio_usb_set_chars_available_callback>:
100043dc:	4b02      	ldr	r3, [pc, #8]	@ (100043e8 <stdio_usb_set_chars_available_callback+0xc>)
100043de:	6018      	str	r0, [r3, #0]
100043e0:	4b02      	ldr	r3, [pc, #8]	@ (100043ec <stdio_usb_set_chars_available_callback+0x10>)
100043e2:	6019      	str	r1, [r3, #0]
100043e4:	4770      	bx	lr
100043e6:	46c0      	nop			@ (mov r8, r8)
100043e8:	200017a0 	.word	0x200017a0
100043ec:	200017a4 	.word	0x200017a4

100043f0 <usb_irq>:
100043f0:	b510      	push	{r4, lr}
100043f2:	4b02      	ldr	r3, [pc, #8]	@ (100043fc <usb_irq+0xc>)
100043f4:	7818      	ldrb	r0, [r3, #0]
100043f6:	f7fc f999 	bl	1000072c <irq_set_pending>
100043fa:	bd10      	pop	{r4, pc}
100043fc:	20001c5f 	.word	0x20001c5f

10004400 <timer_task>:
10004400:	4b15      	ldr	r3, [pc, #84]	@ (10004458 <timer_task+0x58>)
10004402:	b570      	push	{r4, r5, r6, lr}
10004404:	681a      	ldr	r2, [r3, #0]
10004406:	2a00      	cmp	r2, #0
10004408:	d022      	beq.n	10004450 <timer_task+0x50>
1000440a:	f3ef 8110 	mrs	r1, PRIMASK
1000440e:	b672      	cpsid	i
10004410:	6810      	ldr	r0, [r2, #0]
10004412:	2800      	cmp	r0, #0
10004414:	d0fc      	beq.n	10004410 <timer_task+0x10>
10004416:	f3bf 8f5f 	dmb	sy
1000441a:	2000      	movs	r0, #0
1000441c:	4a0f      	ldr	r2, [pc, #60]	@ (1000445c <timer_task+0x5c>)
1000441e:	6059      	str	r1, [r3, #4]
10004420:	7010      	strb	r0, [r2, #0]
10004422:	681b      	ldr	r3, [r3, #0]
10004424:	f3bf 8f5f 	dmb	sy
10004428:	6018      	str	r0, [r3, #0]
1000442a:	f381 8810 	msr	PRIMASK, r1
1000442e:	2400      	movs	r4, #0
10004430:	2500      	movs	r5, #0
10004432:	4e0b      	ldr	r6, [pc, #44]	@ (10004460 <timer_task+0x60>)
10004434:	7830      	ldrb	r0, [r6, #0]
10004436:	f7fc f96d 	bl	10000714 <irq_is_enabled>
1000443a:	2800      	cmp	r0, #0
1000443c:	d104      	bne.n	10004448 <timer_task+0x48>
1000443e:	2400      	movs	r4, #0
10004440:	2500      	movs	r5, #0
10004442:	0029      	movs	r1, r5
10004444:	0020      	movs	r0, r4
10004446:	bd70      	pop	{r4, r5, r6, pc}
10004448:	7830      	ldrb	r0, [r6, #0]
1000444a:	f7fc f96f 	bl	1000072c <irq_set_pending>
1000444e:	e7f8      	b.n	10004442 <timer_task+0x42>
10004450:	24fa      	movs	r4, #250	@ 0xfa
10004452:	2500      	movs	r5, #0
10004454:	00a4      	lsls	r4, r4, #2
10004456:	e7ec      	b.n	10004432 <timer_task+0x32>
10004458:	20001c18 	.word	0x20001c18
1000445c:	20001c60 	.word	0x20001c60
10004460:	20001c5f 	.word	0x20001c5f

10004464 <stdio_usb_in_chars>:
10004464:	b570      	push	{r4, r5, r6, lr}
10004466:	0004      	movs	r4, r0
10004468:	2000      	movs	r0, #0
1000446a:	000e      	movs	r6, r1
1000446c:	f001 fb82 	bl	10005b74 <tud_cdc_n_connected>
10004470:	2800      	cmp	r0, #0
10004472:	d036      	beq.n	100044e2 <stdio_usb_in_chars+0x7e>
10004474:	2000      	movs	r0, #0
10004476:	f001 fb93 	bl	10005ba0 <tud_cdc_n_available>
1000447a:	2800      	cmp	r0, #0
1000447c:	d031      	beq.n	100044e2 <stdio_usb_in_chars+0x7e>
1000447e:	f7fc ff89 	bl	10001394 <time_us_64>
10004482:	2300      	movs	r3, #0
10004484:	4a18      	ldr	r2, [pc, #96]	@ (100044e8 <stdio_usb_in_chars+0x84>)
10004486:	1812      	adds	r2, r2, r0
10004488:	414b      	adcs	r3, r1
1000448a:	2180      	movs	r1, #128	@ 0x80
1000448c:	0609      	lsls	r1, r1, #24
1000448e:	428b      	cmp	r3, r1
10004490:	d216      	bcs.n	100044c0 <stdio_usb_in_chars+0x5c>
10004492:	4d16      	ldr	r5, [pc, #88]	@ (100044ec <stdio_usb_in_chars+0x88>)
10004494:	0028      	movs	r0, r5
10004496:	f002 f987 	bl	100067a8 <__mutex_try_enter_block_until_veneer>
1000449a:	2800      	cmp	r0, #0
1000449c:	d021      	beq.n	100044e2 <stdio_usb_in_chars+0x7e>
1000449e:	2000      	movs	r0, #0
100044a0:	f001 fb68 	bl	10005b74 <tud_cdc_n_connected>
100044a4:	2800      	cmp	r0, #0
100044a6:	d10f      	bne.n	100044c8 <stdio_usb_in_chars+0x64>
100044a8:	2001      	movs	r0, #1
100044aa:	2100      	movs	r1, #0
100044ac:	4240      	negs	r0, r0
100044ae:	f000 fd83 	bl	10004fb8 <tud_task_ext>
100044b2:	2403      	movs	r4, #3
100044b4:	4264      	negs	r4, r4
100044b6:	0028      	movs	r0, r5
100044b8:	f002 f996 	bl	100067e8 <__mutex_exit_veneer>
100044bc:	0020      	movs	r0, r4
100044be:	bd70      	pop	{r4, r5, r6, pc}
100044c0:	2201      	movs	r2, #1
100044c2:	4b0b      	ldr	r3, [pc, #44]	@ (100044f0 <stdio_usb_in_chars+0x8c>)
100044c4:	4252      	negs	r2, r2
100044c6:	e7e4      	b.n	10004492 <stdio_usb_in_chars+0x2e>
100044c8:	2000      	movs	r0, #0
100044ca:	f001 fb69 	bl	10005ba0 <tud_cdc_n_available>
100044ce:	2800      	cmp	r0, #0
100044d0:	d0ea      	beq.n	100044a8 <stdio_usb_in_chars+0x44>
100044d2:	0021      	movs	r1, r4
100044d4:	0032      	movs	r2, r6
100044d6:	2000      	movs	r0, #0
100044d8:	f001 fb6c 	bl	10005bb4 <tud_cdc_n_read>
100044dc:	1e04      	subs	r4, r0, #0
100044de:	d1ea      	bne.n	100044b6 <stdio_usb_in_chars+0x52>
100044e0:	e7e7      	b.n	100044b2 <stdio_usb_in_chars+0x4e>
100044e2:	2403      	movs	r4, #3
100044e4:	4264      	negs	r4, r4
100044e6:	e7e9      	b.n	100044bc <stdio_usb_in_chars+0x58>
100044e8:	000f4240 	.word	0x000f4240
100044ec:	20001c40 	.word	0x20001c40
100044f0:	7fffffff 	.word	0x7fffffff

100044f4 <stdio_usb_out_flush>:
100044f4:	b510      	push	{r4, lr}
100044f6:	f7fc ff4d 	bl	10001394 <time_us_64>
100044fa:	2300      	movs	r3, #0
100044fc:	4a0e      	ldr	r2, [pc, #56]	@ (10004538 <stdio_usb_out_flush+0x44>)
100044fe:	1812      	adds	r2, r2, r0
10004500:	414b      	adcs	r3, r1
10004502:	2180      	movs	r1, #128	@ 0x80
10004504:	0609      	lsls	r1, r1, #24
10004506:	428b      	cmp	r3, r1
10004508:	d302      	bcc.n	10004510 <stdio_usb_out_flush+0x1c>
1000450a:	2201      	movs	r2, #1
1000450c:	4b0b      	ldr	r3, [pc, #44]	@ (1000453c <stdio_usb_out_flush+0x48>)
1000450e:	4252      	negs	r2, r2
10004510:	4c0b      	ldr	r4, [pc, #44]	@ (10004540 <stdio_usb_out_flush+0x4c>)
10004512:	0020      	movs	r0, r4
10004514:	f002 f948 	bl	100067a8 <__mutex_try_enter_block_until_veneer>
10004518:	2800      	cmp	r0, #0
1000451a:	d00c      	beq.n	10004536 <stdio_usb_out_flush+0x42>
1000451c:	2001      	movs	r0, #1
1000451e:	2100      	movs	r1, #0
10004520:	4240      	negs	r0, r0
10004522:	f000 fd49 	bl	10004fb8 <tud_task_ext>
10004526:	2000      	movs	r0, #0
10004528:	f001 fb8e 	bl	10005c48 <tud_cdc_n_write_flush>
1000452c:	2800      	cmp	r0, #0
1000452e:	d1f5      	bne.n	1000451c <stdio_usb_out_flush+0x28>
10004530:	0020      	movs	r0, r4
10004532:	f002 f959 	bl	100067e8 <__mutex_exit_veneer>
10004536:	bd10      	pop	{r4, pc}
10004538:	000f4240 	.word	0x000f4240
1000453c:	7fffffff 	.word	0x7fffffff
10004540:	20001c40 	.word	0x20001c40

10004544 <stdio_usb_out_chars>:
10004544:	b5f8      	push	{r3, r4, r5, r6, r7, lr}
10004546:	46de      	mov	lr, fp
10004548:	4657      	mov	r7, sl
1000454a:	b580      	push	{r7, lr}
1000454c:	0005      	movs	r5, r0
1000454e:	000c      	movs	r4, r1
10004550:	f7fc ff20 	bl	10001394 <time_us_64>
10004554:	2300      	movs	r3, #0
10004556:	4a37      	ldr	r2, [pc, #220]	@ (10004634 <stdio_usb_out_chars+0xf0>)
10004558:	1812      	adds	r2, r2, r0
1000455a:	414b      	adcs	r3, r1
1000455c:	2180      	movs	r1, #128	@ 0x80
1000455e:	0609      	lsls	r1, r1, #24
10004560:	428b      	cmp	r3, r1
10004562:	d302      	bcc.n	1000456a <stdio_usb_out_chars+0x26>
10004564:	2201      	movs	r2, #1
10004566:	4b34      	ldr	r3, [pc, #208]	@ (10004638 <stdio_usb_out_chars+0xf4>)
10004568:	4252      	negs	r2, r2
1000456a:	4934      	ldr	r1, [pc, #208]	@ (1000463c <stdio_usb_out_chars+0xf8>)
1000456c:	0008      	movs	r0, r1
1000456e:	468a      	mov	sl, r1
10004570:	f002 f91a 	bl	100067a8 <__mutex_try_enter_block_until_veneer>
10004574:	2800      	cmp	r0, #0
10004576:	d103      	bne.n	10004580 <stdio_usb_out_chars+0x3c>
10004578:	bcc0      	pop	{r6, r7}
1000457a:	46bb      	mov	fp, r7
1000457c:	46b2      	mov	sl, r6
1000457e:	bdf8      	pop	{r3, r4, r5, r6, r7, pc}
10004580:	2000      	movs	r0, #0
10004582:	f001 faf7 	bl	10005b74 <tud_cdc_n_connected>
10004586:	2800      	cmp	r0, #0
10004588:	d04a      	beq.n	10004620 <stdio_usb_out_chars+0xdc>
1000458a:	2600      	movs	r6, #0
1000458c:	2c00      	cmp	r4, #0
1000458e:	dd43      	ble.n	10004618 <stdio_usb_out_chars+0xd4>
10004590:	4b2b      	ldr	r3, [pc, #172]	@ (10004640 <stdio_usb_out_chars+0xfc>)
10004592:	469b      	mov	fp, r3
10004594:	e014      	b.n	100045c0 <stdio_usb_out_chars+0x7c>
10004596:	19a9      	adds	r1, r5, r6
10004598:	2000      	movs	r0, #0
1000459a:	f001 fb8f 	bl	10005cbc <tud_cdc_n_write>
1000459e:	0007      	movs	r7, r0
100045a0:	2001      	movs	r0, #1
100045a2:	2100      	movs	r1, #0
100045a4:	4240      	negs	r0, r0
100045a6:	f000 fd07 	bl	10004fb8 <tud_task_ext>
100045aa:	2000      	movs	r0, #0
100045ac:	f001 fb4c 	bl	10005c48 <tud_cdc_n_write_flush>
100045b0:	f7fc fef0 	bl	10001394 <time_us_64>
100045b4:	4b22      	ldr	r3, [pc, #136]	@ (10004640 <stdio_usb_out_chars+0xfc>)
100045b6:	19f6      	adds	r6, r6, r7
100045b8:	6018      	str	r0, [r3, #0]
100045ba:	6059      	str	r1, [r3, #4]
100045bc:	42b4      	cmp	r4, r6
100045be:	dd2b      	ble.n	10004618 <stdio_usb_out_chars+0xd4>
100045c0:	2000      	movs	r0, #0
100045c2:	f001 fb9b 	bl	10005cfc <tud_cdc_n_write_available>
100045c6:	1ba7      	subs	r7, r4, r6
100045c8:	0002      	movs	r2, r0
100045ca:	42b8      	cmp	r0, r7
100045cc:	dd00      	ble.n	100045d0 <stdio_usb_out_chars+0x8c>
100045ce:	003a      	movs	r2, r7
100045d0:	2a00      	cmp	r2, #0
100045d2:	d1e0      	bne.n	10004596 <stdio_usb_out_chars+0x52>
100045d4:	2001      	movs	r0, #1
100045d6:	2100      	movs	r1, #0
100045d8:	4240      	negs	r0, r0
100045da:	f000 fced 	bl	10004fb8 <tud_task_ext>
100045de:	2000      	movs	r0, #0
100045e0:	f001 fb32 	bl	10005c48 <tud_cdc_n_write_flush>
100045e4:	2000      	movs	r0, #0
100045e6:	f001 fac5 	bl	10005b74 <tud_cdc_n_connected>
100045ea:	2800      	cmp	r0, #0
100045ec:	d014      	beq.n	10004618 <stdio_usb_out_chars+0xd4>
100045ee:	2000      	movs	r0, #0
100045f0:	f001 fb84 	bl	10005cfc <tud_cdc_n_write_available>
100045f4:	2800      	cmp	r0, #0
100045f6:	d1e1      	bne.n	100045bc <stdio_usb_out_chars+0x78>
100045f8:	f7fc fecc 	bl	10001394 <time_us_64>
100045fc:	465b      	mov	r3, fp
100045fe:	000f      	movs	r7, r1
10004600:	681a      	ldr	r2, [r3, #0]
10004602:	685b      	ldr	r3, [r3, #4]
10004604:	2100      	movs	r1, #0
10004606:	4684      	mov	ip, r0
10004608:	480e      	ldr	r0, [pc, #56]	@ (10004644 <stdio_usb_out_chars+0x100>)
1000460a:	1812      	adds	r2, r2, r0
1000460c:	414b      	adcs	r3, r1
1000460e:	429f      	cmp	r7, r3
10004610:	d802      	bhi.n	10004618 <stdio_usb_out_chars+0xd4>
10004612:	d1d3      	bne.n	100045bc <stdio_usb_out_chars+0x78>
10004614:	4594      	cmp	ip, r2
10004616:	d9d1      	bls.n	100045bc <stdio_usb_out_chars+0x78>
10004618:	4650      	mov	r0, sl
1000461a:	f002 f8e5 	bl	100067e8 <__mutex_exit_veneer>
1000461e:	e7ab      	b.n	10004578 <stdio_usb_out_chars+0x34>
10004620:	2000      	movs	r0, #0
10004622:	2100      	movs	r1, #0
10004624:	4b06      	ldr	r3, [pc, #24]	@ (10004640 <stdio_usb_out_chars+0xfc>)
10004626:	6018      	str	r0, [r3, #0]
10004628:	6059      	str	r1, [r3, #4]
1000462a:	4650      	mov	r0, sl
1000462c:	f002 f8dc 	bl	100067e8 <__mutex_exit_veneer>
10004630:	e7a2      	b.n	10004578 <stdio_usb_out_chars+0x34>
10004632:	46c0      	nop			@ (mov r8, r8)
10004634:	000f4240 	.word	0x000f4240
10004638:	7fffffff 	.word	0x7fffffff
1000463c:	20001c40 	.word	0x20001c40
10004640:	200011c0 	.word	0x200011c0
10004644:	0007a120 	.word	0x0007a120

10004648 <low_priority_worker_irq>:
10004648:	b530      	push	{r4, r5, lr}
1000464a:	4c2b      	ldr	r4, [pc, #172]	@ (100046f8 <low_priority_worker_irq+0xb0>)
1000464c:	b085      	sub	sp, #20
1000464e:	2100      	movs	r1, #0
10004650:	0020      	movs	r0, r4
10004652:	f002 f8a1 	bl	10006798 <__mutex_try_enter_veneer>
10004656:	2800      	cmp	r0, #0
10004658:	d11c      	bne.n	10004694 <low_priority_worker_irq+0x4c>
1000465a:	4b28      	ldr	r3, [pc, #160]	@ (100046fc <low_priority_worker_irq+0xb4>)
1000465c:	681a      	ldr	r2, [r3, #0]
1000465e:	2a00      	cmp	r2, #0
10004660:	d016      	beq.n	10004690 <low_priority_worker_irq+0x48>
10004662:	f3ef 8110 	mrs	r1, PRIMASK
10004666:	b672      	cpsid	i
10004668:	6810      	ldr	r0, [r2, #0]
1000466a:	2800      	cmp	r0, #0
1000466c:	d0fc      	beq.n	10004668 <low_priority_worker_irq+0x20>
1000466e:	f3bf 8f5f 	dmb	sy
10004672:	2401      	movs	r4, #1
10004674:	4822      	ldr	r0, [pc, #136]	@ (10004700 <low_priority_worker_irq+0xb8>)
10004676:	6059      	str	r1, [r3, #4]
10004678:	7802      	ldrb	r2, [r0, #0]
1000467a:	681b      	ldr	r3, [r3, #0]
1000467c:	b2d2      	uxtb	r2, r2
1000467e:	7004      	strb	r4, [r0, #0]
10004680:	f3bf 8f5f 	dmb	sy
10004684:	2000      	movs	r0, #0
10004686:	6018      	str	r0, [r3, #0]
10004688:	f381 8810 	msr	PRIMASK, r1
1000468c:	2a00      	cmp	r2, #0
1000468e:	d017      	beq.n	100046c0 <low_priority_worker_irq+0x78>
10004690:	b005      	add	sp, #20
10004692:	bd30      	pop	{r4, r5, pc}
10004694:	2001      	movs	r0, #1
10004696:	2100      	movs	r1, #0
10004698:	4240      	negs	r0, r0
1000469a:	f000 fc8d 	bl	10004fb8 <tud_task_ext>
1000469e:	2000      	movs	r0, #0
100046a0:	f001 fa7e 	bl	10005ba0 <tud_cdc_n_available>
100046a4:	0005      	movs	r5, r0
100046a6:	0020      	movs	r0, r4
100046a8:	f002 f89e 	bl	100067e8 <__mutex_exit_veneer>
100046ac:	2d00      	cmp	r5, #0
100046ae:	d0ef      	beq.n	10004690 <low_priority_worker_irq+0x48>
100046b0:	4b14      	ldr	r3, [pc, #80]	@ (10004704 <low_priority_worker_irq+0xbc>)
100046b2:	681b      	ldr	r3, [r3, #0]
100046b4:	2b00      	cmp	r3, #0
100046b6:	d0eb      	beq.n	10004690 <low_priority_worker_irq+0x48>
100046b8:	4a13      	ldr	r2, [pc, #76]	@ (10004708 <low_priority_worker_irq+0xc0>)
100046ba:	6810      	ldr	r0, [r2, #0]
100046bc:	4798      	blx	r3
100046be:	e7e7      	b.n	10004690 <low_priority_worker_irq+0x48>
100046c0:	f7fc fc40 	bl	10000f44 <alarm_pool_get_default>
100046c4:	0004      	movs	r4, r0
100046c6:	f7fc fe65 	bl	10001394 <time_us_64>
100046ca:	22fa      	movs	r2, #250	@ 0xfa
100046cc:	2300      	movs	r3, #0
100046ce:	0092      	lsls	r2, r2, #2
100046d0:	1812      	adds	r2, r2, r0
100046d2:	414b      	adcs	r3, r1
100046d4:	2180      	movs	r1, #128	@ 0x80
100046d6:	0609      	lsls	r1, r1, #24
100046d8:	428b      	cmp	r3, r1
100046da:	d302      	bcc.n	100046e2 <low_priority_worker_irq+0x9a>
100046dc:	2201      	movs	r2, #1
100046de:	4b0b      	ldr	r3, [pc, #44]	@ (1000470c <low_priority_worker_irq+0xc4>)
100046e0:	4252      	negs	r2, r2
100046e2:	2101      	movs	r1, #1
100046e4:	9102      	str	r1, [sp, #8]
100046e6:	2100      	movs	r1, #0
100046e8:	9101      	str	r1, [sp, #4]
100046ea:	4909      	ldr	r1, [pc, #36]	@ (10004710 <low_priority_worker_irq+0xc8>)
100046ec:	0020      	movs	r0, r4
100046ee:	9100      	str	r1, [sp, #0]
100046f0:	f7fc fc2c 	bl	10000f4c <alarm_pool_add_alarm_at>
100046f4:	e7cc      	b.n	10004690 <low_priority_worker_irq+0x48>
100046f6:	46c0      	nop			@ (mov r8, r8)
100046f8:	20001c40 	.word	0x20001c40
100046fc:	20001c18 	.word	0x20001c18
10004700:	20001c60 	.word	0x20001c60
10004704:	200017a0 	.word	0x200017a0
10004708:	200017a4 	.word	0x200017a4
1000470c:	7fffffff 	.word	0x7fffffff
10004710:	10004401 	.word	0x10004401

10004714 <stdio_usb_init>:
10004714:	23d0      	movs	r3, #208	@ 0xd0
10004716:	b510      	push	{r4, lr}
10004718:	061b      	lsls	r3, r3, #24
1000471a:	b084      	sub	sp, #16
1000471c:	681c      	ldr	r4, [r3, #0]
1000471e:	f7fc fc11 	bl	10000f44 <alarm_pool_get_default>
10004722:	f7fc fd0f 	bl	10001144 <alarm_pool_core_num>
10004726:	42a0      	cmp	r0, r4
10004728:	d002      	beq.n	10004730 <stdio_usb_init+0x1c>
1000472a:	2000      	movs	r0, #0
1000472c:	b004      	add	sp, #16
1000472e:	bd10      	pop	{r4, pc}
10004730:	4b2a      	ldr	r3, [pc, #168]	@ (100047dc <stdio_usb_init+0xc8>)
10004732:	2100      	movs	r1, #0
10004734:	2000      	movs	r0, #0
10004736:	781b      	ldrb	r3, [r3, #0]
10004738:	f001 fca8 	bl	1000608c <tusb_rhport_init>
1000473c:	4828      	ldr	r0, [pc, #160]	@ (100047e0 <stdio_usb_init+0xcc>)
1000473e:	6803      	ldr	r3, [r0, #0]
10004740:	2b00      	cmp	r3, #0
10004742:	d047      	beq.n	100047d4 <stdio_usb_init+0xc0>
10004744:	2001      	movs	r0, #1
10004746:	f7fc f985 	bl	10000a54 <user_irq_claim_unused>
1000474a:	23ff      	movs	r3, #255	@ 0xff
1000474c:	4c25      	ldr	r4, [pc, #148]	@ (100047e4 <stdio_usb_init+0xd0>)
1000474e:	4926      	ldr	r1, [pc, #152]	@ (100047e8 <stdio_usb_init+0xd4>)
10004750:	7020      	strb	r0, [r4, #0]
10004752:	4018      	ands	r0, r3
10004754:	f7fc f804 	bl	10000760 <irq_set_exclusive_handler>
10004758:	7820      	ldrb	r0, [r4, #0]
1000475a:	2101      	movs	r1, #1
1000475c:	f7fb ffc8 	bl	100006f0 <irq_set_enabled>
10004760:	2005      	movs	r0, #5
10004762:	f7fb ffeb 	bl	1000073c <irq_has_shared_handler>
10004766:	2800      	cmp	r0, #0
10004768:	d126      	bne.n	100047b8 <stdio_usb_init+0xa4>
1000476a:	2208      	movs	r2, #8
1000476c:	2100      	movs	r1, #0
1000476e:	481f      	ldr	r0, [pc, #124]	@ (100047ec <stdio_usb_init+0xd8>)
10004770:	f7fe f86a 	bl	10002848 <__wrap_memset>
10004774:	f7fc fbe6 	bl	10000f44 <alarm_pool_get_default>
10004778:	0004      	movs	r4, r0
1000477a:	f7fc fe0b 	bl	10001394 <time_us_64>
1000477e:	22fa      	movs	r2, #250	@ 0xfa
10004780:	2300      	movs	r3, #0
10004782:	0092      	lsls	r2, r2, #2
10004784:	1812      	adds	r2, r2, r0
10004786:	414b      	adcs	r3, r1
10004788:	2180      	movs	r1, #128	@ 0x80
1000478a:	0609      	lsls	r1, r1, #24
1000478c:	428b      	cmp	r3, r1
1000478e:	d302      	bcc.n	10004796 <stdio_usb_init+0x82>
10004790:	2201      	movs	r2, #1
10004792:	4b17      	ldr	r3, [pc, #92]	@ (100047f0 <stdio_usb_init+0xdc>)
10004794:	4252      	negs	r2, r2
10004796:	2101      	movs	r1, #1
10004798:	9102      	str	r1, [sp, #8]
1000479a:	2100      	movs	r1, #0
1000479c:	9101      	str	r1, [sp, #4]
1000479e:	4915      	ldr	r1, [pc, #84]	@ (100047f4 <stdio_usb_init+0xe0>)
100047a0:	0020      	movs	r0, r4
100047a2:	9100      	str	r1, [sp, #0]
100047a4:	f7fc fbd2 	bl	10000f4c <alarm_pool_add_alarm_at>
100047a8:	2800      	cmp	r0, #0
100047aa:	dbbe      	blt.n	1000472a <stdio_usb_init+0x16>
100047ac:	4812      	ldr	r0, [pc, #72]	@ (100047f8 <stdio_usb_init+0xe4>)
100047ae:	2101      	movs	r1, #1
100047b0:	f7ff fd18 	bl	100041e4 <stdio_set_driver_enabled>
100047b4:	2001      	movs	r0, #1
100047b6:	e7b9      	b.n	1000472c <stdio_usb_init+0x18>
100047b8:	2001      	movs	r0, #1
100047ba:	f7fb ff67 	bl	1000068c <spin_lock_claim_unused>
100047be:	4b0b      	ldr	r3, [pc, #44]	@ (100047ec <stdio_usb_init+0xd8>)
100047c0:	0001      	movs	r1, r0
100047c2:	0018      	movs	r0, r3
100047c4:	f7fc f9b0 	bl	10000b28 <critical_section_init_with_lock_num>
100047c8:	2200      	movs	r2, #0
100047ca:	2005      	movs	r0, #5
100047cc:	490b      	ldr	r1, [pc, #44]	@ (100047fc <stdio_usb_init+0xe8>)
100047ce:	f7fb fff1 	bl	100007b4 <irq_add_shared_handler>
100047d2:	e7eb      	b.n	100047ac <stdio_usb_init+0x98>
100047d4:	f7fc f98c 	bl	10000af0 <mutex_init>
100047d8:	e7b4      	b.n	10004744 <stdio_usb_init+0x30>
100047da:	46c0      	nop			@ (mov r8, r8)
100047dc:	1000708c 	.word	0x1000708c
100047e0:	20001c40 	.word	0x20001c40
100047e4:	20001c5f 	.word	0x20001c5f
100047e8:	10004649 	.word	0x10004649
100047ec:	20001c18 	.word	0x20001c18
100047f0:	7fffffff 	.word	0x7fffffff
100047f4:	10004401 	.word	0x10004401
100047f8:	20001000 	.word	0x20001000
100047fc:	100043f1 	.word	0x100043f1

10004800 <tud_descriptor_device_cb>:
10004800:	4800      	ldr	r0, [pc, #0]	@ (10004804 <tud_descriptor_device_cb+0x4>)
10004802:	4770      	bx	lr
10004804:	10006e4c 	.word	0x10006e4c

10004808 <tud_descriptor_configuration_cb>:
10004808:	4800      	ldr	r0, [pc, #0]	@ (1000480c <tud_descriptor_configuration_cb+0x4>)
1000480a:	4770      	bx	lr
1000480c:	10006df8 	.word	0x10006df8

10004810 <tud_descriptor_string_cb>:
10004810:	b510      	push	{r4, lr}
10004812:	0004      	movs	r4, r0
10004814:	4817      	ldr	r0, [pc, #92]	@ (10004874 <tud_descriptor_string_cb+0x64>)
10004816:	7803      	ldrb	r3, [r0, #0]
10004818:	2b00      	cmp	r3, #0
1000481a:	d020      	beq.n	1000485e <tud_descriptor_string_cb+0x4e>
1000481c:	2c00      	cmp	r4, #0
1000481e:	d106      	bne.n	1000482e <tud_descriptor_string_cb+0x1e>
10004820:	4b15      	ldr	r3, [pc, #84]	@ (10004878 <tud_descriptor_string_cb+0x68>)
10004822:	4816      	ldr	r0, [pc, #88]	@ (1000487c <tud_descriptor_string_cb+0x6c>)
10004824:	8043      	strh	r3, [r0, #2]
10004826:	3b06      	subs	r3, #6
10004828:	3bff      	subs	r3, #255	@ 0xff
1000482a:	8003      	strh	r3, [r0, #0]
1000482c:	bd10      	pop	{r4, pc}
1000482e:	2c05      	cmp	r4, #5
10004830:	d819      	bhi.n	10004866 <tud_descriptor_string_cb+0x56>
10004832:	4b13      	ldr	r3, [pc, #76]	@ (10004880 <tud_descriptor_string_cb+0x70>)
10004834:	00a4      	lsls	r4, r4, #2
10004836:	58e0      	ldr	r0, [r4, r3]
10004838:	4912      	ldr	r1, [pc, #72]	@ (10004884 <tud_descriptor_string_cb+0x74>)
1000483a:	2301      	movs	r3, #1
1000483c:	3801      	subs	r0, #1
1000483e:	e004      	b.n	1000484a <tud_descriptor_string_cb+0x3a>
10004840:	3301      	adds	r3, #1
10004842:	800a      	strh	r2, [r1, #0]
10004844:	3102      	adds	r1, #2
10004846:	2b14      	cmp	r3, #20
10004848:	d00f      	beq.n	1000486a <tud_descriptor_string_cb+0x5a>
1000484a:	5cc2      	ldrb	r2, [r0, r3]
1000484c:	2a00      	cmp	r2, #0
1000484e:	d1f7      	bne.n	10004840 <tud_descriptor_string_cb+0x30>
10004850:	22c0      	movs	r2, #192	@ 0xc0
10004852:	b2db      	uxtb	r3, r3
10004854:	005b      	lsls	r3, r3, #1
10004856:	0092      	lsls	r2, r2, #2
10004858:	4808      	ldr	r0, [pc, #32]	@ (1000487c <tud_descriptor_string_cb+0x6c>)
1000485a:	4313      	orrs	r3, r2
1000485c:	e7e5      	b.n	1000482a <tud_descriptor_string_cb+0x1a>
1000485e:	2111      	movs	r1, #17
10004860:	f000 f81a 	bl	10004898 <pico_get_unique_board_id_string>
10004864:	e7da      	b.n	1000481c <tud_descriptor_string_cb+0xc>
10004866:	2000      	movs	r0, #0
10004868:	e7e0      	b.n	1000482c <tud_descriptor_string_cb+0x1c>
1000486a:	23ca      	movs	r3, #202	@ 0xca
1000486c:	4803      	ldr	r0, [pc, #12]	@ (1000487c <tud_descriptor_string_cb+0x6c>)
1000486e:	009b      	lsls	r3, r3, #2
10004870:	e7db      	b.n	1000482a <tud_descriptor_string_cb+0x1a>
10004872:	46c0      	nop			@ (mov r8, r8)
10004874:	20001c48 	.word	0x20001c48
10004878:	00000409 	.word	0x00000409
1000487c:	200017d8 	.word	0x200017d8
10004880:	10006de0 	.word	0x10006de0
10004884:	200017da 	.word	0x200017da

10004888 <_retrieve_unique_id_on_boot>:
10004888:	b510      	push	{r4, lr}
1000488a:	4802      	ldr	r0, [pc, #8]	@ (10004894 <_retrieve_unique_id_on_boot+0xc>)
1000488c:	f000 f8d8 	bl	10004a40 <flash_get_unique_id>
10004890:	bd10      	pop	{r4, pc}
10004892:	46c0      	nop			@ (mov r8, r8)
10004894:	20001c30 	.word	0x20001c30

10004898 <pico_get_unique_board_id_string>:
10004898:	b530      	push	{r4, r5, lr}
1000489a:	1e4b      	subs	r3, r1, #1
1000489c:	2901      	cmp	r1, #1
1000489e:	d100      	bne.n	100048a2 <pico_get_unique_board_id_string+0xa>
100048a0:	e0a7      	b.n	100049f2 <pico_get_unique_board_id_string+0x15a>
100048a2:	4a66      	ldr	r2, [pc, #408]	@ (10004a3c <pico_get_unique_board_id_string+0x1a4>)
100048a4:	7811      	ldrb	r1, [r2, #0]
100048a6:	090d      	lsrs	r5, r1, #4
100048a8:	002c      	movs	r4, r5
100048aa:	3430      	adds	r4, #48	@ 0x30
100048ac:	299f      	cmp	r1, #159	@ 0x9f
100048ae:	d900      	bls.n	100048b2 <pico_get_unique_board_id_string+0x1a>
100048b0:	e0a2      	b.n	100049f8 <pico_get_unique_board_id_string+0x160>
100048b2:	7004      	strb	r4, [r0, #0]
100048b4:	2b01      	cmp	r3, #1
100048b6:	d100      	bne.n	100048ba <pico_get_unique_board_id_string+0x22>
100048b8:	e0be      	b.n	10004a38 <pico_get_unique_board_id_string+0x1a0>
100048ba:	210f      	movs	r1, #15
100048bc:	7814      	ldrb	r4, [r2, #0]
100048be:	4021      	ands	r1, r4
100048c0:	000c      	movs	r4, r1
100048c2:	3430      	adds	r4, #48	@ 0x30
100048c4:	2909      	cmp	r1, #9
100048c6:	d900      	bls.n	100048ca <pico_get_unique_board_id_string+0x32>
100048c8:	e098      	b.n	100049fc <pico_get_unique_board_id_string+0x164>
100048ca:	7044      	strb	r4, [r0, #1]
100048cc:	2b02      	cmp	r3, #2
100048ce:	d100      	bne.n	100048d2 <pico_get_unique_board_id_string+0x3a>
100048d0:	e0b2      	b.n	10004a38 <pico_get_unique_board_id_string+0x1a0>
100048d2:	7854      	ldrb	r4, [r2, #1]
100048d4:	0925      	lsrs	r5, r4, #4
100048d6:	0029      	movs	r1, r5
100048d8:	3130      	adds	r1, #48	@ 0x30
100048da:	2c9f      	cmp	r4, #159	@ 0x9f
100048dc:	d900      	bls.n	100048e0 <pico_get_unique_board_id_string+0x48>
100048de:	e090      	b.n	10004a02 <pico_get_unique_board_id_string+0x16a>
100048e0:	7081      	strb	r1, [r0, #2]
100048e2:	2b03      	cmp	r3, #3
100048e4:	d100      	bne.n	100048e8 <pico_get_unique_board_id_string+0x50>
100048e6:	e0a7      	b.n	10004a38 <pico_get_unique_board_id_string+0x1a0>
100048e8:	210f      	movs	r1, #15
100048ea:	4021      	ands	r1, r4
100048ec:	000c      	movs	r4, r1
100048ee:	3430      	adds	r4, #48	@ 0x30
100048f0:	2909      	cmp	r1, #9
100048f2:	d900      	bls.n	100048f6 <pico_get_unique_board_id_string+0x5e>
100048f4:	e087      	b.n	10004a06 <pico_get_unique_board_id_string+0x16e>
100048f6:	70c4      	strb	r4, [r0, #3]
100048f8:	2b04      	cmp	r3, #4
100048fa:	d100      	bne.n	100048fe <pico_get_unique_board_id_string+0x66>
100048fc:	e09c      	b.n	10004a38 <pico_get_unique_board_id_string+0x1a0>
100048fe:	7894      	ldrb	r4, [r2, #2]
10004900:	0925      	lsrs	r5, r4, #4
10004902:	0029      	movs	r1, r5
10004904:	3130      	adds	r1, #48	@ 0x30
10004906:	2c9f      	cmp	r4, #159	@ 0x9f
10004908:	d900      	bls.n	1000490c <pico_get_unique_board_id_string+0x74>
1000490a:	e07f      	b.n	10004a0c <pico_get_unique_board_id_string+0x174>
1000490c:	7101      	strb	r1, [r0, #4]
1000490e:	2b05      	cmp	r3, #5
10004910:	d100      	bne.n	10004914 <pico_get_unique_board_id_string+0x7c>
10004912:	e091      	b.n	10004a38 <pico_get_unique_board_id_string+0x1a0>
10004914:	210f      	movs	r1, #15
10004916:	4021      	ands	r1, r4
10004918:	000c      	movs	r4, r1
1000491a:	3430      	adds	r4, #48	@ 0x30
1000491c:	2909      	cmp	r1, #9
1000491e:	d900      	bls.n	10004922 <pico_get_unique_board_id_string+0x8a>
10004920:	e076      	b.n	10004a10 <pico_get_unique_board_id_string+0x178>
10004922:	7144      	strb	r4, [r0, #5]
10004924:	2b06      	cmp	r3, #6
10004926:	d100      	bne.n	1000492a <pico_get_unique_board_id_string+0x92>
10004928:	e086      	b.n	10004a38 <pico_get_unique_board_id_string+0x1a0>
1000492a:	78d4      	ldrb	r4, [r2, #3]
1000492c:	0925      	lsrs	r5, r4, #4
1000492e:	0029      	movs	r1, r5
10004930:	3130      	adds	r1, #48	@ 0x30
10004932:	2c9f      	cmp	r4, #159	@ 0x9f
10004934:	d900      	bls.n	10004938 <pico_get_unique_board_id_string+0xa0>
10004936:	e06e      	b.n	10004a16 <pico_get_unique_board_id_string+0x17e>
10004938:	7181      	strb	r1, [r0, #6]
1000493a:	2b07      	cmp	r3, #7
1000493c:	d100      	bne.n	10004940 <pico_get_unique_board_id_string+0xa8>
1000493e:	e07b      	b.n	10004a38 <pico_get_unique_board_id_string+0x1a0>
10004940:	210f      	movs	r1, #15
10004942:	4021      	ands	r1, r4
10004944:	000c      	movs	r4, r1
10004946:	3430      	adds	r4, #48	@ 0x30
10004948:	2909      	cmp	r1, #9
1000494a:	d866      	bhi.n	10004a1a <pico_get_unique_board_id_string+0x182>
1000494c:	71c4      	strb	r4, [r0, #7]
1000494e:	2b08      	cmp	r3, #8
10004950:	d100      	bne.n	10004954 <pico_get_unique_board_id_string+0xbc>
10004952:	e071      	b.n	10004a38 <pico_get_unique_board_id_string+0x1a0>
10004954:	7914      	ldrb	r4, [r2, #4]
10004956:	0925      	lsrs	r5, r4, #4
10004958:	0029      	movs	r1, r5
1000495a:	3130      	adds	r1, #48	@ 0x30
1000495c:	2c9f      	cmp	r4, #159	@ 0x9f
1000495e:	d85f      	bhi.n	10004a20 <pico_get_unique_board_id_string+0x188>
10004960:	7201      	strb	r1, [r0, #8]
10004962:	2b09      	cmp	r3, #9
10004964:	d068      	beq.n	10004a38 <pico_get_unique_board_id_string+0x1a0>
10004966:	210f      	movs	r1, #15
10004968:	4021      	ands	r1, r4
1000496a:	000c      	movs	r4, r1
1000496c:	3430      	adds	r4, #48	@ 0x30
1000496e:	2909      	cmp	r1, #9
10004970:	d858      	bhi.n	10004a24 <pico_get_unique_board_id_string+0x18c>
10004972:	7244      	strb	r4, [r0, #9]
10004974:	2b0a      	cmp	r3, #10
10004976:	d05f      	beq.n	10004a38 <pico_get_unique_board_id_string+0x1a0>
10004978:	7954      	ldrb	r4, [r2, #5]
1000497a:	0925      	lsrs	r5, r4, #4
1000497c:	0029      	movs	r1, r5
1000497e:	3130      	adds	r1, #48	@ 0x30
10004980:	2c9f      	cmp	r4, #159	@ 0x9f
10004982:	d852      	bhi.n	10004a2a <pico_get_unique_board_id_string+0x192>
10004984:	7281      	strb	r1, [r0, #10]
10004986:	2b0b      	cmp	r3, #11
10004988:	d056      	beq.n	10004a38 <pico_get_unique_board_id_string+0x1a0>
1000498a:	210f      	movs	r1, #15
1000498c:	4021      	ands	r1, r4
1000498e:	000c      	movs	r4, r1
10004990:	3430      	adds	r4, #48	@ 0x30
10004992:	2909      	cmp	r1, #9
10004994:	d84b      	bhi.n	10004a2e <pico_get_unique_board_id_string+0x196>
10004996:	72c4      	strb	r4, [r0, #11]
10004998:	2b0c      	cmp	r3, #12
1000499a:	d04d      	beq.n	10004a38 <pico_get_unique_board_id_string+0x1a0>
1000499c:	7994      	ldrb	r4, [r2, #6]
1000499e:	0925      	lsrs	r5, r4, #4
100049a0:	0029      	movs	r1, r5
100049a2:	3130      	adds	r1, #48	@ 0x30
100049a4:	2c9f      	cmp	r4, #159	@ 0x9f
100049a6:	d900      	bls.n	100049aa <pico_get_unique_board_id_string+0x112>
100049a8:	3107      	adds	r1, #7
100049aa:	7301      	strb	r1, [r0, #12]
100049ac:	2b0d      	cmp	r3, #13
100049ae:	d043      	beq.n	10004a38 <pico_get_unique_board_id_string+0x1a0>
100049b0:	210f      	movs	r1, #15
100049b2:	4021      	ands	r1, r4
100049b4:	000c      	movs	r4, r1
100049b6:	3430      	adds	r4, #48	@ 0x30
100049b8:	2909      	cmp	r1, #9
100049ba:	d901      	bls.n	100049c0 <pico_get_unique_board_id_string+0x128>
100049bc:	3137      	adds	r1, #55	@ 0x37
100049be:	000c      	movs	r4, r1
100049c0:	7344      	strb	r4, [r0, #13]
100049c2:	2b0e      	cmp	r3, #14
100049c4:	d038      	beq.n	10004a38 <pico_get_unique_board_id_string+0x1a0>
100049c6:	79d1      	ldrb	r1, [r2, #7]
100049c8:	090c      	lsrs	r4, r1, #4
100049ca:	0022      	movs	r2, r4
100049cc:	3230      	adds	r2, #48	@ 0x30
100049ce:	299f      	cmp	r1, #159	@ 0x9f
100049d0:	d900      	bls.n	100049d4 <pico_get_unique_board_id_string+0x13c>
100049d2:	3207      	adds	r2, #7
100049d4:	7382      	strb	r2, [r0, #14]
100049d6:	2b0f      	cmp	r3, #15
100049d8:	d02e      	beq.n	10004a38 <pico_get_unique_board_id_string+0x1a0>
100049da:	220f      	movs	r2, #15
100049dc:	400a      	ands	r2, r1
100049de:	0011      	movs	r1, r2
100049e0:	3137      	adds	r1, #55	@ 0x37
100049e2:	2a09      	cmp	r2, #9
100049e4:	d801      	bhi.n	100049ea <pico_get_unique_board_id_string+0x152>
100049e6:	3230      	adds	r2, #48	@ 0x30
100049e8:	0011      	movs	r1, r2
100049ea:	73c1      	strb	r1, [r0, #15]
100049ec:	2b10      	cmp	r3, #16
100049ee:	d023      	beq.n	10004a38 <pico_get_unique_board_id_string+0x1a0>
100049f0:	3010      	adds	r0, #16
100049f2:	2300      	movs	r3, #0
100049f4:	7003      	strb	r3, [r0, #0]
100049f6:	bd30      	pop	{r4, r5, pc}
100049f8:	3407      	adds	r4, #7
100049fa:	e75a      	b.n	100048b2 <pico_get_unique_board_id_string+0x1a>
100049fc:	3137      	adds	r1, #55	@ 0x37
100049fe:	000c      	movs	r4, r1
10004a00:	e763      	b.n	100048ca <pico_get_unique_board_id_string+0x32>
10004a02:	3107      	adds	r1, #7
10004a04:	e76c      	b.n	100048e0 <pico_get_unique_board_id_string+0x48>
10004a06:	3137      	adds	r1, #55	@ 0x37
10004a08:	000c      	movs	r4, r1
10004a0a:	e774      	b.n	100048f6 <pico_get_unique_board_id_string+0x5e>
10004a0c:	3107      	adds	r1, #7
10004a0e:	e77d      	b.n	1000490c <pico_get_unique_board_id_string+0x74>
10004a10:	3137      	adds	r1, #55	@ 0x37
10004a12:	000c      	movs	r4, r1
10004a14:	e785      	b.n	10004922 <pico_get_unique_board_id_string+0x8a>
10004a16:	3107      	adds	r1, #7
10004a18:	e78e      	b.n	10004938 <pico_get_unique_board_id_string+0xa0>
10004a1a:	3137      	adds	r1, #55	@ 0x37
10004a1c:	000c      	movs	r4, r1
10004a1e:	e795      	b.n	1000494c <pico_get_unique_board_id_string+0xb4>
10004a20:	3107      	adds	r1, #7
10004a22:	e79d      	b.n	10004960 <pico_get_unique_board_id_string+0xc8>
10004a24:	3137      	adds	r1, #55	@ 0x37
10004a26:	000c      	movs	r4, r1
10004a28:	e7a3      	b.n	10004972 <pico_get_unique_board_id_string+0xda>
10004a2a:	3107      	adds	r1, #7
10004a2c:	e7aa      	b.n	10004984 <pico_get_unique_board_id_string+0xec>
10004a2e:	3137      	adds	r1, #55	@ 0x37
10004a30:	000c      	movs	r4, r1
10004a32:	72c4      	strb	r4, [r0, #11]
10004a34:	2b0c      	cmp	r3, #12
10004a36:	d1b1      	bne.n	1000499c <pico_get_unique_board_id_string+0x104>
10004a38:	18c0      	adds	r0, r0, r3
10004a3a:	e7da      	b.n	100049f2 <pico_get_unique_board_id_string+0x15a>
10004a3c:	20001c30 	.word	0x20001c30

10004a40 <flash_get_unique_id>:
10004a40:	b530      	push	{r4, r5, lr}
10004a42:	2500      	movs	r5, #0
10004a44:	b089      	sub	sp, #36	@ 0x24
10004a46:	0004      	movs	r4, r0
10004a48:	2209      	movs	r2, #9
10004a4a:	2100      	movs	r1, #0
10004a4c:	a801      	add	r0, sp, #4
10004a4e:	9500      	str	r5, [sp, #0]
10004a50:	f7fd fefa 	bl	10002848 <__wrap_memset>
10004a54:	2209      	movs	r2, #9
10004a56:	2100      	movs	r1, #0
10004a58:	a805      	add	r0, sp, #20
10004a5a:	9504      	str	r5, [sp, #16]
10004a5c:	f7fd fef4 	bl	10002848 <__wrap_memset>
10004a60:	466a      	mov	r2, sp
10004a62:	234b      	movs	r3, #75	@ 0x4b
10004a64:	4668      	mov	r0, sp
10004a66:	7013      	strb	r3, [r2, #0]
10004a68:	a904      	add	r1, sp, #16
10004a6a:	2300      	movs	r3, #0
10004a6c:	220d      	movs	r2, #13
10004a6e:	f001 fec3 	bl	100067f8 <__flash_do_cmd_cs_veneer>
10004a72:	2115      	movs	r1, #21
10004a74:	2208      	movs	r2, #8
10004a76:	0020      	movs	r0, r4
10004a78:	4469      	add	r1, sp
10004a7a:	f7fd feeb 	bl	10002854 <__wrap___aeabi_memcpy>
10004a7e:	b009      	add	sp, #36	@ 0x24
10004a80:	bd30      	pop	{r4, r5, pc}
10004a82:	46c0      	nop			@ (mov r8, r8)

10004a84 <usb_reset_interface_init>:
10004a84:	4770      	bx	lr
10004a86:	46c0      	nop			@ (mov r8, r8)

10004a88 <usb_reset_interface_reset>:
10004a88:	2200      	movs	r2, #0
10004a8a:	4b01      	ldr	r3, [pc, #4]	@ (10004a90 <usb_reset_interface_reset+0x8>)
10004a8c:	701a      	strb	r2, [r3, #0]
10004a8e:	4770      	bx	lr
10004a90:	20001c5e 	.word	0x20001c5e

10004a94 <usb_reset_interface_open>:
10004a94:	794b      	ldrb	r3, [r1, #5]
10004a96:	2000      	movs	r0, #0
10004a98:	2bff      	cmp	r3, #255	@ 0xff
10004a9a:	d10b      	bne.n	10004ab4 <usb_reset_interface_open+0x20>
10004a9c:	798b      	ldrb	r3, [r1, #6]
10004a9e:	2b00      	cmp	r3, #0
10004aa0:	d108      	bne.n	10004ab4 <usb_reset_interface_open+0x20>
10004aa2:	79cb      	ldrb	r3, [r1, #7]
10004aa4:	2b01      	cmp	r3, #1
10004aa6:	d105      	bne.n	10004ab4 <usb_reset_interface_open+0x20>
10004aa8:	2a08      	cmp	r2, #8
10004aaa:	d903      	bls.n	10004ab4 <usb_reset_interface_open+0x20>
10004aac:	4b02      	ldr	r3, [pc, #8]	@ (10004ab8 <usb_reset_interface_open+0x24>)
10004aae:	788a      	ldrb	r2, [r1, #2]
10004ab0:	3009      	adds	r0, #9
10004ab2:	701a      	strb	r2, [r3, #0]
10004ab4:	4770      	bx	lr
10004ab6:	46c0      	nop			@ (mov r8, r8)
10004ab8:	20001c5e 	.word	0x20001c5e

10004abc <usb_reset_interface_xfer_cb>:
10004abc:	2001      	movs	r0, #1
10004abe:	4770      	bx	lr

10004ac0 <usb_reset_interface_control_xfer_cb>:
10004ac0:	b510      	push	{r4, lr}
10004ac2:	2901      	cmp	r1, #1
10004ac4:	d001      	beq.n	10004aca <usb_reset_interface_control_xfer_cb+0xa>
10004ac6:	2001      	movs	r0, #1
10004ac8:	bd10      	pop	{r4, pc}
10004aca:	4914      	ldr	r1, [pc, #80]	@ (10004b1c <usb_reset_interface_control_xfer_cb+0x5c>)
10004acc:	7953      	ldrb	r3, [r2, #5]
10004ace:	7910      	ldrb	r0, [r2, #4]
10004ad0:	7809      	ldrb	r1, [r1, #0]
10004ad2:	021b      	lsls	r3, r3, #8
10004ad4:	4303      	orrs	r3, r0
10004ad6:	2000      	movs	r0, #0
10004ad8:	4299      	cmp	r1, r3
10004ada:	d1f5      	bne.n	10004ac8 <usb_reset_interface_control_xfer_cb+0x8>
10004adc:	7853      	ldrb	r3, [r2, #1]
10004ade:	2b01      	cmp	r3, #1
10004ae0:	d008      	beq.n	10004af4 <usb_reset_interface_control_xfer_cb+0x34>
10004ae2:	2b02      	cmp	r3, #2
10004ae4:	d1f0      	bne.n	10004ac8 <usb_reset_interface_control_xfer_cb+0x8>
10004ae6:	2000      	movs	r0, #0
10004ae8:	2264      	movs	r2, #100	@ 0x64
10004aea:	2100      	movs	r1, #0
10004aec:	f7fc fdac 	bl	10001648 <watchdog_reboot>
10004af0:	2001      	movs	r0, #1
10004af2:	e7e9      	b.n	10004ac8 <usb_reset_interface_control_xfer_cb+0x8>
10004af4:	78d1      	ldrb	r1, [r2, #3]
10004af6:	7890      	ldrb	r0, [r2, #2]
10004af8:	0209      	lsls	r1, r1, #8
10004afa:	4301      	orrs	r1, r0
10004afc:	2080      	movs	r0, #128	@ 0x80
10004afe:	000a      	movs	r2, r1
10004b00:	0040      	lsls	r0, r0, #1
10004b02:	4002      	ands	r2, r0
10004b04:	4201      	tst	r1, r0
10004b06:	d006      	beq.n	10004b16 <usb_reset_interface_control_xfer_cb+0x56>
10004b08:	09ca      	lsrs	r2, r1, #7
10004b0a:	401a      	ands	r2, r3
10004b0c:	0a48      	lsrs	r0, r1, #9
10004b0e:	2303      	movs	r3, #3
10004b10:	4019      	ands	r1, r3
10004b12:	f7fc fe21 	bl	10001758 <rom_reset_usb_boot_extra>
10004b16:	2001      	movs	r0, #1
10004b18:	4240      	negs	r0, r0
10004b1a:	e7f8      	b.n	10004b0e <usb_reset_interface_control_xfer_cb+0x4e>
10004b1c:	20001c5e 	.word	0x20001c5e

10004b20 <tud_descriptor_bos_cb>:
10004b20:	4800      	ldr	r0, [pc, #0]	@ (10004b24 <tud_descriptor_bos_cb+0x4>)
10004b22:	4770      	bx	lr
10004b24:	10006f08 	.word	0x10006f08

10004b28 <tud_vendor_control_xfer_cb>:
10004b28:	b570      	push	{r4, r5, r6, lr}
10004b2a:	0005      	movs	r5, r0
10004b2c:	0014      	movs	r4, r2
10004b2e:	2001      	movs	r0, #1
10004b30:	2901      	cmp	r1, #1
10004b32:	d109      	bne.n	10004b48 <tud_vendor_control_xfer_cb+0x20>
10004b34:	7853      	ldrb	r3, [r2, #1]
10004b36:	2000      	movs	r0, #0
10004b38:	2b01      	cmp	r3, #1
10004b3a:	d105      	bne.n	10004b48 <tud_vendor_control_xfer_cb+0x20>
10004b3c:	7963      	ldrb	r3, [r4, #5]
10004b3e:	7912      	ldrb	r2, [r2, #4]
10004b40:	021b      	lsls	r3, r3, #8
10004b42:	4313      	orrs	r3, r2
10004b44:	2b07      	cmp	r3, #7
10004b46:	d000      	beq.n	10004b4a <tud_vendor_control_xfer_cb+0x22>
10004b48:	bd70      	pop	{r4, r5, r6, pc}
10004b4a:	0021      	movs	r1, r4
10004b4c:	0028      	movs	r0, r5
10004b4e:	4a02      	ldr	r2, [pc, #8]	@ (10004b58 <tud_vendor_control_xfer_cb+0x30>)
10004b50:	339f      	adds	r3, #159	@ 0x9f
10004b52:	f000 feef 	bl	10005934 <tud_control_xfer>
10004b56:	e7f7      	b.n	10004b48 <tud_vendor_control_xfer_cb+0x20>
10004b58:	10006e60 	.word	0x10006e60

10004b5c <usbd_app_driver_get_cb>:
10004b5c:	2301      	movs	r3, #1
10004b5e:	7003      	strb	r3, [r0, #0]
10004b60:	4800      	ldr	r0, [pc, #0]	@ (10004b64 <usbd_app_driver_get_cb+0x8>)
10004b62:	4770      	bx	lr
10004b64:	10006f2c 	.word	0x10006f2c

10004b68 <tud_cdc_line_coding_cb>:
10004b68:	784b      	ldrb	r3, [r1, #1]
10004b6a:	780a      	ldrb	r2, [r1, #0]
10004b6c:	021b      	lsls	r3, r3, #8
10004b6e:	4313      	orrs	r3, r2
10004b70:	788a      	ldrb	r2, [r1, #2]
10004b72:	b510      	push	{r4, lr}
10004b74:	0412      	lsls	r2, r2, #16
10004b76:	431a      	orrs	r2, r3
10004b78:	78cb      	ldrb	r3, [r1, #3]
10004b7a:	061b      	lsls	r3, r3, #24
10004b7c:	4313      	orrs	r3, r2
10004b7e:	2296      	movs	r2, #150	@ 0x96
10004b80:	00d2      	lsls	r2, r2, #3
10004b82:	4293      	cmp	r3, r2
10004b84:	d000      	beq.n	10004b88 <tud_cdc_line_coding_cb+0x20>
10004b86:	bd10      	pop	{r4, pc}
10004b88:	2200      	movs	r2, #0
10004b8a:	2001      	movs	r0, #1
10004b8c:	0011      	movs	r1, r2
10004b8e:	4240      	negs	r0, r0
10004b90:	f7fc fde2 	bl	10001758 <rom_reset_usb_boot_extra>

10004b94 <dcd_init>:
10004b94:	b5f8      	push	{r3, r4, r5, r6, r7, lr}
10004b96:	f000 f935 	bl	10004e04 <rp2040_usb_init>
10004b9a:	230c      	movs	r3, #12
10004b9c:	4d19      	ldr	r5, [pc, #100]	@ (10004c04 <dcd_init+0x70>)
10004b9e:	22ff      	movs	r2, #255	@ 0xff
10004ba0:	67ab      	str	r3, [r5, #120]	@ 0x78
10004ba2:	2005      	movs	r0, #5
10004ba4:	4918      	ldr	r1, [pc, #96]	@ (10004c08 <dcd_init+0x74>)
10004ba6:	f7fb fe05 	bl	100007b4 <irq_add_shared_handler>
10004baa:	4c18      	ldr	r4, [pc, #96]	@ (10004c0c <dcd_init+0x78>)
10004bac:	2240      	movs	r2, #64	@ 0x40
10004bae:	2100      	movs	r1, #0
10004bb0:	0020      	movs	r0, r4
10004bb2:	f7fd fe49 	bl	10002848 <__wrap_memset>
10004bb6:	2740      	movs	r7, #64	@ 0x40
10004bb8:	2300      	movs	r3, #0
10004bba:	2601      	movs	r6, #1
10004bbc:	2121      	movs	r1, #33	@ 0x21
10004bbe:	4a14      	ldr	r2, [pc, #80]	@ (10004c10 <dcd_init+0x7c>)
10004bc0:	7066      	strb	r6, [r4, #1]
10004bc2:	8327      	strh	r7, [r4, #24]
10004bc4:	60a2      	str	r2, [r4, #8]
10004bc6:	6013      	str	r3, [r2, #0]
10004bc8:	5463      	strb	r3, [r4, r1]
10004bca:	315f      	adds	r1, #95	@ 0x5f
10004bcc:	8461      	strh	r1, [r4, #34]	@ 0x22
10004bce:	3945      	subs	r1, #69	@ 0x45
10004bd0:	5463      	strb	r3, [r4, r1]
10004bd2:	4a10      	ldr	r2, [pc, #64]	@ (10004c14 <dcd_init+0x80>)
10004bd4:	4910      	ldr	r1, [pc, #64]	@ (10004c18 <dcd_init+0x84>)
10004bd6:	6063      	str	r3, [r4, #4]
10004bd8:	60e2      	str	r2, [r4, #12]
10004bda:	8727      	strh	r7, [r4, #56]	@ 0x38
10004bdc:	62a1      	str	r1, [r4, #40]	@ 0x28
10004bde:	600b      	str	r3, [r1, #0]
10004be0:	6263      	str	r3, [r4, #36]	@ 0x24
10004be2:	62e2      	str	r2, [r4, #44]	@ 0x2c
10004be4:	f001 fde8 	bl	100067b8 <__reset_non_control_endpoints_veneer>
10004be8:	2380      	movs	r3, #128	@ 0x80
10004bea:	059b      	lsls	r3, r3, #22
10004bec:	642e      	str	r6, [r5, #64]	@ 0x40
10004bee:	64eb      	str	r3, [r5, #76]	@ 0x4c
10004bf0:	2390      	movs	r3, #144	@ 0x90
10004bf2:	4a0a      	ldr	r2, [pc, #40]	@ (10004c1c <dcd_init+0x88>)
10004bf4:	2001      	movs	r0, #1
10004bf6:	50ea      	str	r2, [r5, r3]
10004bf8:	2280      	movs	r2, #128	@ 0x80
10004bfa:	4b09      	ldr	r3, [pc, #36]	@ (10004c20 <dcd_init+0x8c>)
10004bfc:	0252      	lsls	r2, r2, #9
10004bfe:	64da      	str	r2, [r3, #76]	@ 0x4c
10004c00:	bdf8      	pop	{r3, r4, r5, r6, r7, pc}
10004c02:	46c0      	nop			@ (mov r8, r8)
10004c04:	50110000 	.word	0x50110000
10004c08:	20000491 	.word	0x20000491
10004c0c:	2000180c 	.word	0x2000180c
10004c10:	50100084 	.word	0x50100084
10004c14:	50100100 	.word	0x50100100
10004c18:	50100080 	.word	0x50100080
10004c1c:	0001d010 	.word	0x0001d010
10004c20:	50112000 	.word	0x50112000

10004c24 <dcd_int_enable>:
10004c24:	b510      	push	{r4, lr}
10004c26:	2101      	movs	r1, #1
10004c28:	2005      	movs	r0, #5
10004c2a:	f7fb fd61 	bl	100006f0 <irq_set_enabled>
10004c2e:	bd10      	pop	{r4, pc}

10004c30 <dcd_set_address>:
10004c30:	b510      	push	{r4, lr}
10004c32:	2200      	movs	r2, #0
10004c34:	2100      	movs	r1, #0
10004c36:	4802      	ldr	r0, [pc, #8]	@ (10004c40 <dcd_set_address+0x10>)
10004c38:	f000 f904 	bl	10004e44 <hw_endpoint_xfer_start>
10004c3c:	bd10      	pop	{r4, pc}
10004c3e:	46c0      	nop			@ (mov r8, r8)
10004c40:	2000182c 	.word	0x2000182c

10004c44 <dcd_sof_enable>:
10004c44:	4b04      	ldr	r3, [pc, #16]	@ (10004c58 <dcd_sof_enable+0x14>)
10004c46:	7019      	strb	r1, [r3, #0]
10004c48:	2900      	cmp	r1, #0
10004c4a:	d004      	beq.n	10004c56 <dcd_sof_enable+0x12>
10004c4c:	2180      	movs	r1, #128	@ 0x80
10004c4e:	2390      	movs	r3, #144	@ 0x90
10004c50:	4a02      	ldr	r2, [pc, #8]	@ (10004c5c <dcd_sof_enable+0x18>)
10004c52:	0289      	lsls	r1, r1, #10
10004c54:	50d1      	str	r1, [r2, r3]
10004c56:	4770      	bx	lr
10004c58:	20001c5a 	.word	0x20001c5a
10004c5c:	50112000 	.word	0x50112000

10004c60 <dcd_edpt0_status_complete>:
10004c60:	780b      	ldrb	r3, [r1, #0]
10004c62:	065b      	lsls	r3, r3, #25
10004c64:	d102      	bne.n	10004c6c <dcd_edpt0_status_complete+0xc>
10004c66:	784b      	ldrb	r3, [r1, #1]
10004c68:	2b05      	cmp	r3, #5
10004c6a:	d000      	beq.n	10004c6e <dcd_edpt0_status_complete+0xe>
10004c6c:	4770      	bx	lr
10004c6e:	788a      	ldrb	r2, [r1, #2]
10004c70:	4b01      	ldr	r3, [pc, #4]	@ (10004c78 <dcd_edpt0_status_complete+0x18>)
10004c72:	601a      	str	r2, [r3, #0]
10004c74:	e7fa      	b.n	10004c6c <dcd_edpt0_status_complete+0xc>
10004c76:	46c0      	nop			@ (mov r8, r8)
10004c78:	50110000 	.word	0x50110000

10004c7c <dcd_edpt_open>:
10004c7c:	b5f0      	push	{r4, r5, r6, r7, lr}
10004c7e:	46c6      	mov	lr, r8
10004c80:	78cb      	ldrb	r3, [r1, #3]
10004c82:	b500      	push	{lr}
10004c84:	079b      	lsls	r3, r3, #30
10004c86:	0f9c      	lsrs	r4, r3, #30
10004c88:	0020      	movs	r0, r4
10004c8a:	2c01      	cmp	r4, #1
10004c8c:	d056      	beq.n	10004d3c <dcd_edpt_open+0xc0>
10004c8e:	788d      	ldrb	r5, [r1, #2]
10004c90:	790a      	ldrb	r2, [r1, #4]
10004c92:	794b      	ldrb	r3, [r1, #5]
10004c94:	217f      	movs	r1, #127	@ 0x7f
10004c96:	021b      	lsls	r3, r3, #8
10004c98:	4029      	ands	r1, r5
10004c9a:	09ee      	lsrs	r6, r5, #7
10004c9c:	4313      	orrs	r3, r2
10004c9e:	004a      	lsls	r2, r1, #1
10004ca0:	4694      	mov	ip, r2
10004ca2:	4f2c      	ldr	r7, [pc, #176]	@ (10004d54 <dcd_edpt_open+0xd8>)
10004ca4:	1992      	adds	r2, r2, r6
10004ca6:	0152      	lsls	r2, r2, #5
10004ca8:	18ba      	adds	r2, r7, r2
10004caa:	7095      	strb	r5, [r2, #2]
10004cac:	2501      	movs	r5, #1
10004cae:	4075      	eors	r5, r6
10004cb0:	7055      	strb	r5, [r2, #1]
10004cb2:	2500      	movs	r5, #0
10004cb4:	055b      	lsls	r3, r3, #21
10004cb6:	0d5b      	lsrs	r3, r3, #21
10004cb8:	70d5      	strb	r5, [r2, #3]
10004cba:	8313      	strh	r3, [r2, #24]
10004cbc:	76d4      	strb	r4, [r2, #27]
10004cbe:	00ca      	lsls	r2, r1, #3
10004cc0:	2e01      	cmp	r6, #1
10004cc2:	d02b      	beq.n	10004d1c <dcd_edpt_open+0xa0>
10004cc4:	4c24      	ldr	r4, [pc, #144]	@ (10004d58 <dcd_edpt_open+0xdc>)
10004cc6:	46a0      	mov	r8, r4
10004cc8:	018c      	lsls	r4, r1, #6
10004cca:	4442      	add	r2, r8
10004ccc:	193c      	adds	r4, r7, r4
10004cce:	60a2      	str	r2, [r4, #8]
10004cd0:	6015      	str	r5, [r2, #0]
10004cd2:	2900      	cmp	r1, #0
10004cd4:	d02b      	beq.n	10004d2e <dcd_edpt_open+0xb2>
10004cd6:	4a21      	ldr	r2, [pc, #132]	@ (10004d5c <dcd_edpt_open+0xe0>)
10004cd8:	00c9      	lsls	r1, r1, #3
10004cda:	4690      	mov	r8, r2
10004cdc:	4441      	add	r1, r8
10004cde:	6061      	str	r1, [r4, #4]
10004ce0:	223f      	movs	r2, #63	@ 0x3f
10004ce2:	333f      	adds	r3, #63	@ 0x3f
10004ce4:	4393      	bics	r3, r2
10004ce6:	2802      	cmp	r0, #2
10004ce8:	d030      	beq.n	10004d4c <dcd_edpt_open+0xd0>
10004cea:	0032      	movs	r2, r6
10004cec:	4c1c      	ldr	r4, [pc, #112]	@ (10004d60 <dcd_edpt_open+0xe4>)
10004cee:	4462      	add	r2, ip
10004cf0:	6821      	ldr	r1, [r4, #0]
10004cf2:	0152      	lsls	r2, r2, #5
10004cf4:	18bf      	adds	r7, r7, r2
10004cf6:	4a1b      	ldr	r2, [pc, #108]	@ (10004d64 <dcd_edpt_open+0xe8>)
10004cf8:	18cb      	adds	r3, r1, r3
10004cfa:	60f9      	str	r1, [r7, #12]
10004cfc:	6023      	str	r3, [r4, #0]
10004cfe:	4293      	cmp	r3, r2
10004d00:	d826      	bhi.n	10004d50 <dcd_edpt_open+0xd4>
10004d02:	4a19      	ldr	r2, [pc, #100]	@ (10004d68 <dcd_edpt_open+0xec>)
10004d04:	0683      	lsls	r3, r0, #26
10004d06:	404a      	eors	r2, r1
10004d08:	4313      	orrs	r3, r2
10004d0a:	2280      	movs	r2, #128	@ 0x80
10004d0c:	0612      	lsls	r2, r2, #24
10004d0e:	4313      	orrs	r3, r2
10004d10:	687a      	ldr	r2, [r7, #4]
10004d12:	6013      	str	r3, [r2, #0]
10004d14:	2001      	movs	r0, #1
10004d16:	bc80      	pop	{r7}
10004d18:	46b8      	mov	r8, r7
10004d1a:	bdf0      	pop	{r4, r5, r6, r7, pc}
10004d1c:	4c13      	ldr	r4, [pc, #76]	@ (10004d6c <dcd_edpt_open+0xf0>)
10004d1e:	46a0      	mov	r8, r4
10004d20:	018c      	lsls	r4, r1, #6
10004d22:	4442      	add	r2, r8
10004d24:	193c      	adds	r4, r7, r4
10004d26:	62a2      	str	r2, [r4, #40]	@ 0x28
10004d28:	6015      	str	r5, [r2, #0]
10004d2a:	2900      	cmp	r1, #0
10004d2c:	d108      	bne.n	10004d40 <dcd_edpt_open+0xc4>
10004d2e:	2300      	movs	r3, #0
10004d30:	0176      	lsls	r6, r6, #5
10004d32:	19be      	adds	r6, r7, r6
10004d34:	6073      	str	r3, [r6, #4]
10004d36:	4b0e      	ldr	r3, [pc, #56]	@ (10004d70 <dcd_edpt_open+0xf4>)
10004d38:	60f3      	str	r3, [r6, #12]
10004d3a:	e7eb      	b.n	10004d14 <dcd_edpt_open+0x98>
10004d3c:	2000      	movs	r0, #0
10004d3e:	e7ea      	b.n	10004d16 <dcd_edpt_open+0x9a>
10004d40:	4a09      	ldr	r2, [pc, #36]	@ (10004d68 <dcd_edpt_open+0xec>)
10004d42:	00c9      	lsls	r1, r1, #3
10004d44:	4690      	mov	r8, r2
10004d46:	4441      	add	r1, r8
10004d48:	6261      	str	r1, [r4, #36]	@ 0x24
10004d4a:	e7c9      	b.n	10004ce0 <dcd_edpt_open+0x64>
10004d4c:	005b      	lsls	r3, r3, #1
10004d4e:	e7cc      	b.n	10004cea <dcd_edpt_open+0x6e>
10004d50:	f7fc fd2c 	bl	100017ac <hard_assertion_failure>
10004d54:	2000180c 	.word	0x2000180c
10004d58:	50100084 	.word	0x50100084
10004d5c:	50100004 	.word	0x50100004
10004d60:	20001c14 	.word	0x20001c14
10004d64:	50100fff 	.word	0x50100fff
10004d68:	50100000 	.word	0x50100000
10004d6c:	50100080 	.word	0x50100080
10004d70:	50100100 	.word	0x50100100

10004d74 <dcd_edpt_close_all>:
10004d74:	b510      	push	{r4, lr}
10004d76:	f001 fd1f 	bl	100067b8 <__reset_non_control_endpoints_veneer>
10004d7a:	bd10      	pop	{r4, pc}

10004d7c <dcd_edpt_xfer>:
10004d7c:	b510      	push	{r4, lr}
10004d7e:	207f      	movs	r0, #127	@ 0x7f
10004d80:	000c      	movs	r4, r1
10004d82:	4020      	ands	r0, r4
10004d84:	0040      	lsls	r0, r0, #1
10004d86:	09e4      	lsrs	r4, r4, #7
10004d88:	0011      	movs	r1, r2
10004d8a:	1900      	adds	r0, r0, r4
10004d8c:	001a      	movs	r2, r3
10004d8e:	4b03      	ldr	r3, [pc, #12]	@ (10004d9c <dcd_edpt_xfer+0x20>)
10004d90:	0140      	lsls	r0, r0, #5
10004d92:	18c0      	adds	r0, r0, r3
10004d94:	f000 f856 	bl	10004e44 <hw_endpoint_xfer_start>
10004d98:	2001      	movs	r0, #1
10004d9a:	bd10      	pop	{r4, pc}
10004d9c:	2000180c 	.word	0x2000180c

10004da0 <dcd_edpt_stall>:
10004da0:	237f      	movs	r3, #127	@ 0x7f
10004da2:	0018      	movs	r0, r3
10004da4:	b510      	push	{r4, lr}
10004da6:	4008      	ands	r0, r1
10004da8:	09ca      	lsrs	r2, r1, #7
10004daa:	420b      	tst	r3, r1
10004dac:	d103      	bne.n	10004db6 <dcd_edpt_stall+0x16>
10004dae:	4907      	ldr	r1, [pc, #28]	@ (10004dcc <dcd_edpt_stall+0x2c>)
10004db0:	3b7d      	subs	r3, #125	@ 0x7d
10004db2:	1a9b      	subs	r3, r3, r2
10004db4:	668b      	str	r3, [r1, #104]	@ 0x68
10004db6:	0040      	lsls	r0, r0, #1
10004db8:	1880      	adds	r0, r0, r2
10004dba:	2280      	movs	r2, #128	@ 0x80
10004dbc:	4b04      	ldr	r3, [pc, #16]	@ (10004dd0 <dcd_edpt_stall+0x30>)
10004dbe:	0140      	lsls	r0, r0, #5
10004dc0:	2100      	movs	r1, #0
10004dc2:	18c0      	adds	r0, r0, r3
10004dc4:	0112      	lsls	r2, r2, #4
10004dc6:	f001 fcff 	bl	100067c8 <___hw_endpoint_buffer_control_update32_veneer>
10004dca:	bd10      	pop	{r4, pc}
10004dcc:	50112000 	.word	0x50112000
10004dd0:	2000180c 	.word	0x2000180c

10004dd4 <dcd_edpt_clear_stall>:
10004dd4:	227f      	movs	r2, #127	@ 0x7f
10004dd6:	0013      	movs	r3, r2
10004dd8:	b510      	push	{r4, lr}
10004dda:	400b      	ands	r3, r1
10004ddc:	420a      	tst	r2, r1
10004dde:	d100      	bne.n	10004de2 <dcd_edpt_clear_stall+0xe>
10004de0:	bd10      	pop	{r4, pc}
10004de2:	09c9      	lsrs	r1, r1, #7
10004de4:	005b      	lsls	r3, r3, #1
10004de6:	185b      	adds	r3, r3, r1
10004de8:	4804      	ldr	r0, [pc, #16]	@ (10004dfc <dcd_edpt_clear_stall+0x28>)
10004dea:	015b      	lsls	r3, r3, #5
10004dec:	18c0      	adds	r0, r0, r3
10004dee:	2300      	movs	r3, #0
10004df0:	2200      	movs	r2, #0
10004df2:	4903      	ldr	r1, [pc, #12]	@ (10004e00 <dcd_edpt_clear_stall+0x2c>)
10004df4:	70c3      	strb	r3, [r0, #3]
10004df6:	f001 fce7 	bl	100067c8 <___hw_endpoint_buffer_control_update32_veneer>
10004dfa:	e7f1      	b.n	10004de0 <dcd_edpt_clear_stall+0xc>
10004dfc:	2000180c 	.word	0x2000180c
10004e00:	fffff7ff 	.word	0xfffff7ff

10004e04 <rp2040_usb_init>:
10004e04:	2280      	movs	r2, #128	@ 0x80
10004e06:	4b0a      	ldr	r3, [pc, #40]	@ (10004e30 <rp2040_usb_init+0x2c>)
10004e08:	0452      	lsls	r2, r2, #17
10004e0a:	b510      	push	{r4, lr}
10004e0c:	601a      	str	r2, [r3, #0]
10004e0e:	4b09      	ldr	r3, [pc, #36]	@ (10004e34 <rp2040_usb_init+0x30>)
10004e10:	4909      	ldr	r1, [pc, #36]	@ (10004e38 <rp2040_usb_init+0x34>)
10004e12:	601a      	str	r2, [r3, #0]
10004e14:	0010      	movs	r0, r2
10004e16:	680b      	ldr	r3, [r1, #0]
10004e18:	4398      	bics	r0, r3
10004e1a:	d1fb      	bne.n	10004e14 <rp2040_usb_init+0x10>
10004e1c:	2280      	movs	r2, #128	@ 0x80
10004e1e:	2100      	movs	r1, #0
10004e20:	0152      	lsls	r2, r2, #5
10004e22:	4806      	ldr	r0, [pc, #24]	@ (10004e3c <rp2040_usb_init+0x38>)
10004e24:	f7fd fd10 	bl	10002848 <__wrap_memset>
10004e28:	2209      	movs	r2, #9
10004e2a:	4b05      	ldr	r3, [pc, #20]	@ (10004e40 <rp2040_usb_init+0x3c>)
10004e2c:	675a      	str	r2, [r3, #116]	@ 0x74
10004e2e:	bd10      	pop	{r4, pc}
10004e30:	4000e000 	.word	0x4000e000
10004e34:	4000f000 	.word	0x4000f000
10004e38:	4000c008 	.word	0x4000c008
10004e3c:	50100000 	.word	0x50100000
10004e40:	50110000 	.word	0x50110000

10004e44 <hw_endpoint_xfer_start>:
10004e44:	2300      	movs	r3, #0
10004e46:	b510      	push	{r4, lr}
10004e48:	82c3      	strh	r3, [r0, #22]
10004e4a:	3301      	adds	r3, #1
10004e4c:	8282      	strh	r2, [r0, #20]
10004e4e:	7683      	strb	r3, [r0, #26]
10004e50:	6101      	str	r1, [r0, #16]
10004e52:	0004      	movs	r4, r0
10004e54:	f001 fc80 	bl	10006758 <__e15_is_bulkin_ep_veneer>
10004e58:	2800      	cmp	r0, #0
10004e5a:	d004      	beq.n	10004e66 <hw_endpoint_xfer_start+0x22>
10004e5c:	2180      	movs	r1, #128	@ 0x80
10004e5e:	2390      	movs	r3, #144	@ 0x90
10004e60:	4a07      	ldr	r2, [pc, #28]	@ (10004e80 <hw_endpoint_xfer_start+0x3c>)
10004e62:	0289      	lsls	r1, r1, #10
10004e64:	50d1      	str	r1, [r2, r3]
10004e66:	0020      	movs	r0, r4
10004e68:	f001 fc6e 	bl	10006748 <__e15_is_critical_frame_period_veneer>
10004e6c:	2800      	cmp	r0, #0
10004e6e:	d002      	beq.n	10004e76 <hw_endpoint_xfer_start+0x32>
10004e70:	2301      	movs	r3, #1
10004e72:	7723      	strb	r3, [r4, #28]
10004e74:	bd10      	pop	{r4, pc}
10004e76:	0020      	movs	r0, r4
10004e78:	f001 fc76 	bl	10006768 <__hw_endpoint_start_next_buffer_veneer>
10004e7c:	e7fa      	b.n	10004e74 <hw_endpoint_xfer_start+0x30>
10004e7e:	46c0      	nop			@ (mov r8, r8)
10004e80:	50112000 	.word	0x50112000

10004e84 <tud_event_hook_cb>:
10004e84:	4770      	bx	lr
10004e86:	46c0      	nop			@ (mov r8, r8)

10004e88 <tud_sof_cb>:
10004e88:	4770      	bx	lr
10004e8a:	46c0      	nop			@ (mov r8, r8)

10004e8c <tud_descriptor_device_qualifier_cb>:
10004e8c:	2000      	movs	r0, #0
10004e8e:	4770      	bx	lr

10004e90 <tud_descriptor_other_speed_configuration_cb>:
10004e90:	2000      	movs	r0, #0
10004e92:	4770      	bx	lr

10004e94 <tud_mount_cb>:
10004e94:	4770      	bx	lr
10004e96:	46c0      	nop			@ (mov r8, r8)

10004e98 <tud_umount_cb>:
10004e98:	4770      	bx	lr
10004e9a:	46c0      	nop			@ (mov r8, r8)

10004e9c <tud_suspend_cb>:
10004e9c:	4770      	bx	lr
10004e9e:	46c0      	nop			@ (mov r8, r8)

10004ea0 <tud_resume_cb>:
10004ea0:	4770      	bx	lr
10004ea2:	46c0      	nop			@ (mov r8, r8)

10004ea4 <tud_mounted>:
10004ea4:	4b02      	ldr	r3, [pc, #8]	@ (10004eb0 <tud_mounted+0xc>)
10004ea6:	7858      	ldrb	r0, [r3, #1]
10004ea8:	1e43      	subs	r3, r0, #1
10004eaa:	4198      	sbcs	r0, r3
10004eac:	b2c0      	uxtb	r0, r0
10004eae:	4770      	bx	lr
10004eb0:	20001584 	.word	0x20001584

10004eb4 <tud_suspended>:
10004eb4:	4b02      	ldr	r3, [pc, #8]	@ (10004ec0 <tud_suspended+0xc>)
10004eb6:	7818      	ldrb	r0, [r3, #0]
10004eb8:	0740      	lsls	r0, r0, #29
10004eba:	0fc0      	lsrs	r0, r0, #31
10004ebc:	4770      	bx	lr
10004ebe:	46c0      	nop			@ (mov r8, r8)
10004ec0:	20001584 	.word	0x20001584

10004ec4 <tud_rhport_init>:
10004ec4:	b5f0      	push	{r4, r5, r6, r7, lr}
10004ec6:	46d6      	mov	lr, sl
10004ec8:	464f      	mov	r7, r9
10004eca:	4646      	mov	r6, r8
10004ecc:	b5c0      	push	{r6, r7, lr}
10004ece:	4b2f      	ldr	r3, [pc, #188]	@ (10004f8c <tud_rhport_init+0xc8>)
10004ed0:	0007      	movs	r7, r0
10004ed2:	469a      	mov	sl, r3
10004ed4:	781b      	ldrb	r3, [r3, #0]
10004ed6:	000e      	movs	r6, r1
10004ed8:	2bff      	cmp	r3, #255	@ 0xff
10004eda:	d001      	beq.n	10004ee0 <tud_rhport_init+0x1c>
10004edc:	2001      	movs	r0, #1
10004ede:	e041      	b.n	10004f64 <tud_rhport_init+0xa0>
10004ee0:	2900      	cmp	r1, #0
10004ee2:	d03e      	beq.n	10004f62 <tud_rhport_init+0x9e>
10004ee4:	2100      	movs	r1, #0
10004ee6:	2254      	movs	r2, #84	@ 0x54
10004ee8:	4829      	ldr	r0, [pc, #164]	@ (10004f90 <tud_rhport_init+0xcc>)
10004eea:	f7fd fcad 	bl	10002848 <__wrap_memset>
10004eee:	2200      	movs	r2, #0
10004ef0:	4c28      	ldr	r4, [pc, #160]	@ (10004f94 <tud_rhport_init+0xd0>)
10004ef2:	4b29      	ldr	r3, [pc, #164]	@ (10004f98 <tud_rhport_init+0xd4>)
10004ef4:	0020      	movs	r0, r4
10004ef6:	701a      	strb	r2, [r3, #0]
10004ef8:	f7fb fdfa 	bl	10000af0 <mutex_init>
10004efc:	4b27      	ldr	r3, [pc, #156]	@ (10004f9c <tud_rhport_init+0xd8>)
10004efe:	601c      	str	r4, [r3, #0]
10004f00:	4c27      	ldr	r4, [pc, #156]	@ (10004fa0 <tud_rhport_init+0xdc>)
10004f02:	0020      	movs	r0, r4
10004f04:	3c14      	subs	r4, #20
10004f06:	f7fb fe01 	bl	10000b0c <critical_section_init>
10004f0a:	0020      	movs	r0, r4
10004f0c:	f001 fbaa 	bl	10006664 <tu_fifo_clear>
10004f10:	4b24      	ldr	r3, [pc, #144]	@ (10004fa4 <tud_rhport_init+0xe0>)
10004f12:	4d25      	ldr	r5, [pc, #148]	@ (10004fa8 <tud_rhport_init+0xe4>)
10004f14:	601c      	str	r4, [r3, #0]
10004f16:	4b25      	ldr	r3, [pc, #148]	@ (10004fac <tud_rhport_init+0xe8>)
10004f18:	2b00      	cmp	r3, #0
10004f1a:	d028      	beq.n	10004f6e <tud_rhport_init+0xaa>
10004f1c:	0028      	movs	r0, r5
10004f1e:	f7ff fe1d 	bl	10004b5c <usbd_app_driver_get_cb>
10004f22:	4b23      	ldr	r3, [pc, #140]	@ (10004fb0 <tud_rhport_init+0xec>)
10004f24:	6018      	str	r0, [r3, #0]
10004f26:	782b      	ldrb	r3, [r5, #0]
10004f28:	4a22      	ldr	r2, [pc, #136]	@ (10004fb4 <tud_rhport_init+0xf0>)
10004f2a:	2400      	movs	r4, #0
10004f2c:	4691      	mov	r9, r2
10004f2e:	4a20      	ldr	r2, [pc, #128]	@ (10004fb0 <tud_rhport_init+0xec>)
10004f30:	4690      	mov	r8, r2
10004f32:	e00e      	b.n	10004f52 <tud_rhport_init+0x8e>
10004f34:	4643      	mov	r3, r8
10004f36:	681b      	ldr	r3, [r3, #0]
10004f38:	0162      	lsls	r2, r4, #5
10004f3a:	189b      	adds	r3, r3, r2
10004f3c:	2b00      	cmp	r3, #0
10004f3e:	d010      	beq.n	10004f62 <tud_rhport_init+0x9e>
10004f40:	685b      	ldr	r3, [r3, #4]
10004f42:	2b00      	cmp	r3, #0
10004f44:	d00d      	beq.n	10004f62 <tud_rhport_init+0x9e>
10004f46:	4798      	blx	r3
10004f48:	3401      	adds	r4, #1
10004f4a:	782b      	ldrb	r3, [r5, #0]
10004f4c:	b2e4      	uxtb	r4, r4
10004f4e:	42a3      	cmp	r3, r4
10004f50:	d30f      	bcc.n	10004f72 <tud_rhport_init+0xae>
10004f52:	429c      	cmp	r4, r3
10004f54:	d3ee      	bcc.n	10004f34 <tud_rhport_init+0x70>
10004f56:	1ae3      	subs	r3, r4, r3
10004f58:	015b      	lsls	r3, r3, #5
10004f5a:	444b      	add	r3, r9
10004f5c:	685b      	ldr	r3, [r3, #4]
10004f5e:	2b00      	cmp	r3, #0
10004f60:	d1f1      	bne.n	10004f46 <tud_rhport_init+0x82>
10004f62:	2000      	movs	r0, #0
10004f64:	bce0      	pop	{r5, r6, r7}
10004f66:	46ba      	mov	sl, r7
10004f68:	46b1      	mov	r9, r6
10004f6a:	46a8      	mov	r8, r5
10004f6c:	bdf0      	pop	{r4, r5, r6, r7, pc}
10004f6e:	782b      	ldrb	r3, [r5, #0]
10004f70:	e7da      	b.n	10004f28 <tud_rhport_init+0x64>
10004f72:	4653      	mov	r3, sl
10004f74:	0031      	movs	r1, r6
10004f76:	0038      	movs	r0, r7
10004f78:	701f      	strb	r7, [r3, #0]
10004f7a:	f7ff fe0b 	bl	10004b94 <dcd_init>
10004f7e:	2800      	cmp	r0, #0
10004f80:	d0ef      	beq.n	10004f62 <tud_rhport_init+0x9e>
10004f82:	0038      	movs	r0, r7
10004f84:	f7ff fe4e 	bl	10004c24 <dcd_int_enable>
10004f88:	2001      	movs	r0, #1
10004f8a:	e7eb      	b.n	10004f64 <tud_rhport_init+0xa0>
10004f8c:	20001034 	.word	0x20001034
10004f90:	20001584 	.word	0x20001584
10004f94:	2000157c 	.word	0x2000157c
10004f98:	20001c5b 	.word	0x20001c5b
10004f9c:	200015d8 	.word	0x200015d8
10004fa0:	2000102c 	.word	0x2000102c
10004fa4:	200015dc 	.word	0x200015dc
10004fa8:	20001c59 	.word	0x20001c59
10004fac:	10004b5d 	.word	0x10004b5d
10004fb0:	200013d4 	.word	0x200013d4
10004fb4:	10007050 	.word	0x10007050

10004fb8 <tud_task_ext>:
10004fb8:	b5f0      	push	{r4, r5, r6, r7, lr}
10004fba:	46de      	mov	lr, fp
10004fbc:	4657      	mov	r7, sl
10004fbe:	464e      	mov	r6, r9
10004fc0:	4645      	mov	r5, r8
10004fc2:	b5e0      	push	{r5, r6, r7, lr}
10004fc4:	4bcd      	ldr	r3, [pc, #820]	@ (100052fc <tud_task_ext+0x344>)
10004fc6:	b091      	sub	sp, #68	@ 0x44
10004fc8:	9303      	str	r3, [sp, #12]
10004fca:	781b      	ldrb	r3, [r3, #0]
10004fcc:	2bff      	cmp	r3, #255	@ 0xff
10004fce:	d100      	bne.n	10004fd2 <tud_task_ext+0x1a>
10004fd0:	e13f      	b.n	10005252 <tud_task_ext+0x29a>
10004fd2:	4bcb      	ldr	r3, [pc, #812]	@ (10005300 <tud_task_ext+0x348>)
10004fd4:	4ecb      	ldr	r6, [pc, #812]	@ (10005304 <tud_task_ext+0x34c>)
10004fd6:	469b      	mov	fp, r3
10004fd8:	465f      	mov	r7, fp
10004fda:	4bcb      	ldr	r3, [pc, #812]	@ (10005308 <tud_task_ext+0x350>)
10004fdc:	ac0d      	add	r4, sp, #52	@ 0x34
10004fde:	9302      	str	r3, [sp, #8]
10004fe0:	4bca      	ldr	r3, [pc, #808]	@ (1000530c <tud_task_ext+0x354>)
10004fe2:	9301      	str	r3, [sp, #4]
10004fe4:	6835      	ldr	r5, [r6, #0]
10004fe6:	696a      	ldr	r2, [r5, #20]
10004fe8:	f3ef 8110 	mrs	r1, PRIMASK
10004fec:	b672      	cpsid	i
10004fee:	6813      	ldr	r3, [r2, #0]
10004ff0:	2b00      	cmp	r3, #0
10004ff2:	d0fc      	beq.n	10004fee <tud_task_ext+0x36>
10004ff4:	f3bf 8f5f 	dmb	sy
10004ff8:	61a9      	str	r1, [r5, #24]
10004ffa:	0028      	movs	r0, r5
10004ffc:	0021      	movs	r1, r4
10004ffe:	f001 f96f 	bl	100062e0 <tu_fifo_read>
10005002:	696a      	ldr	r2, [r5, #20]
10005004:	69ab      	ldr	r3, [r5, #24]
10005006:	f3bf 8f5f 	dmb	sy
1000500a:	2100      	movs	r1, #0
1000500c:	6011      	str	r1, [r2, #0]
1000500e:	f383 8810 	msr	PRIMASK, r3
10005012:	2800      	cmp	r0, #0
10005014:	d100      	bne.n	10005018 <tud_task_ext+0x60>
10005016:	e11c      	b.n	10005252 <tud_task_ext+0x29a>
10005018:	7863      	ldrb	r3, [r4, #1]
1000501a:	2b08      	cmp	r3, #8
1000501c:	d8e2      	bhi.n	10004fe4 <tud_task_ext+0x2c>
1000501e:	009b      	lsls	r3, r3, #2
10005020:	58fb      	ldr	r3, [r7, r3]
10005022:	469f      	mov	pc, r3
10005024:	6863      	ldr	r3, [r4, #4]
10005026:	2b00      	cmp	r3, #0
10005028:	d0dc      	beq.n	10004fe4 <tud_task_ext+0x2c>
1000502a:	68a0      	ldr	r0, [r4, #8]
1000502c:	4798      	blx	r3
1000502e:	e7d9      	b.n	10004fe4 <tud_task_ext+0x2c>
10005030:	227f      	movs	r2, #127	@ 0x7f
10005032:	7921      	ldrb	r1, [r4, #4]
10005034:	4db4      	ldr	r5, [pc, #720]	@ (10005308 <tud_task_ext+0x350>)
10005036:	400a      	ands	r2, r1
10005038:	0053      	lsls	r3, r2, #1
1000503a:	18eb      	adds	r3, r5, r3
1000503c:	4698      	mov	r8, r3
1000503e:	09c8      	lsrs	r0, r1, #7
10005040:	4480      	add	r8, r0
10005042:	4640      	mov	r0, r8
10005044:	2301      	movs	r3, #1
10005046:	3030      	adds	r0, #48	@ 0x30
10005048:	7905      	ldrb	r5, [r0, #4]
1000504a:	439d      	bics	r5, r3
1000504c:	7105      	strb	r5, [r0, #4]
1000504e:	7905      	ldrb	r5, [r0, #4]
10005050:	3303      	adds	r3, #3
10005052:	439d      	bics	r5, r3
10005054:	7105      	strb	r5, [r0, #4]
10005056:	2a00      	cmp	r2, #0
10005058:	d100      	bne.n	1000505c <tud_task_ext+0xa4>
1000505a:	e101      	b.n	10005260 <tud_task_ext+0x2a8>
1000505c:	4643      	mov	r3, r8
1000505e:	4aac      	ldr	r2, [pc, #688]	@ (10005310 <tud_task_ext+0x358>)
10005060:	7d1b      	ldrb	r3, [r3, #20]
10005062:	7812      	ldrb	r2, [r2, #0]
10005064:	4293      	cmp	r3, r2
10005066:	d300      	bcc.n	1000506a <tud_task_ext+0xb2>
10005068:	e0f1      	b.n	1000524e <tud_task_ext+0x296>
1000506a:	4aaa      	ldr	r2, [pc, #680]	@ (10005314 <tud_task_ext+0x35c>)
1000506c:	015b      	lsls	r3, r3, #5
1000506e:	6815      	ldr	r5, [r2, #0]
10005070:	18ed      	adds	r5, r5, r3
10005072:	2d00      	cmp	r5, #0
10005074:	d100      	bne.n	10005078 <tud_task_ext+0xc0>
10005076:	e0ec      	b.n	10005252 <tud_task_ext+0x29a>
10005078:	68a3      	ldr	r3, [r4, #8]
1000507a:	7962      	ldrb	r2, [r4, #5]
1000507c:	7820      	ldrb	r0, [r4, #0]
1000507e:	69ad      	ldr	r5, [r5, #24]
10005080:	47a8      	blx	r5
10005082:	e7af      	b.n	10004fe4 <tud_task_ext+0x2c>
10005084:	4aa4      	ldr	r2, [pc, #656]	@ (10005318 <tud_task_ext+0x360>)
10005086:	7813      	ldrb	r3, [r2, #0]
10005088:	2b00      	cmp	r3, #0
1000508a:	d100      	bne.n	1000508e <tud_task_ext+0xd6>
1000508c:	e0e1      	b.n	10005252 <tud_task_ext+0x29a>
1000508e:	7813      	ldrb	r3, [r2, #0]
10005090:	3b01      	subs	r3, #1
10005092:	b2db      	uxtb	r3, r3
10005094:	7013      	strb	r3, [r2, #0]
10005096:	7813      	ldrb	r3, [r2, #0]
10005098:	2b00      	cmp	r3, #0
1000509a:	d1a3      	bne.n	10004fe4 <tud_task_ext+0x2c>
1000509c:	2201      	movs	r2, #1
1000509e:	4d9a      	ldr	r5, [pc, #616]	@ (10005308 <tud_task_ext+0x350>)
100050a0:	2101      	movs	r1, #1
100050a2:	782b      	ldrb	r3, [r5, #0]
100050a4:	2004      	movs	r0, #4
100050a6:	4313      	orrs	r3, r2
100050a8:	702b      	strb	r3, [r5, #0]
100050aa:	2334      	movs	r3, #52	@ 0x34
100050ac:	5cea      	ldrb	r2, [r5, r3]
100050ae:	438a      	bics	r2, r1
100050b0:	54ea      	strb	r2, [r5, r3]
100050b2:	5cea      	ldrb	r2, [r5, r3]
100050b4:	4382      	bics	r2, r0
100050b6:	54ea      	strb	r2, [r5, r3]
100050b8:	3301      	adds	r3, #1
100050ba:	5cea      	ldrb	r2, [r5, r3]
100050bc:	438a      	bics	r2, r1
100050be:	54ea      	strb	r2, [r5, r3]
100050c0:	5cea      	ldrb	r2, [r5, r3]
100050c2:	4382      	bics	r2, r0
100050c4:	54ea      	strb	r2, [r5, r3]
100050c6:	7823      	ldrb	r3, [r4, #0]
100050c8:	2000      	movs	r0, #0
100050ca:	469b      	mov	fp, r3
100050cc:	f000 fc92 	bl	100059f4 <usbd_control_set_complete_callback>
100050d0:	2260      	movs	r2, #96	@ 0x60
100050d2:	7923      	ldrb	r3, [r4, #4]
100050d4:	401a      	ands	r2, r3
100050d6:	2a60      	cmp	r2, #96	@ 0x60
100050d8:	d00d      	beq.n	100050f6 <tud_task_ext+0x13e>
100050da:	2a40      	cmp	r2, #64	@ 0x40
100050dc:	d100      	bne.n	100050e0 <tud_task_ext+0x128>
100050de:	e0ce      	b.n	1000527e <tud_task_ext+0x2c6>
100050e0:	06db      	lsls	r3, r3, #27
100050e2:	0edb      	lsrs	r3, r3, #27
100050e4:	2b01      	cmp	r3, #1
100050e6:	d100      	bne.n	100050ea <tud_task_ext+0x132>
100050e8:	e11e      	b.n	10005328 <tud_task_ext+0x370>
100050ea:	2b02      	cmp	r3, #2
100050ec:	d100      	bne.n	100050f0 <tud_task_ext+0x138>
100050ee:	e0e0      	b.n	100052b2 <tud_task_ext+0x2fa>
100050f0:	2b00      	cmp	r3, #0
100050f2:	d100      	bne.n	100050f6 <tud_task_ext+0x13e>
100050f4:	e0cf      	b.n	10005296 <tud_task_ext+0x2de>
100050f6:	7820      	ldrb	r0, [r4, #0]
100050f8:	2100      	movs	r1, #0
100050fa:	f7ff fe51 	bl	10004da0 <dcd_edpt_stall>
100050fe:	2180      	movs	r1, #128	@ 0x80
10005100:	7820      	ldrb	r0, [r4, #0]
10005102:	f7ff fe4d 	bl	10004da0 <dcd_edpt_stall>
10005106:	e76d      	b.n	10004fe4 <tud_task_ext+0x2c>
10005108:	4d7f      	ldr	r5, [pc, #508]	@ (10005308 <tud_task_ext+0x350>)
1000510a:	782b      	ldrb	r3, [r5, #0]
1000510c:	07db      	lsls	r3, r3, #31
1000510e:	d400      	bmi.n	10005112 <tud_task_ext+0x15a>
10005110:	e768      	b.n	10004fe4 <tud_task_ext+0x2c>
10005112:	f7ff fec5 	bl	10004ea0 <tud_resume_cb>
10005116:	e765      	b.n	10004fe4 <tud_task_ext+0x2c>
10005118:	9b02      	ldr	r3, [sp, #8]
1000511a:	78db      	ldrb	r3, [r3, #3]
1000511c:	07db      	lsls	r3, r3, #31
1000511e:	d400      	bmi.n	10005122 <tud_task_ext+0x16a>
10005120:	e760      	b.n	10004fe4 <tud_task_ext+0x2c>
10005122:	6860      	ldr	r0, [r4, #4]
10005124:	f7ff feb0 	bl	10004e88 <tud_sof_cb>
10005128:	e75c      	b.n	10004fe4 <tud_task_ext+0x2c>
1000512a:	4d77      	ldr	r5, [pc, #476]	@ (10005308 <tud_task_ext+0x350>)
1000512c:	782b      	ldrb	r3, [r5, #0]
1000512e:	07db      	lsls	r3, r3, #31
10005130:	d400      	bmi.n	10005134 <tud_task_ext+0x17c>
10005132:	e757      	b.n	10004fe4 <tud_task_ext+0x2c>
10005134:	7828      	ldrb	r0, [r5, #0]
10005136:	0700      	lsls	r0, r0, #28
10005138:	0fc0      	lsrs	r0, r0, #31
1000513a:	f7ff feaf 	bl	10004e9c <tud_suspend_cb>
1000513e:	e751      	b.n	10004fe4 <tud_task_ext+0x2c>
10005140:	7823      	ldrb	r3, [r4, #0]
10005142:	4a72      	ldr	r2, [pc, #456]	@ (1000530c <tud_task_ext+0x354>)
10005144:	4699      	mov	r9, r3
10005146:	4693      	mov	fp, r2
10005148:	4b71      	ldr	r3, [pc, #452]	@ (10005310 <tud_task_ext+0x358>)
1000514a:	4a72      	ldr	r2, [pc, #456]	@ (10005314 <tud_task_ext+0x35c>)
1000514c:	4698      	mov	r8, r3
1000514e:	4692      	mov	sl, r2
10005150:	003a      	movs	r2, r7
10005152:	2500      	movs	r5, #0
10005154:	4647      	mov	r7, r8
10005156:	781b      	ldrb	r3, [r3, #0]
10005158:	46b0      	mov	r8, r6
1000515a:	464e      	mov	r6, r9
1000515c:	4691      	mov	r9, r2
1000515e:	e00e      	b.n	1000517e <tud_task_ext+0x1c6>
10005160:	4653      	mov	r3, sl
10005162:	681b      	ldr	r3, [r3, #0]
10005164:	016a      	lsls	r2, r5, #5
10005166:	189b      	adds	r3, r3, r2
10005168:	2b00      	cmp	r3, #0
1000516a:	d100      	bne.n	1000516e <tud_task_ext+0x1b6>
1000516c:	e07e      	b.n	1000526c <tud_task_ext+0x2b4>
1000516e:	68db      	ldr	r3, [r3, #12]
10005170:	0030      	movs	r0, r6
10005172:	4798      	blx	r3
10005174:	3501      	adds	r5, #1
10005176:	783b      	ldrb	r3, [r7, #0]
10005178:	b2ed      	uxtb	r5, r5
1000517a:	42ab      	cmp	r3, r5
1000517c:	d30c      	bcc.n	10005198 <tud_task_ext+0x1e0>
1000517e:	429d      	cmp	r5, r3
10005180:	d3ee      	bcc.n	10005160 <tud_task_ext+0x1a8>
10005182:	1aeb      	subs	r3, r5, r3
10005184:	015b      	lsls	r3, r3, #5
10005186:	445b      	add	r3, fp
10005188:	68db      	ldr	r3, [r3, #12]
1000518a:	0030      	movs	r0, r6
1000518c:	4798      	blx	r3
1000518e:	3501      	adds	r5, #1
10005190:	783b      	ldrb	r3, [r7, #0]
10005192:	b2ed      	uxtb	r5, r5
10005194:	42ab      	cmp	r3, r5
10005196:	d2f2      	bcs.n	1000517e <tud_task_ext+0x1c6>
10005198:	4d5b      	ldr	r5, [pc, #364]	@ (10005308 <tud_task_ext+0x350>)
1000519a:	2254      	movs	r2, #84	@ 0x54
1000519c:	2100      	movs	r1, #0
1000519e:	0028      	movs	r0, r5
100051a0:	f7fd fb52 	bl	10002848 <__wrap_memset>
100051a4:	2210      	movs	r2, #16
100051a6:	21ff      	movs	r1, #255	@ 0xff
100051a8:	1d28      	adds	r0, r5, #4
100051aa:	f7fd fb4d 	bl	10002848 <__wrap_memset>
100051ae:	0028      	movs	r0, r5
100051b0:	2220      	movs	r2, #32
100051b2:	21ff      	movs	r1, #255	@ 0xff
100051b4:	3014      	adds	r0, #20
100051b6:	4646      	mov	r6, r8
100051b8:	464f      	mov	r7, r9
100051ba:	f7fd fb45 	bl	10002848 <__wrap_memset>
100051be:	f000 fc0f 	bl	100059e0 <usbd_control_reset>
100051c2:	7923      	ldrb	r3, [r4, #4]
100051c4:	70ab      	strb	r3, [r5, #2]
100051c6:	e70d      	b.n	10004fe4 <tud_task_ext+0x2c>
100051c8:	7823      	ldrb	r3, [r4, #0]
100051ca:	4a52      	ldr	r2, [pc, #328]	@ (10005314 <tud_task_ext+0x35c>)
100051cc:	4699      	mov	r9, r3
100051ce:	4b50      	ldr	r3, [pc, #320]	@ (10005310 <tud_task_ext+0x358>)
100051d0:	4692      	mov	sl, r2
100051d2:	4698      	mov	r8, r3
100051d4:	0032      	movs	r2, r6
100051d6:	46bb      	mov	fp, r7
100051d8:	464e      	mov	r6, r9
100051da:	2500      	movs	r5, #0
100051dc:	4647      	mov	r7, r8
100051de:	4691      	mov	r9, r2
100051e0:	781b      	ldrb	r3, [r3, #0]
100051e2:	e00d      	b.n	10005200 <tud_task_ext+0x248>
100051e4:	4653      	mov	r3, sl
100051e6:	681b      	ldr	r3, [r3, #0]
100051e8:	016a      	lsls	r2, r5, #5
100051ea:	189b      	adds	r3, r3, r2
100051ec:	2b00      	cmp	r3, #0
100051ee:	d041      	beq.n	10005274 <tud_task_ext+0x2bc>
100051f0:	68db      	ldr	r3, [r3, #12]
100051f2:	0030      	movs	r0, r6
100051f4:	4798      	blx	r3
100051f6:	3501      	adds	r5, #1
100051f8:	783b      	ldrb	r3, [r7, #0]
100051fa:	b2ed      	uxtb	r5, r5
100051fc:	42ab      	cmp	r3, r5
100051fe:	d30e      	bcc.n	1000521e <tud_task_ext+0x266>
10005200:	42ab      	cmp	r3, r5
10005202:	d8ef      	bhi.n	100051e4 <tud_task_ext+0x22c>
10005204:	9a01      	ldr	r2, [sp, #4]
10005206:	1aeb      	subs	r3, r5, r3
10005208:	4694      	mov	ip, r2
1000520a:	015b      	lsls	r3, r3, #5
1000520c:	4463      	add	r3, ip
1000520e:	68db      	ldr	r3, [r3, #12]
10005210:	0030      	movs	r0, r6
10005212:	4798      	blx	r3
10005214:	3501      	adds	r5, #1
10005216:	783b      	ldrb	r3, [r7, #0]
10005218:	b2ed      	uxtb	r5, r5
1000521a:	42ab      	cmp	r3, r5
1000521c:	d2f0      	bcs.n	10005200 <tud_task_ext+0x248>
1000521e:	9d02      	ldr	r5, [sp, #8]
10005220:	2254      	movs	r2, #84	@ 0x54
10005222:	2100      	movs	r1, #0
10005224:	0028      	movs	r0, r5
10005226:	f7fd fb0f 	bl	10002848 <__wrap_memset>
1000522a:	2210      	movs	r2, #16
1000522c:	21ff      	movs	r1, #255	@ 0xff
1000522e:	483b      	ldr	r0, [pc, #236]	@ (1000531c <tud_task_ext+0x364>)
10005230:	f7fd fb0a 	bl	10002848 <__wrap_memset>
10005234:	0028      	movs	r0, r5
10005236:	2220      	movs	r2, #32
10005238:	21ff      	movs	r1, #255	@ 0xff
1000523a:	3014      	adds	r0, #20
1000523c:	464e      	mov	r6, r9
1000523e:	465f      	mov	r7, fp
10005240:	f7fd fb02 	bl	10002848 <__wrap_memset>
10005244:	f000 fbcc 	bl	100059e0 <usbd_control_reset>
10005248:	f7ff fe26 	bl	10004e98 <tud_umount_cb>
1000524c:	e6ca      	b.n	10004fe4 <tud_task_ext+0x2c>
1000524e:	4293      	cmp	r3, r2
10005250:	d013      	beq.n	1000527a <tud_task_ext+0x2c2>
10005252:	b011      	add	sp, #68	@ 0x44
10005254:	bcf0      	pop	{r4, r5, r6, r7}
10005256:	46bb      	mov	fp, r7
10005258:	46b2      	mov	sl, r6
1000525a:	46a9      	mov	r9, r5
1000525c:	46a0      	mov	r8, r4
1000525e:	bdf0      	pop	{r4, r5, r6, r7, pc}
10005260:	68a3      	ldr	r3, [r4, #8]
10005262:	7962      	ldrb	r2, [r4, #5]
10005264:	7820      	ldrb	r0, [r4, #0]
10005266:	f000 fbd9 	bl	10005a1c <usbd_control_xfer_cb>
1000526a:	e6bb      	b.n	10004fe4 <tud_task_ext+0x2c>
1000526c:	4646      	mov	r6, r8
1000526e:	464f      	mov	r7, r9
10005270:	4d25      	ldr	r5, [pc, #148]	@ (10005308 <tud_task_ext+0x350>)
10005272:	e7a4      	b.n	100051be <tud_task_ext+0x206>
10005274:	464e      	mov	r6, r9
10005276:	465f      	mov	r7, fp
10005278:	e7e4      	b.n	10005244 <tud_task_ext+0x28c>
1000527a:	4d24      	ldr	r5, [pc, #144]	@ (1000530c <tud_task_ext+0x354>)
1000527c:	e6fc      	b.n	10005078 <tud_task_ext+0xc0>
1000527e:	4828      	ldr	r0, [pc, #160]	@ (10005320 <tud_task_ext+0x368>)
10005280:	f000 fbb8 	bl	100059f4 <usbd_control_set_complete_callback>
10005284:	2101      	movs	r1, #1
10005286:	4658      	mov	r0, fp
10005288:	aa0e      	add	r2, sp, #56	@ 0x38
1000528a:	f7ff fc4d 	bl	10004b28 <tud_vendor_control_xfer_cb>
1000528e:	2800      	cmp	r0, #0
10005290:	d000      	beq.n	10005294 <tud_task_ext+0x2dc>
10005292:	e6a7      	b.n	10004fe4 <tud_task_ext+0x2c>
10005294:	e72f      	b.n	100050f6 <tud_task_ext+0x13e>
10005296:	2a20      	cmp	r2, #32
10005298:	d100      	bne.n	1000529c <tud_task_ext+0x2e4>
1000529a:	e146      	b.n	1000552a <tud_task_ext+0x572>
1000529c:	2a00      	cmp	r2, #0
1000529e:	d000      	beq.n	100052a2 <tud_task_ext+0x2ea>
100052a0:	e729      	b.n	100050f6 <tud_task_ext+0x13e>
100052a2:	7963      	ldrb	r3, [r4, #5]
100052a4:	2b09      	cmp	r3, #9
100052a6:	d900      	bls.n	100052aa <tud_task_ext+0x2f2>
100052a8:	e725      	b.n	100050f6 <tud_task_ext+0x13e>
100052aa:	4a1e      	ldr	r2, [pc, #120]	@ (10005324 <tud_task_ext+0x36c>)
100052ac:	009b      	lsls	r3, r3, #2
100052ae:	58d3      	ldr	r3, [r2, r3]
100052b0:	469f      	mov	pc, r3
100052b2:	2370      	movs	r3, #112	@ 0x70
100052b4:	7a21      	ldrb	r1, [r4, #8]
100052b6:	420b      	tst	r3, r1
100052b8:	d000      	beq.n	100052bc <tud_task_ext+0x304>
100052ba:	e71c      	b.n	100050f6 <tud_task_ext+0x13e>
100052bc:	09c8      	lsrs	r0, r1, #7
100052be:	4682      	mov	sl, r0
100052c0:	330f      	adds	r3, #15
100052c2:	400b      	ands	r3, r1
100052c4:	005b      	lsls	r3, r3, #1
100052c6:	4698      	mov	r8, r3
100052c8:	4811      	ldr	r0, [pc, #68]	@ (10005310 <tud_task_ext+0x358>)
100052ca:	18eb      	adds	r3, r5, r3
100052cc:	4453      	add	r3, sl
100052ce:	7d1b      	ldrb	r3, [r3, #20]
100052d0:	7800      	ldrb	r0, [r0, #0]
100052d2:	4283      	cmp	r3, r0
100052d4:	d357      	bcc.n	10005386 <tud_task_ext+0x3ce>
100052d6:	d000      	beq.n	100052da <tud_task_ext+0x322>
100052d8:	e141      	b.n	1000555e <tud_task_ext+0x5a6>
100052da:	4b0c      	ldr	r3, [pc, #48]	@ (1000530c <tud_task_ext+0x354>)
100052dc:	4699      	mov	r9, r3
100052de:	2a00      	cmp	r2, #0
100052e0:	d100      	bne.n	100052e4 <tud_task_ext+0x32c>
100052e2:	e141      	b.n	10005568 <tud_task_ext+0x5b0>
100052e4:	464b      	mov	r3, r9
100052e6:	6958      	ldr	r0, [r3, #20]
100052e8:	f000 fb84 	bl	100059f4 <usbd_control_set_complete_callback>
100052ec:	464b      	mov	r3, r9
100052ee:	2101      	movs	r1, #1
100052f0:	4658      	mov	r0, fp
100052f2:	695b      	ldr	r3, [r3, #20]
100052f4:	aa0e      	add	r2, sp, #56	@ 0x38
100052f6:	4798      	blx	r3
100052f8:	e7c9      	b.n	1000528e <tud_task_ext+0x2d6>
100052fa:	46c0      	nop			@ (mov r8, r8)
100052fc:	20001034 	.word	0x20001034
10005300:	10006fa8 	.word	0x10006fa8
10005304:	200015dc 	.word	0x200015dc
10005308:	20001584 	.word	0x20001584
1000530c:	10007050 	.word	0x10007050
10005310:	20001c59 	.word	0x20001c59
10005314:	200013d4 	.word	0x200013d4
10005318:	20001c5b 	.word	0x20001c5b
1000531c:	20001588 	.word	0x20001588
10005320:	10004b29 	.word	0x10004b29
10005324:	10006fcc 	.word	0x10006fcc
10005328:	7a23      	ldrb	r3, [r4, #8]
1000532a:	2b0f      	cmp	r3, #15
1000532c:	d900      	bls.n	10005330 <tud_task_ext+0x378>
1000532e:	e6e2      	b.n	100050f6 <tud_task_ext+0x13e>
10005330:	4ad4      	ldr	r2, [pc, #848]	@ (10005684 <tud_task_ext+0x6cc>)
10005332:	18eb      	adds	r3, r5, r3
10005334:	791b      	ldrb	r3, [r3, #4]
10005336:	7812      	ldrb	r2, [r2, #0]
10005338:	4293      	cmp	r3, r2
1000533a:	d331      	bcc.n	100053a0 <tud_task_ext+0x3e8>
1000533c:	d000      	beq.n	10005340 <tud_task_ext+0x388>
1000533e:	e6da      	b.n	100050f6 <tud_task_ext+0x13e>
10005340:	4dd1      	ldr	r5, [pc, #836]	@ (10005688 <tud_task_ext+0x6d0>)
10005342:	6968      	ldr	r0, [r5, #20]
10005344:	f000 fb56 	bl	100059f4 <usbd_control_set_complete_callback>
10005348:	2101      	movs	r1, #1
1000534a:	4658      	mov	r0, fp
1000534c:	696b      	ldr	r3, [r5, #20]
1000534e:	aa0e      	add	r2, sp, #56	@ 0x38
10005350:	4798      	blx	r3
10005352:	2800      	cmp	r0, #0
10005354:	d000      	beq.n	10005358 <tud_task_ext+0x3a0>
10005356:	e645      	b.n	10004fe4 <tud_task_ext+0x2c>
10005358:	2260      	movs	r2, #96	@ 0x60
1000535a:	0015      	movs	r5, r2
1000535c:	7923      	ldrb	r3, [r4, #4]
1000535e:	401d      	ands	r5, r3
10005360:	421a      	tst	r2, r3
10005362:	d000      	beq.n	10005366 <tud_task_ext+0x3ae>
10005364:	e6c7      	b.n	100050f6 <tud_task_ext+0x13e>
10005366:	7963      	ldrb	r3, [r4, #5]
10005368:	3b0a      	subs	r3, #10
1000536a:	2b01      	cmp	r3, #1
1000536c:	d900      	bls.n	10005370 <tud_task_ext+0x3b8>
1000536e:	e6c2      	b.n	100050f6 <tud_task_ext+0x13e>
10005370:	f000 fb40 	bl	100059f4 <usbd_control_set_complete_callback>
10005374:	7963      	ldrb	r3, [r4, #5]
10005376:	2b0a      	cmp	r3, #10
10005378:	d100      	bne.n	1000537c <tud_task_ext+0x3c4>
1000537a:	e179      	b.n	10005670 <tud_task_ext+0x6b8>
1000537c:	4658      	mov	r0, fp
1000537e:	a90e      	add	r1, sp, #56	@ 0x38
10005380:	f000 fac2 	bl	10005908 <tud_control_status>
10005384:	e62e      	b.n	10004fe4 <tud_task_ext+0x2c>
10005386:	48c1      	ldr	r0, [pc, #772]	@ (1000568c <tud_task_ext+0x6d4>)
10005388:	015b      	lsls	r3, r3, #5
1000538a:	6800      	ldr	r0, [r0, #0]
1000538c:	4681      	mov	r9, r0
1000538e:	4499      	add	r9, r3
10005390:	2a00      	cmp	r2, #0
10005392:	d100      	bne.n	10005396 <tud_task_ext+0x3de>
10005394:	e0e8      	b.n	10005568 <tud_task_ext+0x5b0>
10005396:	464b      	mov	r3, r9
10005398:	2b00      	cmp	r3, #0
1000539a:	d100      	bne.n	1000539e <tud_task_ext+0x3e6>
1000539c:	e6ab      	b.n	100050f6 <tud_task_ext+0x13e>
1000539e:	e7a1      	b.n	100052e4 <tud_task_ext+0x32c>
100053a0:	4aba      	ldr	r2, [pc, #744]	@ (1000568c <tud_task_ext+0x6d4>)
100053a2:	015b      	lsls	r3, r3, #5
100053a4:	6815      	ldr	r5, [r2, #0]
100053a6:	18ed      	adds	r5, r5, r3
100053a8:	2d00      	cmp	r5, #0
100053aa:	d1ca      	bne.n	10005342 <tud_task_ext+0x38a>
100053ac:	e6a3      	b.n	100050f6 <tud_task_ext+0x13e>
100053ae:	79a3      	ldrb	r3, [r4, #6]
100053b0:	4699      	mov	r9, r3
100053b2:	786b      	ldrb	r3, [r5, #1]
100053b4:	4599      	cmp	r9, r3
100053b6:	d0e1      	beq.n	1000537c <tud_task_ext+0x3c4>
100053b8:	786b      	ldrb	r3, [r5, #1]
100053ba:	2b00      	cmp	r3, #0
100053bc:	d000      	beq.n	100053c0 <tud_task_ext+0x408>
100053be:	e12a      	b.n	10005616 <tud_task_ext+0x65e>
100053c0:	464b      	mov	r3, r9
100053c2:	706b      	strb	r3, [r5, #1]
100053c4:	2b00      	cmp	r3, #0
100053c6:	d100      	bne.n	100053ca <tud_task_ext+0x412>
100053c8:	e122      	b.n	10005610 <tud_task_ext+0x658>
100053ca:	4648      	mov	r0, r9
100053cc:	3801      	subs	r0, #1
100053ce:	b2c0      	uxtb	r0, r0
100053d0:	f7ff fa1a 	bl	10004808 <tud_descriptor_configuration_cb>
100053d4:	2800      	cmp	r0, #0
100053d6:	d100      	bne.n	100053da <tud_task_ext+0x422>
100053d8:	e174      	b.n	100056c4 <tud_task_ext+0x70c>
100053da:	7843      	ldrb	r3, [r0, #1]
100053dc:	9307      	str	r3, [sp, #28]
100053de:	2b02      	cmp	r3, #2
100053e0:	d000      	beq.n	100053e4 <tud_task_ext+0x42c>
100053e2:	e16f      	b.n	100056c4 <tud_task_ext+0x70c>
100053e4:	2201      	movs	r2, #1
100053e6:	79c1      	ldrb	r1, [r0, #7]
100053e8:	46b1      	mov	r9, r6
100053ea:	118b      	asrs	r3, r1, #6
100053ec:	1149      	asrs	r1, r1, #5
100053ee:	4013      	ands	r3, r2
100053f0:	400a      	ands	r2, r1
100053f2:	2130      	movs	r1, #48	@ 0x30
100053f4:	0112      	lsls	r2, r2, #4
100053f6:	015b      	lsls	r3, r3, #5
100053f8:	4313      	orrs	r3, r2
100053fa:	782a      	ldrb	r2, [r5, #0]
100053fc:	46a8      	mov	r8, r5
100053fe:	438a      	bics	r2, r1
10005400:	4313      	orrs	r3, r2
10005402:	702b      	strb	r3, [r5, #0]
10005404:	2309      	movs	r3, #9
10005406:	469a      	mov	sl, r3
10005408:	4482      	add	sl, r0
1000540a:	4656      	mov	r6, sl
1000540c:	46ba      	mov	sl, r7
1000540e:	78c3      	ldrb	r3, [r0, #3]
10005410:	7882      	ldrb	r2, [r0, #2]
10005412:	021b      	lsls	r3, r3, #8
10005414:	4313      	orrs	r3, r2
10005416:	18c3      	adds	r3, r0, r3
10005418:	9305      	str	r3, [sp, #20]
1000541a:	4b9a      	ldr	r3, [pc, #616]	@ (10005684 <tud_task_ext+0x6cc>)
1000541c:	9304      	str	r3, [sp, #16]
1000541e:	4b9a      	ldr	r3, [pc, #616]	@ (10005688 <tud_task_ext+0x6d0>)
10005420:	9308      	str	r3, [sp, #32]
10005422:	4b9a      	ldr	r3, [pc, #616]	@ (1000568c <tud_task_ext+0x6d4>)
10005424:	9309      	str	r3, [sp, #36]	@ 0x24
10005426:	4b9a      	ldr	r3, [pc, #616]	@ (10005690 <tud_task_ext+0x6d8>)
10005428:	930a      	str	r3, [sp, #40]	@ 0x28
1000542a:	9b05      	ldr	r3, [sp, #20]
1000542c:	42b3      	cmp	r3, r6
1000542e:	d800      	bhi.n	10005432 <tud_task_ext+0x47a>
10005430:	e14b      	b.n	100056ca <tud_task_ext+0x712>
10005432:	7873      	ldrb	r3, [r6, #1]
10005434:	2201      	movs	r2, #1
10005436:	2b0b      	cmp	r3, #11
10005438:	d103      	bne.n	10005442 <tud_task_ext+0x48a>
1000543a:	7833      	ldrb	r3, [r6, #0]
1000543c:	78f2      	ldrb	r2, [r6, #3]
1000543e:	18f6      	adds	r6, r6, r3
10005440:	7873      	ldrb	r3, [r6, #1]
10005442:	2b04      	cmp	r3, #4
10005444:	d000      	beq.n	10005448 <tud_task_ext+0x490>
10005446:	e13a      	b.n	100056be <tud_task_ext+0x706>
10005448:	9b05      	ldr	r3, [sp, #20]
1000544a:	2700      	movs	r7, #0
1000544c:	1b9b      	subs	r3, r3, r6
1000544e:	b29b      	uxth	r3, r3
10005450:	9306      	str	r3, [sp, #24]
10005452:	9b04      	ldr	r3, [sp, #16]
10005454:	920b      	str	r2, [sp, #44]	@ 0x2c
10005456:	781d      	ldrb	r5, [r3, #0]
10005458:	e019      	b.n	1000548e <tud_task_ext+0x4d6>
1000545a:	9a09      	ldr	r2, [sp, #36]	@ 0x24
1000545c:	017b      	lsls	r3, r7, #5
1000545e:	6815      	ldr	r5, [r2, #0]
10005460:	18ed      	adds	r5, r5, r3
10005462:	2d00      	cmp	r5, #0
10005464:	d100      	bne.n	10005468 <tud_task_ext+0x4b0>
10005466:	e12a      	b.n	100056be <tud_task_ext+0x706>
10005468:	0031      	movs	r1, r6
1000546a:	4658      	mov	r0, fp
1000546c:	692b      	ldr	r3, [r5, #16]
1000546e:	9a06      	ldr	r2, [sp, #24]
10005470:	4798      	blx	r3
10005472:	4684      	mov	ip, r0
10005474:	2808      	cmp	r0, #8
10005476:	d903      	bls.n	10005480 <tud_task_ext+0x4c8>
10005478:	9a06      	ldr	r2, [sp, #24]
1000547a:	4282      	cmp	r2, r0
1000547c:	d300      	bcc.n	10005480 <tud_task_ext+0x4c8>
1000547e:	e10b      	b.n	10005698 <tud_task_ext+0x6e0>
10005480:	9b04      	ldr	r3, [sp, #16]
10005482:	3701      	adds	r7, #1
10005484:	781d      	ldrb	r5, [r3, #0]
10005486:	b2ff      	uxtb	r7, r7
10005488:	42bd      	cmp	r5, r7
1000548a:	d200      	bcs.n	1000548e <tud_task_ext+0x4d6>
1000548c:	e117      	b.n	100056be <tud_task_ext+0x706>
1000548e:	42af      	cmp	r7, r5
10005490:	d3e3      	bcc.n	1000545a <tud_task_ext+0x4a2>
10005492:	9b08      	ldr	r3, [sp, #32]
10005494:	1b7d      	subs	r5, r7, r5
10005496:	469c      	mov	ip, r3
10005498:	016d      	lsls	r5, r5, #5
1000549a:	4465      	add	r5, ip
1000549c:	e7e4      	b.n	10005468 <tud_task_ext+0x4b0>
1000549e:	786b      	ldrb	r3, [r5, #1]
100054a0:	aa0c      	add	r2, sp, #48	@ 0x30
100054a2:	3202      	adds	r2, #2
100054a4:	7013      	strb	r3, [r2, #0]
100054a6:	4658      	mov	r0, fp
100054a8:	2301      	movs	r3, #1
100054aa:	a90e      	add	r1, sp, #56	@ 0x38
100054ac:	f000 fa42 	bl	10005934 <tud_control_xfer>
100054b0:	e598      	b.n	10004fe4 <tud_task_ext+0x2c>
100054b2:	88e3      	ldrh	r3, [r4, #6]
100054b4:	0a1a      	lsrs	r2, r3, #8
100054b6:	b2d8      	uxtb	r0, r3
100054b8:	2a0f      	cmp	r2, #15
100054ba:	d900      	bls.n	100054be <tud_task_ext+0x506>
100054bc:	e61b      	b.n	100050f6 <tud_task_ext+0x13e>
100054be:	4975      	ldr	r1, [pc, #468]	@ (10005694 <tud_task_ext+0x6dc>)
100054c0:	0093      	lsls	r3, r2, #2
100054c2:	58cb      	ldr	r3, [r1, r3]
100054c4:	469f      	mov	pc, r3
100054c6:	a80e      	add	r0, sp, #56	@ 0x38
100054c8:	f000 fa9a 	bl	10005a00 <usbd_control_set_request>
100054cc:	4658      	mov	r0, fp
100054ce:	79a1      	ldrb	r1, [r4, #6]
100054d0:	f7ff fbae 	bl	10004c30 <dcd_set_address>
100054d4:	2202      	movs	r2, #2
100054d6:	782b      	ldrb	r3, [r5, #0]
100054d8:	4313      	orrs	r3, r2
100054da:	702b      	strb	r3, [r5, #0]
100054dc:	e582      	b.n	10004fe4 <tud_task_ext+0x2c>
100054de:	88e3      	ldrh	r3, [r4, #6]
100054e0:	2b01      	cmp	r3, #1
100054e2:	d000      	beq.n	100054e6 <tud_task_ext+0x52e>
100054e4:	e607      	b.n	100050f6 <tud_task_ext+0x13e>
100054e6:	2208      	movs	r2, #8
100054e8:	782b      	ldrb	r3, [r5, #0]
100054ea:	4658      	mov	r0, fp
100054ec:	4393      	bics	r3, r2
100054ee:	a90e      	add	r1, sp, #56	@ 0x38
100054f0:	702b      	strb	r3, [r5, #0]
100054f2:	f000 fa09 	bl	10005908 <tud_control_status>
100054f6:	e575      	b.n	10004fe4 <tud_task_ext+0x2c>
100054f8:	2002      	movs	r0, #2
100054fa:	7829      	ldrb	r1, [r5, #0]
100054fc:	ab0c      	add	r3, sp, #48	@ 0x30
100054fe:	1c9a      	adds	r2, r3, #2
10005500:	068b      	lsls	r3, r1, #26
10005502:	0889      	lsrs	r1, r1, #2
10005504:	0fdb      	lsrs	r3, r3, #31
10005506:	4001      	ands	r1, r0
10005508:	430b      	orrs	r3, r1
1000550a:	8013      	strh	r3, [r2, #0]
1000550c:	4658      	mov	r0, fp
1000550e:	2302      	movs	r3, #2
10005510:	a90e      	add	r1, sp, #56	@ 0x38
10005512:	f000 fa0f 	bl	10005934 <tud_control_xfer>
10005516:	e565      	b.n	10004fe4 <tud_task_ext+0x2c>
10005518:	88e3      	ldrh	r3, [r4, #6]
1000551a:	2b01      	cmp	r3, #1
1000551c:	d000      	beq.n	10005520 <tud_task_ext+0x568>
1000551e:	e5ea      	b.n	100050f6 <tud_task_ext+0x13e>
10005520:	2208      	movs	r2, #8
10005522:	782b      	ldrb	r3, [r5, #0]
10005524:	4313      	orrs	r3, r2
10005526:	702b      	strb	r3, [r5, #0]
10005528:	e728      	b.n	1000537c <tud_task_ext+0x3c4>
1000552a:	7a23      	ldrb	r3, [r4, #8]
1000552c:	2b0f      	cmp	r3, #15
1000552e:	d900      	bls.n	10005532 <tud_task_ext+0x57a>
10005530:	e5e1      	b.n	100050f6 <tud_task_ext+0x13e>
10005532:	4a54      	ldr	r2, [pc, #336]	@ (10005684 <tud_task_ext+0x6cc>)
10005534:	18eb      	adds	r3, r5, r3
10005536:	791b      	ldrb	r3, [r3, #4]
10005538:	7812      	ldrb	r2, [r2, #0]
1000553a:	4293      	cmp	r3, r2
1000553c:	d228      	bcs.n	10005590 <tud_task_ext+0x5d8>
1000553e:	4a53      	ldr	r2, [pc, #332]	@ (1000568c <tud_task_ext+0x6d4>)
10005540:	015b      	lsls	r3, r3, #5
10005542:	6815      	ldr	r5, [r2, #0]
10005544:	18ed      	adds	r5, r5, r3
10005546:	2d00      	cmp	r5, #0
10005548:	d100      	bne.n	1000554c <tud_task_ext+0x594>
1000554a:	e5d4      	b.n	100050f6 <tud_task_ext+0x13e>
1000554c:	6968      	ldr	r0, [r5, #20]
1000554e:	f000 fa51 	bl	100059f4 <usbd_control_set_complete_callback>
10005552:	2101      	movs	r1, #1
10005554:	4658      	mov	r0, fp
10005556:	696b      	ldr	r3, [r5, #20]
10005558:	aa0e      	add	r2, sp, #56	@ 0x38
1000555a:	4798      	blx	r3
1000555c:	e697      	b.n	1000528e <tud_task_ext+0x2d6>
1000555e:	2a00      	cmp	r2, #0
10005560:	d000      	beq.n	10005564 <tud_task_ext+0x5ac>
10005562:	e5c8      	b.n	100050f6 <tud_task_ext+0x13e>
10005564:	2300      	movs	r3, #0
10005566:	4699      	mov	r9, r3
10005568:	7962      	ldrb	r2, [r4, #5]
1000556a:	2002      	movs	r0, #2
1000556c:	0013      	movs	r3, r2
1000556e:	9204      	str	r2, [sp, #16]
10005570:	4383      	bics	r3, r0
10005572:	2b01      	cmp	r3, #1
10005574:	d011      	beq.n	1000559a <tud_task_ext+0x5e2>
10005576:	2a00      	cmp	r2, #0
10005578:	d000      	beq.n	1000557c <tud_task_ext+0x5c4>
1000557a:	e5bc      	b.n	100050f6 <tud_task_ext+0x13e>
1000557c:	002b      	movs	r3, r5
1000557e:	4443      	add	r3, r8
10005580:	4453      	add	r3, sl
10005582:	3330      	adds	r3, #48	@ 0x30
10005584:	791b      	ldrb	r3, [r3, #4]
10005586:	aa0c      	add	r2, sp, #48	@ 0x30
10005588:	079b      	lsls	r3, r3, #30
1000558a:	0fdb      	lsrs	r3, r3, #31
1000558c:	3202      	adds	r2, #2
1000558e:	e7bc      	b.n	1000550a <tud_task_ext+0x552>
10005590:	4293      	cmp	r3, r2
10005592:	d000      	beq.n	10005596 <tud_task_ext+0x5de>
10005594:	e5af      	b.n	100050f6 <tud_task_ext+0x13e>
10005596:	4d3c      	ldr	r5, [pc, #240]	@ (10005688 <tud_task_ext+0x6d0>)
10005598:	e7d8      	b.n	1000554c <tud_task_ext+0x594>
1000559a:	88e3      	ldrh	r3, [r4, #6]
1000559c:	2b00      	cmp	r3, #0
1000559e:	d112      	bne.n	100055c6 <tud_task_ext+0x60e>
100055a0:	9b03      	ldr	r3, [sp, #12]
100055a2:	7818      	ldrb	r0, [r3, #0]
100055a4:	9b04      	ldr	r3, [sp, #16]
100055a6:	2b01      	cmp	r3, #1
100055a8:	d023      	beq.n	100055f2 <tud_task_ext+0x63a>
100055aa:	f7ff fbf9 	bl	10004da0 <dcd_edpt_stall>
100055ae:	4643      	mov	r3, r8
100055b0:	2102      	movs	r1, #2
100055b2:	18eb      	adds	r3, r5, r3
100055b4:	4453      	add	r3, sl
100055b6:	3330      	adds	r3, #48	@ 0x30
100055b8:	791a      	ldrb	r2, [r3, #4]
100055ba:	430a      	orrs	r2, r1
100055bc:	2101      	movs	r1, #1
100055be:	711a      	strb	r2, [r3, #4]
100055c0:	791a      	ldrb	r2, [r3, #4]
100055c2:	430a      	orrs	r2, r1
100055c4:	711a      	strb	r2, [r3, #4]
100055c6:	464b      	mov	r3, r9
100055c8:	2b00      	cmp	r3, #0
100055ca:	d100      	bne.n	100055ce <tud_task_ext+0x616>
100055cc:	e50a      	b.n	10004fe4 <tud_task_ext+0x2c>
100055ce:	6958      	ldr	r0, [r3, #20]
100055d0:	f000 fa10 	bl	100059f4 <usbd_control_set_complete_callback>
100055d4:	464b      	mov	r3, r9
100055d6:	2101      	movs	r1, #1
100055d8:	695b      	ldr	r3, [r3, #20]
100055da:	aa0e      	add	r2, sp, #56	@ 0x38
100055dc:	4658      	mov	r0, fp
100055de:	4798      	blx	r3
100055e0:	2000      	movs	r0, #0
100055e2:	f000 fa07 	bl	100059f4 <usbd_control_set_complete_callback>
100055e6:	2335      	movs	r3, #53	@ 0x35
100055e8:	5ceb      	ldrb	r3, [r5, r3]
100055ea:	07db      	lsls	r3, r3, #31
100055ec:	d500      	bpl.n	100055f0 <tud_task_ext+0x638>
100055ee:	e4f9      	b.n	10004fe4 <tud_task_ext+0x2c>
100055f0:	e6c4      	b.n	1000537c <tud_task_ext+0x3c4>
100055f2:	f7ff fbef 	bl	10004dd4 <dcd_edpt_clear_stall>
100055f6:	4643      	mov	r3, r8
100055f8:	2102      	movs	r1, #2
100055fa:	18eb      	adds	r3, r5, r3
100055fc:	4453      	add	r3, sl
100055fe:	3330      	adds	r3, #48	@ 0x30
10005600:	791a      	ldrb	r2, [r3, #4]
10005602:	438a      	bics	r2, r1
10005604:	711a      	strb	r2, [r3, #4]
10005606:	791a      	ldrb	r2, [r3, #4]
10005608:	9904      	ldr	r1, [sp, #16]
1000560a:	438a      	bics	r2, r1
1000560c:	711a      	strb	r2, [r3, #4]
1000560e:	e7da      	b.n	100055c6 <tud_task_ext+0x60e>
10005610:	f7ff fc42 	bl	10004e98 <tud_umount_cb>
10005614:	e6b2      	b.n	1000537c <tud_task_ext+0x3c4>
10005616:	2100      	movs	r1, #0
10005618:	4658      	mov	r0, fp
1000561a:	f7ff fb13 	bl	10004c44 <dcd_sof_enable>
1000561e:	4658      	mov	r0, fp
10005620:	f7ff fba8 	bl	10004d74 <dcd_edpt_close_all>
10005624:	2200      	movs	r2, #0
10005626:	4692      	mov	sl, r2
10005628:	4a17      	ldr	r2, [pc, #92]	@ (10005688 <tud_task_ext+0x6d0>)
1000562a:	78ab      	ldrb	r3, [r5, #2]
1000562c:	9205      	str	r2, [sp, #20]
1000562e:	4a17      	ldr	r2, [pc, #92]	@ (1000568c <tud_task_ext+0x6d4>)
10005630:	9304      	str	r3, [sp, #16]
10005632:	9206      	str	r2, [sp, #24]
10005634:	002a      	movs	r2, r5
10005636:	4b13      	ldr	r3, [pc, #76]	@ (10005684 <tud_task_ext+0x6cc>)
10005638:	4655      	mov	r5, sl
1000563a:	4698      	mov	r8, r3
1000563c:	4692      	mov	sl, r2
1000563e:	781b      	ldrb	r3, [r3, #0]
10005640:	e00e      	b.n	10005660 <tud_task_ext+0x6a8>
10005642:	9b06      	ldr	r3, [sp, #24]
10005644:	016a      	lsls	r2, r5, #5
10005646:	681b      	ldr	r3, [r3, #0]
10005648:	189b      	adds	r3, r3, r2
1000564a:	2b00      	cmp	r3, #0
1000564c:	d056      	beq.n	100056fc <tud_task_ext+0x744>
1000564e:	68db      	ldr	r3, [r3, #12]
10005650:	4658      	mov	r0, fp
10005652:	4798      	blx	r3
10005654:	4643      	mov	r3, r8
10005656:	3501      	adds	r5, #1
10005658:	781b      	ldrb	r3, [r3, #0]
1000565a:	b2ed      	uxtb	r5, r5
1000565c:	42ab      	cmp	r3, r5
1000565e:	d339      	bcc.n	100056d4 <tud_task_ext+0x71c>
10005660:	429d      	cmp	r5, r3
10005662:	d3ee      	bcc.n	10005642 <tud_task_ext+0x68a>
10005664:	9a05      	ldr	r2, [sp, #20]
10005666:	1aeb      	subs	r3, r5, r3
10005668:	4694      	mov	ip, r2
1000566a:	015b      	lsls	r3, r3, #5
1000566c:	4463      	add	r3, ip
1000566e:	e7ee      	b.n	1000564e <tud_task_ext+0x696>
10005670:	ab0c      	add	r3, sp, #48	@ 0x30
10005672:	1c9a      	adds	r2, r3, #2
10005674:	4658      	mov	r0, fp
10005676:	2301      	movs	r3, #1
10005678:	a90e      	add	r1, sp, #56	@ 0x38
1000567a:	7015      	strb	r5, [r2, #0]
1000567c:	f000 f95a 	bl	10005934 <tud_control_xfer>
10005680:	e4b0      	b.n	10004fe4 <tud_task_ext+0x2c>
10005682:	46c0      	nop			@ (mov r8, r8)
10005684:	20001c59 	.word	0x20001c59
10005688:	10007050 	.word	0x10007050
1000568c:	200013d4 	.word	0x200013d4
10005690:	20001598 	.word	0x20001598
10005694:	10006ff4 	.word	0x10006ff4
10005698:	9a0b      	ldr	r2, [sp, #44]	@ 0x2c
1000569a:	2a01      	cmp	r2, #1
1000569c:	d04d      	beq.n	1000573a <tud_task_ext+0x782>
1000569e:	2a00      	cmp	r2, #0
100056a0:	d03c      	beq.n	1000571c <tud_task_ext+0x764>
100056a2:	2300      	movs	r3, #0
100056a4:	78b0      	ldrb	r0, [r6, #2]
100056a6:	e004      	b.n	100056b2 <tud_task_ext+0x6fa>
100056a8:	3301      	adds	r3, #1
100056aa:	b2db      	uxtb	r3, r3
100056ac:	710f      	strb	r7, [r1, #4]
100056ae:	4293      	cmp	r3, r2
100056b0:	d234      	bcs.n	1000571c <tud_task_ext+0x764>
100056b2:	18c1      	adds	r1, r0, r3
100056b4:	b2c9      	uxtb	r1, r1
100056b6:	4441      	add	r1, r8
100056b8:	790d      	ldrb	r5, [r1, #4]
100056ba:	2dff      	cmp	r5, #255	@ 0xff
100056bc:	d0f4      	beq.n	100056a8 <tud_task_ext+0x6f0>
100056be:	464e      	mov	r6, r9
100056c0:	4645      	mov	r5, r8
100056c2:	4657      	mov	r7, sl
100056c4:	2300      	movs	r3, #0
100056c6:	706b      	strb	r3, [r5, #1]
100056c8:	e515      	b.n	100050f6 <tud_task_ext+0x13e>
100056ca:	464e      	mov	r6, r9
100056cc:	4657      	mov	r7, sl
100056ce:	f7ff fbe1 	bl	10004e94 <tud_mount_cb>
100056d2:	e653      	b.n	1000537c <tud_task_ext+0x3c4>
100056d4:	4655      	mov	r5, sl
100056d6:	2254      	movs	r2, #84	@ 0x54
100056d8:	2100      	movs	r1, #0
100056da:	0028      	movs	r0, r5
100056dc:	f7fd f8b4 	bl	10002848 <__wrap_memset>
100056e0:	2210      	movs	r2, #16
100056e2:	21ff      	movs	r1, #255	@ 0xff
100056e4:	1d28      	adds	r0, r5, #4
100056e6:	f7fd f8af 	bl	10002848 <__wrap_memset>
100056ea:	0028      	movs	r0, r5
100056ec:	2220      	movs	r2, #32
100056ee:	21ff      	movs	r1, #255	@ 0xff
100056f0:	3014      	adds	r0, #20
100056f2:	f7fd f8a9 	bl	10002848 <__wrap_memset>
100056f6:	9b04      	ldr	r3, [sp, #16]
100056f8:	70ab      	strb	r3, [r5, #2]
100056fa:	e661      	b.n	100053c0 <tud_task_ext+0x408>
100056fc:	4655      	mov	r5, sl
100056fe:	e7fa      	b.n	100056f6 <tud_task_ext+0x73e>
10005700:	f7ff fa0e 	bl	10004b20 <tud_descriptor_bos_cb>
10005704:	1e02      	subs	r2, r0, #0
10005706:	d100      	bne.n	1000570a <tud_task_ext+0x752>
10005708:	e4f5      	b.n	100050f6 <tud_task_ext+0x13e>
1000570a:	78d3      	ldrb	r3, [r2, #3]
1000570c:	7891      	ldrb	r1, [r2, #2]
1000570e:	021b      	lsls	r3, r3, #8
10005710:	430b      	orrs	r3, r1
10005712:	4658      	mov	r0, fp
10005714:	a90e      	add	r1, sp, #56	@ 0x38
10005716:	f000 f90d 	bl	10005934 <tud_control_xfer>
1000571a:	e5b8      	b.n	1000528e <tud_task_ext+0x2d6>
1000571c:	4665      	mov	r5, ip
1000571e:	003b      	movs	r3, r7
10005720:	0031      	movs	r1, r6
10005722:	002a      	movs	r2, r5
10005724:	980a      	ldr	r0, [sp, #40]	@ 0x28
10005726:	f000 fd57 	bl	100061d8 <tu_edpt_bind_driver>
1000572a:	46ac      	mov	ip, r5
1000572c:	9b04      	ldr	r3, [sp, #16]
1000572e:	4466      	add	r6, ip
10005730:	781b      	ldrb	r3, [r3, #0]
10005732:	42bb      	cmp	r3, r7
10005734:	d300      	bcc.n	10005738 <tud_task_ext+0x780>
10005736:	e678      	b.n	1000542a <tud_task_ext+0x472>
10005738:	e7c1      	b.n	100056be <tud_task_ext+0x706>
1000573a:	4b17      	ldr	r3, [pc, #92]	@ (10005798 <tud_task_ext+0x7e0>)
1000573c:	6929      	ldr	r1, [r5, #16]
1000573e:	4299      	cmp	r1, r3
10005740:	d1af      	bne.n	100056a2 <tud_task_ext+0x6ea>
10005742:	9a07      	ldr	r2, [sp, #28]
10005744:	e7ad      	b.n	100056a2 <tud_task_ext+0x6ea>
10005746:	f7ff fba1 	bl	10004e8c <tud_descriptor_device_qualifier_cb>
1000574a:	1e02      	subs	r2, r0, #0
1000574c:	d100      	bne.n	10005750 <tud_task_ext+0x798>
1000574e:	e4d2      	b.n	100050f6 <tud_task_ext+0x13e>
10005750:	4658      	mov	r0, fp
10005752:	7813      	ldrb	r3, [r2, #0]
10005754:	a90e      	add	r1, sp, #56	@ 0x38
10005756:	f000 f8ed 	bl	10005934 <tud_control_xfer>
1000575a:	e598      	b.n	1000528e <tud_task_ext+0x2d6>
1000575c:	8921      	ldrh	r1, [r4, #8]
1000575e:	f7ff f857 	bl	10004810 <tud_descriptor_string_cb>
10005762:	1e02      	subs	r2, r0, #0
10005764:	d1f4      	bne.n	10005750 <tud_task_ext+0x798>
10005766:	e4c6      	b.n	100050f6 <tud_task_ext+0x13e>
10005768:	2a02      	cmp	r2, #2
1000576a:	d00f      	beq.n	1000578c <tud_task_ext+0x7d4>
1000576c:	f7ff fb90 	bl	10004e90 <tud_descriptor_other_speed_configuration_cb>
10005770:	1e02      	subs	r2, r0, #0
10005772:	d1ca      	bne.n	1000570a <tud_task_ext+0x752>
10005774:	e4bf      	b.n	100050f6 <tud_task_ext+0x13e>
10005776:	f7ff f843 	bl	10004800 <tud_descriptor_device_cb>
1000577a:	1e02      	subs	r2, r0, #0
1000577c:	d100      	bne.n	10005780 <tud_task_ext+0x7c8>
1000577e:	e4ba      	b.n	100050f6 <tud_task_ext+0x13e>
10005780:	2312      	movs	r3, #18
10005782:	4658      	mov	r0, fp
10005784:	a90e      	add	r1, sp, #56	@ 0x38
10005786:	f000 f8d5 	bl	10005934 <tud_control_xfer>
1000578a:	e580      	b.n	1000528e <tud_task_ext+0x2d6>
1000578c:	f7ff f83c 	bl	10004808 <tud_descriptor_configuration_cb>
10005790:	1e02      	subs	r2, r0, #0
10005792:	d1ba      	bne.n	1000570a <tud_task_ext+0x752>
10005794:	e4af      	b.n	100050f6 <tud_task_ext+0x13e>
10005796:	46c0      	nop			@ (mov r8, r8)
10005798:	10005dfd 	.word	0x10005dfd

1000579c <usbd_open_edpt_pair>:
1000579c:	b5f8      	push	{r3, r4, r5, r6, r7, lr}
1000579e:	4657      	mov	r7, sl
100057a0:	464e      	mov	r6, r9
100057a2:	46de      	mov	lr, fp
100057a4:	4645      	mov	r5, r8
100057a6:	000c      	movs	r4, r1
100057a8:	b5e0      	push	{r5, r6, r7, lr}
100057aa:	0016      	movs	r6, r2
100057ac:	001f      	movs	r7, r3
100057ae:	2a00      	cmp	r2, #0
100057b0:	d03c      	beq.n	1000582c <usbd_open_edpt_pair+0x90>
100057b2:	4b1f      	ldr	r3, [pc, #124]	@ (10005830 <usbd_open_edpt_pair+0x94>)
100057b4:	2500      	movs	r5, #0
100057b6:	469a      	mov	sl, r3
100057b8:	2370      	movs	r3, #112	@ 0x70
100057ba:	4699      	mov	r9, r3
100057bc:	4b1d      	ldr	r3, [pc, #116]	@ (10005834 <usbd_open_edpt_pair+0x98>)
100057be:	469b      	mov	fp, r3
100057c0:	e017      	b.n	100057f2 <usbd_open_edpt_pair+0x56>
100057c2:	465b      	mov	r3, fp
100057c4:	0020      	movs	r0, r4
100057c6:	7899      	ldrb	r1, [r3, #2]
100057c8:	f000 fcc8 	bl	1000615c <tu_edpt_validate>
100057cc:	2800      	cmp	r0, #0
100057ce:	d01f      	beq.n	10005810 <usbd_open_edpt_pair+0x74>
100057d0:	0021      	movs	r1, r4
100057d2:	4640      	mov	r0, r8
100057d4:	f7ff fa52 	bl	10004c7c <dcd_edpt_open>
100057d8:	2800      	cmp	r0, #0
100057da:	d019      	beq.n	10005810 <usbd_open_edpt_pair+0x74>
100057dc:	78a3      	ldrb	r3, [r4, #2]
100057de:	09da      	lsrs	r2, r3, #7
100057e0:	2a01      	cmp	r2, #1
100057e2:	d01c      	beq.n	1000581e <usbd_open_edpt_pair+0x82>
100057e4:	9a0a      	ldr	r2, [sp, #40]	@ 0x28
100057e6:	3501      	adds	r5, #1
100057e8:	7013      	strb	r3, [r2, #0]
100057ea:	7823      	ldrb	r3, [r4, #0]
100057ec:	18e4      	adds	r4, r4, r3
100057ee:	42b5      	cmp	r5, r6
100057f0:	da1c      	bge.n	1000582c <usbd_open_edpt_pair+0x90>
100057f2:	7863      	ldrb	r3, [r4, #1]
100057f4:	2b05      	cmp	r3, #5
100057f6:	d10b      	bne.n	10005810 <usbd_open_edpt_pair+0x74>
100057f8:	78e3      	ldrb	r3, [r4, #3]
100057fa:	079b      	lsls	r3, r3, #30
100057fc:	0f9b      	lsrs	r3, r3, #30
100057fe:	42bb      	cmp	r3, r7
10005800:	d106      	bne.n	10005810 <usbd_open_edpt_pair+0x74>
10005802:	4653      	mov	r3, sl
10005804:	464a      	mov	r2, r9
10005806:	781b      	ldrb	r3, [r3, #0]
10005808:	4698      	mov	r8, r3
1000580a:	78a3      	ldrb	r3, [r4, #2]
1000580c:	421a      	tst	r2, r3
1000580e:	d0d8      	beq.n	100057c2 <usbd_open_edpt_pair+0x26>
10005810:	2000      	movs	r0, #0
10005812:	bcf0      	pop	{r4, r5, r6, r7}
10005814:	46bb      	mov	fp, r7
10005816:	46b2      	mov	sl, r6
10005818:	46a9      	mov	r9, r5
1000581a:	46a0      	mov	r8, r4
1000581c:	bdf8      	pop	{r3, r4, r5, r6, r7, pc}
1000581e:	9a0b      	ldr	r2, [sp, #44]	@ 0x2c
10005820:	3501      	adds	r5, #1
10005822:	7013      	strb	r3, [r2, #0]
10005824:	7823      	ldrb	r3, [r4, #0]
10005826:	18e4      	adds	r4, r4, r3
10005828:	42b5      	cmp	r5, r6
1000582a:	dbe2      	blt.n	100057f2 <usbd_open_edpt_pair+0x56>
1000582c:	2001      	movs	r0, #1
1000582e:	e7f0      	b.n	10005812 <usbd_open_edpt_pair+0x76>
10005830:	20001034 	.word	0x20001034
10005834:	20001584 	.word	0x20001584

10005838 <usbd_edpt_open>:
10005838:	2270      	movs	r2, #112	@ 0x70
1000583a:	b570      	push	{r4, r5, r6, lr}
1000583c:	4b09      	ldr	r3, [pc, #36]	@ (10005864 <usbd_edpt_open+0x2c>)
1000583e:	000c      	movs	r4, r1
10005840:	781d      	ldrb	r5, [r3, #0]
10005842:	788b      	ldrb	r3, [r1, #2]
10005844:	421a      	tst	r2, r3
10005846:	d001      	beq.n	1000584c <usbd_edpt_open+0x14>
10005848:	2000      	movs	r0, #0
1000584a:	bd70      	pop	{r4, r5, r6, pc}
1000584c:	4b06      	ldr	r3, [pc, #24]	@ (10005868 <usbd_edpt_open+0x30>)
1000584e:	0020      	movs	r0, r4
10005850:	7899      	ldrb	r1, [r3, #2]
10005852:	f000 fc83 	bl	1000615c <tu_edpt_validate>
10005856:	2800      	cmp	r0, #0
10005858:	d0f6      	beq.n	10005848 <usbd_edpt_open+0x10>
1000585a:	0021      	movs	r1, r4
1000585c:	0028      	movs	r0, r5
1000585e:	f7ff fa0d 	bl	10004c7c <dcd_edpt_open>
10005862:	e7f2      	b.n	1000584a <usbd_edpt_open+0x12>
10005864:	20001034 	.word	0x20001034
10005868:	20001584 	.word	0x20001584

1000586c <usbd_edpt_claim>:
1000586c:	000b      	movs	r3, r1
1000586e:	207f      	movs	r0, #127	@ 0x7f
10005870:	b510      	push	{r4, lr}
10005872:	4018      	ands	r0, r3
10005874:	09db      	lsrs	r3, r3, #7
10005876:	3334      	adds	r3, #52	@ 0x34
10005878:	0040      	lsls	r0, r0, #1
1000587a:	4a04      	ldr	r2, [pc, #16]	@ (1000588c <usbd_edpt_claim+0x20>)
1000587c:	18c0      	adds	r0, r0, r3
1000587e:	4b04      	ldr	r3, [pc, #16]	@ (10005890 <usbd_edpt_claim+0x24>)
10005880:	6811      	ldr	r1, [r2, #0]
10005882:	18c0      	adds	r0, r0, r3
10005884:	f000 fc26 	bl	100060d4 <tu_edpt_claim>
10005888:	bd10      	pop	{r4, pc}
1000588a:	46c0      	nop			@ (mov r8, r8)
1000588c:	200015d8 	.word	0x200015d8
10005890:	20001584 	.word	0x20001584

10005894 <usbd_edpt_release>:
10005894:	000b      	movs	r3, r1
10005896:	207f      	movs	r0, #127	@ 0x7f
10005898:	b510      	push	{r4, lr}
1000589a:	4018      	ands	r0, r3
1000589c:	09db      	lsrs	r3, r3, #7
1000589e:	3334      	adds	r3, #52	@ 0x34
100058a0:	0040      	lsls	r0, r0, #1
100058a2:	4a04      	ldr	r2, [pc, #16]	@ (100058b4 <usbd_edpt_release+0x20>)
100058a4:	18c0      	adds	r0, r0, r3
100058a6:	4b04      	ldr	r3, [pc, #16]	@ (100058b8 <usbd_edpt_release+0x24>)
100058a8:	6811      	ldr	r1, [r2, #0]
100058aa:	18c0      	adds	r0, r0, r3
100058ac:	f000 fc3a 	bl	10006124 <tu_edpt_release>
100058b0:	bd10      	pop	{r4, pc}
100058b2:	46c0      	nop			@ (mov r8, r8)
100058b4:	200015d8 	.word	0x200015d8
100058b8:	20001584 	.word	0x20001584

100058bc <usbd_edpt_xfer>:
100058bc:	b570      	push	{r4, r5, r6, lr}
100058be:	247f      	movs	r4, #127	@ 0x7f
100058c0:	480f      	ldr	r0, [pc, #60]	@ (10005900 <usbd_edpt_xfer+0x44>)
100058c2:	400c      	ands	r4, r1
100058c4:	0064      	lsls	r4, r4, #1
100058c6:	1904      	adds	r4, r0, r4
100058c8:	09cd      	lsrs	r5, r1, #7
100058ca:	1964      	adds	r4, r4, r5
100058cc:	3430      	adds	r4, #48	@ 0x30
100058ce:	7920      	ldrb	r0, [r4, #4]
100058d0:	07c0      	lsls	r0, r0, #31
100058d2:	d501      	bpl.n	100058d8 <usbd_edpt_xfer+0x1c>
100058d4:	2000      	movs	r0, #0
100058d6:	bd70      	pop	{r4, r5, r6, pc}
100058d8:	2601      	movs	r6, #1
100058da:	7925      	ldrb	r5, [r4, #4]
100058dc:	4809      	ldr	r0, [pc, #36]	@ (10005904 <usbd_edpt_xfer+0x48>)
100058de:	4335      	orrs	r5, r6
100058e0:	7800      	ldrb	r0, [r0, #0]
100058e2:	7125      	strb	r5, [r4, #4]
100058e4:	f7ff fa4a 	bl	10004d7c <dcd_edpt_xfer>
100058e8:	2800      	cmp	r0, #0
100058ea:	d1f4      	bne.n	100058d6 <usbd_edpt_xfer+0x1a>
100058ec:	2201      	movs	r2, #1
100058ee:	7923      	ldrb	r3, [r4, #4]
100058f0:	4393      	bics	r3, r2
100058f2:	7123      	strb	r3, [r4, #4]
100058f4:	7923      	ldrb	r3, [r4, #4]
100058f6:	3203      	adds	r2, #3
100058f8:	4393      	bics	r3, r2
100058fa:	7123      	strb	r3, [r4, #4]
100058fc:	e7ea      	b.n	100058d4 <usbd_edpt_xfer+0x18>
100058fe:	46c0      	nop			@ (mov r8, r8)
10005900:	20001584 	.word	0x20001584
10005904:	20001034 	.word	0x20001034

10005908 <tud_control_status>:
10005908:	b570      	push	{r4, r5, r6, lr}
1000590a:	4c09      	ldr	r4, [pc, #36]	@ (10005930 <tud_control_status+0x28>)
1000590c:	0006      	movs	r6, r0
1000590e:	2208      	movs	r2, #8
10005910:	0020      	movs	r0, r4
10005912:	000d      	movs	r5, r1
10005914:	f7fc ff9e 	bl	10002854 <__wrap___aeabi_memcpy>
10005918:	2300      	movs	r3, #0
1000591a:	2180      	movs	r1, #128	@ 0x80
1000591c:	60e3      	str	r3, [r4, #12]
1000591e:	60a3      	str	r3, [r4, #8]
10005920:	782b      	ldrb	r3, [r5, #0]
10005922:	0030      	movs	r0, r6
10005924:	4399      	bics	r1, r3
10005926:	2200      	movs	r2, #0
10005928:	2300      	movs	r3, #0
1000592a:	f7ff ffc7 	bl	100058bc <usbd_edpt_xfer>
1000592e:	bd70      	pop	{r4, r5, r6, pc}
10005930:	20001564 	.word	0x20001564

10005934 <tud_control_xfer>:
10005934:	b5f8      	push	{r3, r4, r5, r6, r7, lr}
10005936:	46ce      	mov	lr, r9
10005938:	4647      	mov	r7, r8
1000593a:	4690      	mov	r8, r2
1000593c:	4e26      	ldr	r6, [pc, #152]	@ (100059d8 <tud_control_xfer+0xa4>)
1000593e:	b580      	push	{r7, lr}
10005940:	4681      	mov	r9, r0
10005942:	2208      	movs	r2, #8
10005944:	0030      	movs	r0, r6
10005946:	000d      	movs	r5, r1
10005948:	001f      	movs	r7, r3
1000594a:	f7fc ff83 	bl	10002854 <__wrap___aeabi_memcpy>
1000594e:	4643      	mov	r3, r8
10005950:	60b3      	str	r3, [r6, #8]
10005952:	2300      	movs	r3, #0
10005954:	81f3      	strh	r3, [r6, #14]
10005956:	79ec      	ldrb	r4, [r5, #7]
10005958:	79ab      	ldrb	r3, [r5, #6]
1000595a:	0224      	lsls	r4, r4, #8
1000595c:	431c      	orrs	r4, r3
1000595e:	1c23      	adds	r3, r4, #0
10005960:	42bc      	cmp	r4, r7
10005962:	d900      	bls.n	10005966 <tud_control_xfer+0x32>
10005964:	1c3b      	adds	r3, r7, #0
10005966:	b29f      	uxth	r7, r3
10005968:	81b3      	strh	r3, [r6, #12]
1000596a:	2c00      	cmp	r4, #0
1000596c:	d00e      	beq.n	1000598c <tud_control_xfer+0x58>
1000596e:	2f00      	cmp	r7, #0
10005970:	d018      	beq.n	100059a4 <tud_control_xfer+0x70>
10005972:	4643      	mov	r3, r8
10005974:	2b00      	cmp	r3, #0
10005976:	d02c      	beq.n	100059d2 <tud_control_xfer+0x9e>
10005978:	1c3b      	adds	r3, r7, #0
1000597a:	2f40      	cmp	r7, #64	@ 0x40
1000597c:	d81b      	bhi.n	100059b6 <tud_control_xfer+0x82>
1000597e:	b29f      	uxth	r7, r3
10005980:	7833      	ldrb	r3, [r6, #0]
10005982:	2b7f      	cmp	r3, #127	@ 0x7f
10005984:	d81c      	bhi.n	100059c0 <tud_control_xfer+0x8c>
10005986:	2100      	movs	r1, #0
10005988:	4a14      	ldr	r2, [pc, #80]	@ (100059dc <tud_control_xfer+0xa8>)
1000598a:	e00f      	b.n	100059ac <tud_control_xfer+0x78>
1000598c:	2180      	movs	r1, #128	@ 0x80
1000598e:	782b      	ldrb	r3, [r5, #0]
10005990:	2200      	movs	r2, #0
10005992:	4399      	bics	r1, r3
10005994:	4648      	mov	r0, r9
10005996:	2300      	movs	r3, #0
10005998:	f7ff ff90 	bl	100058bc <usbd_edpt_xfer>
1000599c:	bcc0      	pop	{r6, r7}
1000599e:	46b9      	mov	r9, r7
100059a0:	46b0      	mov	r8, r6
100059a2:	bdf8      	pop	{r3, r4, r5, r6, r7, pc}
100059a4:	237f      	movs	r3, #127	@ 0x7f
100059a6:	2200      	movs	r2, #0
100059a8:	7831      	ldrb	r1, [r6, #0]
100059aa:	4399      	bics	r1, r3
100059ac:	003b      	movs	r3, r7
100059ae:	4648      	mov	r0, r9
100059b0:	f7ff ff84 	bl	100058bc <usbd_edpt_xfer>
100059b4:	e7f2      	b.n	1000599c <tud_control_xfer+0x68>
100059b6:	2340      	movs	r3, #64	@ 0x40
100059b8:	b29f      	uxth	r7, r3
100059ba:	7833      	ldrb	r3, [r6, #0]
100059bc:	2b7f      	cmp	r3, #127	@ 0x7f
100059be:	d9e2      	bls.n	10005986 <tud_control_xfer+0x52>
100059c0:	4c06      	ldr	r4, [pc, #24]	@ (100059dc <tud_control_xfer+0xa8>)
100059c2:	003a      	movs	r2, r7
100059c4:	4641      	mov	r1, r8
100059c6:	0020      	movs	r0, r4
100059c8:	f7fc ff44 	bl	10002854 <__wrap___aeabi_memcpy>
100059cc:	2180      	movs	r1, #128	@ 0x80
100059ce:	0022      	movs	r2, r4
100059d0:	e7ec      	b.n	100059ac <tud_control_xfer+0x78>
100059d2:	2000      	movs	r0, #0
100059d4:	e7e2      	b.n	1000599c <tud_control_xfer+0x68>
100059d6:	46c0      	nop			@ (mov r8, r8)
100059d8:	20001564 	.word	0x20001564
100059dc:	20001524 	.word	0x20001524

100059e0 <usbd_control_reset>:
100059e0:	b510      	push	{r4, lr}
100059e2:	2214      	movs	r2, #20
100059e4:	2100      	movs	r1, #0
100059e6:	4802      	ldr	r0, [pc, #8]	@ (100059f0 <usbd_control_reset+0x10>)
100059e8:	f7fc ff2e 	bl	10002848 <__wrap_memset>
100059ec:	bd10      	pop	{r4, pc}
100059ee:	46c0      	nop			@ (mov r8, r8)
100059f0:	20001564 	.word	0x20001564

100059f4 <usbd_control_set_complete_callback>:
100059f4:	4b01      	ldr	r3, [pc, #4]	@ (100059fc <usbd_control_set_complete_callback+0x8>)
100059f6:	6118      	str	r0, [r3, #16]
100059f8:	4770      	bx	lr
100059fa:	46c0      	nop			@ (mov r8, r8)
100059fc:	20001564 	.word	0x20001564

10005a00 <usbd_control_set_request>:
10005a00:	b510      	push	{r4, lr}
10005a02:	4c05      	ldr	r4, [pc, #20]	@ (10005a18 <usbd_control_set_request+0x18>)
10005a04:	0001      	movs	r1, r0
10005a06:	2208      	movs	r2, #8
10005a08:	0020      	movs	r0, r4
10005a0a:	f7fc ff23 	bl	10002854 <__wrap___aeabi_memcpy>
10005a0e:	2300      	movs	r3, #0
10005a10:	60a3      	str	r3, [r4, #8]
10005a12:	60e3      	str	r3, [r4, #12]
10005a14:	bd10      	pop	{r4, pc}
10005a16:	46c0      	nop			@ (mov r8, r8)
10005a18:	20001564 	.word	0x20001564

10005a1c <usbd_control_xfer_cb>:
10005a1c:	b570      	push	{r4, r5, r6, lr}
10005a1e:	4c38      	ldr	r4, [pc, #224]	@ (10005b00 <usbd_control_xfer_cb+0xe4>)
10005a20:	001d      	movs	r5, r3
10005a22:	7823      	ldrb	r3, [r4, #0]
10005a24:	0006      	movs	r6, r0
10005a26:	09da      	lsrs	r2, r3, #7
10005a28:	09c9      	lsrs	r1, r1, #7
10005a2a:	428a      	cmp	r2, r1
10005a2c:	d010      	beq.n	10005a50 <usbd_control_xfer_cb+0x34>
10005a2e:	2000      	movs	r0, #0
10005a30:	2d00      	cmp	r5, #0
10005a32:	d000      	beq.n	10005a36 <usbd_control_xfer_cb+0x1a>
10005a34:	bd70      	pop	{r4, r5, r6, pc}
10005a36:	0021      	movs	r1, r4
10005a38:	0030      	movs	r0, r6
10005a3a:	f7ff f911 	bl	10004c60 <dcd_edpt0_status_complete>
10005a3e:	6923      	ldr	r3, [r4, #16]
10005a40:	2b00      	cmp	r3, #0
10005a42:	d003      	beq.n	10005a4c <usbd_control_xfer_cb+0x30>
10005a44:	0022      	movs	r2, r4
10005a46:	2103      	movs	r1, #3
10005a48:	0030      	movs	r0, r6
10005a4a:	4798      	blx	r3
10005a4c:	2001      	movs	r0, #1
10005a4e:	e7f1      	b.n	10005a34 <usbd_control_xfer_cb+0x18>
10005a50:	68a0      	ldr	r0, [r4, #8]
10005a52:	2b7f      	cmp	r3, #127	@ 0x7f
10005a54:	d805      	bhi.n	10005a62 <usbd_control_xfer_cb+0x46>
10005a56:	2800      	cmp	r0, #0
10005a58:	d034      	beq.n	10005ac4 <usbd_control_xfer_cb+0xa8>
10005a5a:	002a      	movs	r2, r5
10005a5c:	4929      	ldr	r1, [pc, #164]	@ (10005b04 <usbd_control_xfer_cb+0xe8>)
10005a5e:	f7fc fef9 	bl	10002854 <__wrap___aeabi_memcpy>
10005a62:	89e2      	ldrh	r2, [r4, #14]
10005a64:	68a1      	ldr	r1, [r4, #8]
10005a66:	1952      	adds	r2, r2, r5
10005a68:	88e3      	ldrh	r3, [r4, #6]
10005a6a:	b292      	uxth	r2, r2
10005a6c:	1949      	adds	r1, r1, r5
10005a6e:	81e2      	strh	r2, [r4, #14]
10005a70:	60a1      	str	r1, [r4, #8]
10005a72:	4293      	cmp	r3, r2
10005a74:	d014      	beq.n	10005aa0 <usbd_control_xfer_cb+0x84>
10005a76:	2d3f      	cmp	r5, #63	@ 0x3f
10005a78:	d912      	bls.n	10005aa0 <usbd_control_xfer_cb+0x84>
10005a7a:	89a3      	ldrh	r3, [r4, #12]
10005a7c:	1a98      	subs	r0, r3, r2
10005a7e:	1c05      	adds	r5, r0, #0
10005a80:	b280      	uxth	r0, r0
10005a82:	2840      	cmp	r0, #64	@ 0x40
10005a84:	d82a      	bhi.n	10005adc <usbd_control_xfer_cb+0xc0>
10005a86:	7820      	ldrb	r0, [r4, #0]
10005a88:	b2ad      	uxth	r5, r5
10005a8a:	287f      	cmp	r0, #127	@ 0x7f
10005a8c:	d828      	bhi.n	10005ae0 <usbd_control_xfer_cb+0xc4>
10005a8e:	2100      	movs	r1, #0
10005a90:	429a      	cmp	r2, r3
10005a92:	d032      	beq.n	10005afa <usbd_control_xfer_cb+0xde>
10005a94:	4a1b      	ldr	r2, [pc, #108]	@ (10005b04 <usbd_control_xfer_cb+0xe8>)
10005a96:	002b      	movs	r3, r5
10005a98:	0030      	movs	r0, r6
10005a9a:	f7ff ff0f 	bl	100058bc <usbd_edpt_xfer>
10005a9e:	e7c9      	b.n	10005a34 <usbd_control_xfer_cb+0x18>
10005aa0:	6923      	ldr	r3, [r4, #16]
10005aa2:	2b00      	cmp	r3, #0
10005aa4:	d005      	beq.n	10005ab2 <usbd_control_xfer_cb+0x96>
10005aa6:	0022      	movs	r2, r4
10005aa8:	2102      	movs	r1, #2
10005aaa:	0030      	movs	r0, r6
10005aac:	4798      	blx	r3
10005aae:	2800      	cmp	r0, #0
10005ab0:	d00a      	beq.n	10005ac8 <usbd_control_xfer_cb+0xac>
10005ab2:	2180      	movs	r1, #128	@ 0x80
10005ab4:	7823      	ldrb	r3, [r4, #0]
10005ab6:	2200      	movs	r2, #0
10005ab8:	4399      	bics	r1, r3
10005aba:	0030      	movs	r0, r6
10005abc:	2300      	movs	r3, #0
10005abe:	f7ff fefd 	bl	100058bc <usbd_edpt_xfer>
10005ac2:	e7b7      	b.n	10005a34 <usbd_control_xfer_cb+0x18>
10005ac4:	2000      	movs	r0, #0
10005ac6:	e7b5      	b.n	10005a34 <usbd_control_xfer_cb+0x18>
10005ac8:	2100      	movs	r1, #0
10005aca:	0030      	movs	r0, r6
10005acc:	f7ff f968 	bl	10004da0 <dcd_edpt_stall>
10005ad0:	0030      	movs	r0, r6
10005ad2:	2180      	movs	r1, #128	@ 0x80
10005ad4:	f7ff f964 	bl	10004da0 <dcd_edpt_stall>
10005ad8:	2001      	movs	r0, #1
10005ada:	e7ab      	b.n	10005a34 <usbd_control_xfer_cb+0x18>
10005adc:	2540      	movs	r5, #64	@ 0x40
10005ade:	e7d2      	b.n	10005a86 <usbd_control_xfer_cb+0x6a>
10005ae0:	429a      	cmp	r2, r3
10005ae2:	d007      	beq.n	10005af4 <usbd_control_xfer_cb+0xd8>
10005ae4:	4c07      	ldr	r4, [pc, #28]	@ (10005b04 <usbd_control_xfer_cb+0xe8>)
10005ae6:	002a      	movs	r2, r5
10005ae8:	0020      	movs	r0, r4
10005aea:	f7fc feb3 	bl	10002854 <__wrap___aeabi_memcpy>
10005aee:	2180      	movs	r1, #128	@ 0x80
10005af0:	0022      	movs	r2, r4
10005af2:	e7d0      	b.n	10005a96 <usbd_control_xfer_cb+0x7a>
10005af4:	2180      	movs	r1, #128	@ 0x80
10005af6:	2200      	movs	r2, #0
10005af8:	e7cd      	b.n	10005a96 <usbd_control_xfer_cb+0x7a>
10005afa:	2200      	movs	r2, #0
10005afc:	e7cb      	b.n	10005a96 <usbd_control_xfer_cb+0x7a>
10005afe:	46c0      	nop			@ (mov r8, r8)
10005b00:	20001564 	.word	0x20001564
10005b04:	20001524 	.word	0x20001524

10005b08 <_prep_out_transaction.isra.0>:
10005b08:	b570      	push	{r4, r5, r6, lr}
10005b0a:	0005      	movs	r5, r0
10005b0c:	f7ff f9ca 	bl	10004ea4 <tud_mounted>
10005b10:	2800      	cmp	r0, #0
10005b12:	d100      	bne.n	10005b16 <_prep_out_transaction.isra.0+0xe>
10005b14:	bd70      	pop	{r4, r5, r6, pc}
10005b16:	f7ff f9cd 	bl	10004eb4 <tud_suspended>
10005b1a:	2800      	cmp	r0, #0
10005b1c:	d1fa      	bne.n	10005b14 <_prep_out_transaction.isra.0+0xc>
10005b1e:	23c8      	movs	r3, #200	@ 0xc8
10005b20:	436b      	muls	r3, r5
10005b22:	4c12      	ldr	r4, [pc, #72]	@ (10005b6c <_prep_out_transaction.isra.0+0x64>)
10005b24:	18e6      	adds	r6, r4, r3
10005b26:	78f1      	ldrb	r1, [r6, #3]
10005b28:	2900      	cmp	r1, #0
10005b2a:	d0f3      	beq.n	10005b14 <_prep_out_transaction.isra.0+0xc>
10005b2c:	3310      	adds	r3, #16
10005b2e:	191c      	adds	r4, r3, r4
10005b30:	0020      	movs	r0, r4
10005b32:	f000 fbbf 	bl	100062b4 <tu_fifo_remaining>
10005b36:	283f      	cmp	r0, #63	@ 0x3f
10005b38:	d9ec      	bls.n	10005b14 <_prep_out_transaction.isra.0+0xc>
10005b3a:	2000      	movs	r0, #0
10005b3c:	78f1      	ldrb	r1, [r6, #3]
10005b3e:	f7ff fe95 	bl	1000586c <usbd_edpt_claim>
10005b42:	2800      	cmp	r0, #0
10005b44:	d0e6      	beq.n	10005b14 <_prep_out_transaction.isra.0+0xc>
10005b46:	0020      	movs	r0, r4
10005b48:	f000 fbb4 	bl	100062b4 <tu_fifo_remaining>
10005b4c:	283f      	cmp	r0, #63	@ 0x3f
10005b4e:	d908      	bls.n	10005b62 <_prep_out_transaction.isra.0+0x5a>
10005b50:	4b07      	ldr	r3, [pc, #28]	@ (10005b70 <_prep_out_transaction.isra.0+0x68>)
10005b52:	01ea      	lsls	r2, r5, #7
10005b54:	18d2      	adds	r2, r2, r3
10005b56:	78f1      	ldrb	r1, [r6, #3]
10005b58:	2340      	movs	r3, #64	@ 0x40
10005b5a:	2000      	movs	r0, #0
10005b5c:	f7ff feae 	bl	100058bc <usbd_edpt_xfer>
10005b60:	e7d8      	b.n	10005b14 <_prep_out_transaction.isra.0+0xc>
10005b62:	78f1      	ldrb	r1, [r6, #3]
10005b64:	2000      	movs	r0, #0
10005b66:	f7ff fe95 	bl	10005894 <usbd_edpt_release>
10005b6a:	e7d3      	b.n	10005b14 <_prep_out_transaction.isra.0+0xc>
10005b6c:	2000145c 	.word	0x2000145c
10005b70:	200013d8 	.word	0x200013d8

10005b74 <tud_cdc_n_connected>:
10005b74:	b510      	push	{r4, lr}
10005b76:	0004      	movs	r4, r0
10005b78:	f7ff f994 	bl	10004ea4 <tud_mounted>
10005b7c:	2800      	cmp	r0, #0
10005b7e:	d101      	bne.n	10005b84 <tud_cdc_n_connected+0x10>
10005b80:	2000      	movs	r0, #0
10005b82:	bd10      	pop	{r4, pc}
10005b84:	f7ff f996 	bl	10004eb4 <tud_suspended>
10005b88:	2800      	cmp	r0, #0
10005b8a:	d1f9      	bne.n	10005b80 <tud_cdc_n_connected+0xc>
10005b8c:	22c8      	movs	r2, #200	@ 0xc8
10005b8e:	4362      	muls	r2, r4
10005b90:	4b02      	ldr	r3, [pc, #8]	@ (10005b9c <tud_cdc_n_connected+0x28>)
10005b92:	3001      	adds	r0, #1
10005b94:	189b      	adds	r3, r3, r2
10005b96:	791b      	ldrb	r3, [r3, #4]
10005b98:	4018      	ands	r0, r3
10005b9a:	e7f2      	b.n	10005b82 <tud_cdc_n_connected+0xe>
10005b9c:	2000145c 	.word	0x2000145c

10005ba0 <tud_cdc_n_available>:
10005ba0:	23c8      	movs	r3, #200	@ 0xc8
10005ba2:	b510      	push	{r4, lr}
10005ba4:	4343      	muls	r3, r0
10005ba6:	4802      	ldr	r0, [pc, #8]	@ (10005bb0 <tud_cdc_n_available+0x10>)
10005ba8:	1818      	adds	r0, r3, r0
10005baa:	f000 fb65 	bl	10006278 <tu_fifo_count>
10005bae:	bd10      	pop	{r4, pc}
10005bb0:	2000146c 	.word	0x2000146c

10005bb4 <tud_cdc_n_read>:
10005bb4:	b5f0      	push	{r4, r5, r6, r7, lr}
10005bb6:	24c8      	movs	r4, #200	@ 0xc8
10005bb8:	46c6      	mov	lr, r8
10005bba:	2380      	movs	r3, #128	@ 0x80
10005bbc:	4344      	muls	r4, r0
10005bbe:	4f1f      	ldr	r7, [pc, #124]	@ (10005c3c <tud_cdc_n_read+0x88>)
10005bc0:	3410      	adds	r4, #16
10005bc2:	0005      	movs	r5, r0
10005bc4:	b500      	push	{lr}
10005bc6:	193c      	adds	r4, r7, r4
10005bc8:	025b      	lsls	r3, r3, #9
10005bca:	429a      	cmp	r2, r3
10005bcc:	d300      	bcc.n	10005bd0 <tud_cdc_n_read+0x1c>
10005bce:	4a1c      	ldr	r2, [pc, #112]	@ (10005c40 <tud_cdc_n_read+0x8c>)
10005bd0:	0020      	movs	r0, r4
10005bd2:	b292      	uxth	r2, r2
10005bd4:	f000 fbd2 	bl	1000637c <tu_fifo_read_n>
10005bd8:	4680      	mov	r8, r0
10005bda:	f7ff f963 	bl	10004ea4 <tud_mounted>
10005bde:	2800      	cmp	r0, #0
10005be0:	d103      	bne.n	10005bea <tud_cdc_n_read+0x36>
10005be2:	4640      	mov	r0, r8
10005be4:	bc80      	pop	{r7}
10005be6:	46b8      	mov	r8, r7
10005be8:	bdf0      	pop	{r4, r5, r6, r7, pc}
10005bea:	f7ff f963 	bl	10004eb4 <tud_suspended>
10005bee:	2800      	cmp	r0, #0
10005bf0:	d1f7      	bne.n	10005be2 <tud_cdc_n_read+0x2e>
10005bf2:	26c8      	movs	r6, #200	@ 0xc8
10005bf4:	436e      	muls	r6, r5
10005bf6:	19be      	adds	r6, r7, r6
10005bf8:	78f3      	ldrb	r3, [r6, #3]
10005bfa:	2b00      	cmp	r3, #0
10005bfc:	d0f1      	beq.n	10005be2 <tud_cdc_n_read+0x2e>
10005bfe:	0020      	movs	r0, r4
10005c00:	f000 fb58 	bl	100062b4 <tu_fifo_remaining>
10005c04:	283f      	cmp	r0, #63	@ 0x3f
10005c06:	d9ec      	bls.n	10005be2 <tud_cdc_n_read+0x2e>
10005c08:	2000      	movs	r0, #0
10005c0a:	78f1      	ldrb	r1, [r6, #3]
10005c0c:	f7ff fe2e 	bl	1000586c <usbd_edpt_claim>
10005c10:	2800      	cmp	r0, #0
10005c12:	d0e6      	beq.n	10005be2 <tud_cdc_n_read+0x2e>
10005c14:	0020      	movs	r0, r4
10005c16:	f000 fb4d 	bl	100062b4 <tu_fifo_remaining>
10005c1a:	283f      	cmp	r0, #63	@ 0x3f
10005c1c:	d908      	bls.n	10005c30 <tud_cdc_n_read+0x7c>
10005c1e:	4b09      	ldr	r3, [pc, #36]	@ (10005c44 <tud_cdc_n_read+0x90>)
10005c20:	01ea      	lsls	r2, r5, #7
10005c22:	18d2      	adds	r2, r2, r3
10005c24:	78f1      	ldrb	r1, [r6, #3]
10005c26:	2340      	movs	r3, #64	@ 0x40
10005c28:	2000      	movs	r0, #0
10005c2a:	f7ff fe47 	bl	100058bc <usbd_edpt_xfer>
10005c2e:	e7d8      	b.n	10005be2 <tud_cdc_n_read+0x2e>
10005c30:	78f1      	ldrb	r1, [r6, #3]
10005c32:	2000      	movs	r0, #0
10005c34:	f7ff fe2e 	bl	10005894 <usbd_edpt_release>
10005c38:	e7d3      	b.n	10005be2 <tud_cdc_n_read+0x2e>
10005c3a:	46c0      	nop			@ (mov r8, r8)
10005c3c:	2000145c 	.word	0x2000145c
10005c40:	0000ffff 	.word	0x0000ffff
10005c44:	200013d8 	.word	0x200013d8

10005c48 <tud_cdc_n_write_flush>:
10005c48:	b5f8      	push	{r3, r4, r5, r6, r7, lr}
10005c4a:	0006      	movs	r6, r0
10005c4c:	f7ff f92a 	bl	10004ea4 <tud_mounted>
10005c50:	2800      	cmp	r0, #0
10005c52:	d101      	bne.n	10005c58 <tud_cdc_n_write_flush+0x10>
10005c54:	2000      	movs	r0, #0
10005c56:	bdf8      	pop	{r3, r4, r5, r6, r7, pc}
10005c58:	f7ff f92c 	bl	10004eb4 <tud_suspended>
10005c5c:	2800      	cmp	r0, #0
10005c5e:	d1f9      	bne.n	10005c54 <tud_cdc_n_write_flush+0xc>
10005c60:	24c8      	movs	r4, #200	@ 0xc8
10005c62:	4374      	muls	r4, r6
10005c64:	0025      	movs	r5, r4
10005c66:	4f13      	ldr	r7, [pc, #76]	@ (10005cb4 <tud_cdc_n_write_flush+0x6c>)
10005c68:	3524      	adds	r5, #36	@ 0x24
10005c6a:	19ed      	adds	r5, r5, r7
10005c6c:	0028      	movs	r0, r5
10005c6e:	f000 fb03 	bl	10006278 <tu_fifo_count>
10005c72:	2800      	cmp	r0, #0
10005c74:	d0ee      	beq.n	10005c54 <tud_cdc_n_write_flush+0xc>
10005c76:	193f      	adds	r7, r7, r4
10005c78:	2000      	movs	r0, #0
10005c7a:	78b9      	ldrb	r1, [r7, #2]
10005c7c:	f7ff fdf6 	bl	1000586c <usbd_edpt_claim>
10005c80:	2800      	cmp	r0, #0
10005c82:	d0e7      	beq.n	10005c54 <tud_cdc_n_write_flush+0xc>
10005c84:	4b0c      	ldr	r3, [pc, #48]	@ (10005cb8 <tud_cdc_n_write_flush+0x70>)
10005c86:	01f4      	lsls	r4, r6, #7
10005c88:	18e4      	adds	r4, r4, r3
10005c8a:	0021      	movs	r1, r4
10005c8c:	0028      	movs	r0, r5
10005c8e:	2240      	movs	r2, #64	@ 0x40
10005c90:	f000 fb74 	bl	1000637c <tu_fifo_read_n>
10005c94:	78b9      	ldrb	r1, [r7, #2]
10005c96:	1e05      	subs	r5, r0, #0
10005c98:	d008      	beq.n	10005cac <tud_cdc_n_write_flush+0x64>
10005c9a:	0003      	movs	r3, r0
10005c9c:	0022      	movs	r2, r4
10005c9e:	2000      	movs	r0, #0
10005ca0:	f7ff fe0c 	bl	100058bc <usbd_edpt_xfer>
10005ca4:	2800      	cmp	r0, #0
10005ca6:	d0d5      	beq.n	10005c54 <tud_cdc_n_write_flush+0xc>
10005ca8:	0028      	movs	r0, r5
10005caa:	e7d4      	b.n	10005c56 <tud_cdc_n_write_flush+0xe>
10005cac:	2000      	movs	r0, #0
10005cae:	f7ff fdf1 	bl	10005894 <usbd_edpt_release>
10005cb2:	e7cf      	b.n	10005c54 <tud_cdc_n_write_flush+0xc>
10005cb4:	2000145c 	.word	0x2000145c
10005cb8:	20001418 	.word	0x20001418

10005cbc <tud_cdc_n_write>:
10005cbc:	b570      	push	{r4, r5, r6, lr}
10005cbe:	24c8      	movs	r4, #200	@ 0xc8
10005cc0:	4344      	muls	r4, r0
10005cc2:	4b0c      	ldr	r3, [pc, #48]	@ (10005cf4 <tud_cdc_n_write+0x38>)
10005cc4:	0005      	movs	r5, r0
10005cc6:	18e4      	adds	r4, r4, r3
10005cc8:	2380      	movs	r3, #128	@ 0x80
10005cca:	025b      	lsls	r3, r3, #9
10005ccc:	429a      	cmp	r2, r3
10005cce:	d300      	bcc.n	10005cd2 <tud_cdc_n_write+0x16>
10005cd0:	4a09      	ldr	r2, [pc, #36]	@ (10005cf8 <tud_cdc_n_write+0x3c>)
10005cd2:	0020      	movs	r0, r4
10005cd4:	b292      	uxth	r2, r2
10005cd6:	f000 fc09 	bl	100064ec <tu_fifo_write_n>
10005cda:	0006      	movs	r6, r0
10005cdc:	0020      	movs	r0, r4
10005cde:	f000 facb 	bl	10006278 <tu_fifo_count>
10005ce2:	283f      	cmp	r0, #63	@ 0x3f
10005ce4:	d801      	bhi.n	10005cea <tud_cdc_n_write+0x2e>
10005ce6:	0030      	movs	r0, r6
10005ce8:	bd70      	pop	{r4, r5, r6, pc}
10005cea:	0028      	movs	r0, r5
10005cec:	f7ff ffac 	bl	10005c48 <tud_cdc_n_write_flush>
10005cf0:	e7f9      	b.n	10005ce6 <tud_cdc_n_write+0x2a>
10005cf2:	46c0      	nop			@ (mov r8, r8)
10005cf4:	20001480 	.word	0x20001480
10005cf8:	0000ffff 	.word	0x0000ffff

10005cfc <tud_cdc_n_write_available>:
10005cfc:	23c8      	movs	r3, #200	@ 0xc8
10005cfe:	b510      	push	{r4, lr}
10005d00:	4343      	muls	r3, r0
10005d02:	4802      	ldr	r0, [pc, #8]	@ (10005d0c <tud_cdc_n_write_available+0x10>)
10005d04:	1818      	adds	r0, r3, r0
10005d06:	f000 fad5 	bl	100062b4 <tu_fifo_remaining>
10005d0a:	bd10      	pop	{r4, pc}
10005d0c:	20001480 	.word	0x20001480

10005d10 <cdcd_init>:
10005d10:	b5f0      	push	{r4, r5, r6, r7, lr}
10005d12:	2500      	movs	r5, #0
10005d14:	4c18      	ldr	r4, [pc, #96]	@ (10005d78 <cdcd_init+0x68>)
10005d16:	b083      	sub	sp, #12
10005d18:	22c8      	movs	r2, #200	@ 0xc8
10005d1a:	2100      	movs	r1, #0
10005d1c:	0020      	movs	r0, r4
10005d1e:	f7fc fd93 	bl	10002848 <__wrap_memset>
10005d22:	4b16      	ldr	r3, [pc, #88]	@ (10005d7c <cdcd_init+0x6c>)
10005d24:	0021      	movs	r1, r4
10005d26:	701d      	strb	r5, [r3, #0]
10005d28:	23ff      	movs	r3, #255	@ 0xff
10005d2a:	7163      	strb	r3, [r4, #5]
10005d2c:	23e1      	movs	r3, #225	@ 0xe1
10005d2e:	025b      	lsls	r3, r3, #9
10005d30:	60a3      	str	r3, [r4, #8]
10005d32:	0020      	movs	r0, r4
10005d34:	2308      	movs	r3, #8
10005d36:	2240      	movs	r2, #64	@ 0x40
10005d38:	73a3      	strb	r3, [r4, #14]
10005d3a:	3138      	adds	r1, #56	@ 0x38
10005d3c:	9500      	str	r5, [sp, #0]
10005d3e:	3b07      	subs	r3, #7
10005d40:	3010      	adds	r0, #16
10005d42:	f000 fa63 	bl	1000620c <tu_fifo_config>
10005d46:	0027      	movs	r7, r4
10005d48:	2301      	movs	r3, #1
10005d4a:	0021      	movs	r1, r4
10005d4c:	0020      	movs	r0, r4
10005d4e:	0026      	movs	r6, r4
10005d50:	2240      	movs	r2, #64	@ 0x40
10005d52:	3178      	adds	r1, #120	@ 0x78
10005d54:	9300      	str	r3, [sp, #0]
10005d56:	37b8      	adds	r7, #184	@ 0xb8
10005d58:	3024      	adds	r0, #36	@ 0x24
10005d5a:	f000 fa57 	bl	1000620c <tu_fifo_config>
10005d5e:	36c0      	adds	r6, #192	@ 0xc0
10005d60:	0038      	movs	r0, r7
10005d62:	f7fa fec5 	bl	10000af0 <mutex_init>
10005d66:	0030      	movs	r0, r6
10005d68:	f7fa fec2 	bl	10000af0 <mutex_init>
10005d6c:	61e5      	str	r5, [r4, #28]
10005d6e:	6227      	str	r7, [r4, #32]
10005d70:	6326      	str	r6, [r4, #48]	@ 0x30
10005d72:	6365      	str	r5, [r4, #52]	@ 0x34
10005d74:	b003      	add	sp, #12
10005d76:	bdf0      	pop	{r4, r5, r6, r7, pc}
10005d78:	2000145c 	.word	0x2000145c
10005d7c:	20001458 	.word	0x20001458

10005d80 <cdcd_deinit>:
10005d80:	4b0a      	ldr	r3, [pc, #40]	@ (10005dac <cdcd_deinit+0x2c>)
10005d82:	6b19      	ldr	r1, [r3, #48]	@ 0x30
10005d84:	6a1a      	ldr	r2, [r3, #32]
10005d86:	2900      	cmp	r1, #0
10005d88:	d009      	beq.n	10005d9e <cdcd_deinit+0x1e>
10005d8a:	2a00      	cmp	r2, #0
10005d8c:	d00c      	beq.n	10005da8 <cdcd_deinit+0x28>
10005d8e:	2200      	movs	r2, #0
10005d90:	621a      	str	r2, [r3, #32]
10005d92:	631a      	str	r2, [r3, #48]	@ 0x30
10005d94:	61da      	str	r2, [r3, #28]
10005d96:	2200      	movs	r2, #0
10005d98:	635a      	str	r2, [r3, #52]	@ 0x34
10005d9a:	2001      	movs	r0, #1
10005d9c:	4770      	bx	lr
10005d9e:	2a00      	cmp	r2, #0
10005da0:	d0fb      	beq.n	10005d9a <cdcd_deinit+0x1a>
10005da2:	61d9      	str	r1, [r3, #28]
10005da4:	6219      	str	r1, [r3, #32]
10005da6:	e7f8      	b.n	10005d9a <cdcd_deinit+0x1a>
10005da8:	631a      	str	r2, [r3, #48]	@ 0x30
10005daa:	e7f4      	b.n	10005d96 <cdcd_deinit+0x16>
10005dac:	2000145c 	.word	0x2000145c

10005db0 <cdcd_reset>:
10005db0:	b570      	push	{r4, r5, r6, lr}
10005db2:	4c0f      	ldr	r4, [pc, #60]	@ (10005df0 <cdcd_reset+0x40>)
10005db4:	2205      	movs	r2, #5
10005db6:	2100      	movs	r1, #0
10005db8:	0020      	movs	r0, r4
10005dba:	f7fc fd45 	bl	10002848 <__wrap_memset>
10005dbe:	4d0d      	ldr	r5, [pc, #52]	@ (10005df4 <cdcd_reset+0x44>)
10005dc0:	782b      	ldrb	r3, [r5, #0]
10005dc2:	07da      	lsls	r2, r3, #31
10005dc4:	d507      	bpl.n	10005dd6 <cdcd_reset+0x26>
10005dc6:	4c0c      	ldr	r4, [pc, #48]	@ (10005df8 <cdcd_reset+0x48>)
10005dc8:	079b      	lsls	r3, r3, #30
10005dca:	d50c      	bpl.n	10005de6 <cdcd_reset+0x36>
10005dcc:	2101      	movs	r1, #1
10005dce:	0020      	movs	r0, r4
10005dd0:	f000 fc68 	bl	100066a4 <tu_fifo_set_overwritable>
10005dd4:	bd70      	pop	{r4, r5, r6, pc}
10005dd6:	0020      	movs	r0, r4
10005dd8:	3010      	adds	r0, #16
10005dda:	f000 fc43 	bl	10006664 <tu_fifo_clear>
10005dde:	782b      	ldrb	r3, [r5, #0]
10005de0:	4c05      	ldr	r4, [pc, #20]	@ (10005df8 <cdcd_reset+0x48>)
10005de2:	079b      	lsls	r3, r3, #30
10005de4:	d4f2      	bmi.n	10005dcc <cdcd_reset+0x1c>
10005de6:	0020      	movs	r0, r4
10005de8:	f000 fc3c 	bl	10006664 <tu_fifo_clear>
10005dec:	e7ee      	b.n	10005dcc <cdcd_reset+0x1c>
10005dee:	46c0      	nop			@ (mov r8, r8)
10005df0:	2000145c 	.word	0x2000145c
10005df4:	20001458 	.word	0x20001458
10005df8:	20001480 	.word	0x20001480

10005dfc <cdcd_open>:
10005dfc:	b5f0      	push	{r4, r5, r6, r7, lr}
10005dfe:	794b      	ldrb	r3, [r1, #5]
10005e00:	0006      	movs	r6, r0
10005e02:	b083      	sub	sp, #12
10005e04:	2b02      	cmp	r3, #2
10005e06:	d102      	bne.n	10005e0e <cdcd_open+0x12>
10005e08:	798b      	ldrb	r3, [r1, #6]
10005e0a:	2b02      	cmp	r3, #2
10005e0c:	d003      	beq.n	10005e16 <cdcd_open+0x1a>
10005e0e:	2500      	movs	r5, #0
10005e10:	0028      	movs	r0, r5
10005e12:	b003      	add	sp, #12
10005e14:	bdf0      	pop	{r4, r5, r6, r7, pc}
10005e16:	4f21      	ldr	r7, [pc, #132]	@ (10005e9c <cdcd_open+0xa0>)
10005e18:	78bb      	ldrb	r3, [r7, #2]
10005e1a:	2b00      	cmp	r3, #0
10005e1c:	d1f7      	bne.n	10005e0e <cdcd_open+0x12>
10005e1e:	788b      	ldrb	r3, [r1, #2]
10005e20:	2509      	movs	r5, #9
10005e22:	703b      	strb	r3, [r7, #0]
10005e24:	780c      	ldrb	r4, [r1, #0]
10005e26:	190c      	adds	r4, r1, r4
10005e28:	7863      	ldrb	r3, [r4, #1]
10005e2a:	2b24      	cmp	r3, #36	@ 0x24
10005e2c:	d10b      	bne.n	10005e46 <cdcd_open+0x4a>
10005e2e:	2a08      	cmp	r2, #8
10005e30:	d802      	bhi.n	10005e38 <cdcd_open+0x3c>
10005e32:	e00f      	b.n	10005e54 <cdcd_open+0x58>
10005e34:	42aa      	cmp	r2, r5
10005e36:	d30d      	bcc.n	10005e54 <cdcd_open+0x58>
10005e38:	7823      	ldrb	r3, [r4, #0]
10005e3a:	18e4      	adds	r4, r4, r3
10005e3c:	195d      	adds	r5, r3, r5
10005e3e:	7863      	ldrb	r3, [r4, #1]
10005e40:	b2ad      	uxth	r5, r5
10005e42:	2b24      	cmp	r3, #36	@ 0x24
10005e44:	d0f6      	beq.n	10005e34 <cdcd_open+0x38>
10005e46:	2b05      	cmp	r3, #5
10005e48:	d008      	beq.n	10005e5c <cdcd_open+0x60>
10005e4a:	2b04      	cmp	r3, #4
10005e4c:	d102      	bne.n	10005e54 <cdcd_open+0x58>
10005e4e:	7963      	ldrb	r3, [r4, #5]
10005e50:	2b0a      	cmp	r3, #10
10005e52:	d011      	beq.n	10005e78 <cdcd_open+0x7c>
10005e54:	2000      	movs	r0, #0
10005e56:	f7ff fe57 	bl	10005b08 <_prep_out_transaction.isra.0>
10005e5a:	e7d9      	b.n	10005e10 <cdcd_open+0x14>
10005e5c:	0021      	movs	r1, r4
10005e5e:	0030      	movs	r0, r6
10005e60:	f7ff fcea 	bl	10005838 <usbd_edpt_open>
10005e64:	2800      	cmp	r0, #0
10005e66:	d0d2      	beq.n	10005e0e <cdcd_open+0x12>
10005e68:	78a3      	ldrb	r3, [r4, #2]
10005e6a:	707b      	strb	r3, [r7, #1]
10005e6c:	7823      	ldrb	r3, [r4, #0]
10005e6e:	195d      	adds	r5, r3, r5
10005e70:	18e4      	adds	r4, r4, r3
10005e72:	7863      	ldrb	r3, [r4, #1]
10005e74:	b2ad      	uxth	r5, r5
10005e76:	e7e8      	b.n	10005e4a <cdcd_open+0x4e>
10005e78:	4b09      	ldr	r3, [pc, #36]	@ (10005ea0 <cdcd_open+0xa4>)
10005e7a:	7827      	ldrb	r7, [r4, #0]
10005e7c:	9301      	str	r3, [sp, #4]
10005e7e:	3301      	adds	r3, #1
10005e80:	9300      	str	r3, [sp, #0]
10005e82:	2202      	movs	r2, #2
10005e84:	2302      	movs	r3, #2
10005e86:	0030      	movs	r0, r6
10005e88:	19e1      	adds	r1, r4, r7
10005e8a:	f7ff fc87 	bl	1000579c <usbd_open_edpt_pair>
10005e8e:	2800      	cmp	r0, #0
10005e90:	d0bd      	beq.n	10005e0e <cdcd_open+0x12>
10005e92:	350e      	adds	r5, #14
10005e94:	19ed      	adds	r5, r5, r7
10005e96:	b2ad      	uxth	r5, r5
10005e98:	e7dc      	b.n	10005e54 <cdcd_open+0x58>
10005e9a:	46c0      	nop			@ (mov r8, r8)
10005e9c:	2000145c 	.word	0x2000145c
10005ea0:	2000145e 	.word	0x2000145e

10005ea4 <cdcd_control_xfer_cb>:
10005ea4:	b5f8      	push	{r3, r4, r5, r6, r7, lr}
10005ea6:	2360      	movs	r3, #96	@ 0x60
10005ea8:	0014      	movs	r4, r2
10005eaa:	7812      	ldrb	r2, [r2, #0]
10005eac:	0005      	movs	r5, r0
10005eae:	4013      	ands	r3, r2
10005eb0:	2000      	movs	r0, #0
10005eb2:	2b20      	cmp	r3, #32
10005eb4:	d107      	bne.n	10005ec6 <cdcd_control_xfer_cb+0x22>
10005eb6:	4a30      	ldr	r2, [pc, #192]	@ (10005f78 <cdcd_control_xfer_cb+0xd4>)
10005eb8:	7963      	ldrb	r3, [r4, #5]
10005eba:	7927      	ldrb	r7, [r4, #4]
10005ebc:	7816      	ldrb	r6, [r2, #0]
10005ebe:	021b      	lsls	r3, r3, #8
10005ec0:	433b      	orrs	r3, r7
10005ec2:	429e      	cmp	r6, r3
10005ec4:	d000      	beq.n	10005ec8 <cdcd_control_xfer_cb+0x24>
10005ec6:	bdf8      	pop	{r3, r4, r5, r6, r7, pc}
10005ec8:	7863      	ldrb	r3, [r4, #1]
10005eca:	2b22      	cmp	r3, #34	@ 0x22
10005ecc:	d028      	beq.n	10005f20 <cdcd_control_xfer_cb+0x7c>
10005ece:	d807      	bhi.n	10005ee0 <cdcd_control_xfer_cb+0x3c>
10005ed0:	2b20      	cmp	r3, #32
10005ed2:	d017      	beq.n	10005f04 <cdcd_control_xfer_cb+0x60>
10005ed4:	2b21      	cmp	r3, #33	@ 0x21
10005ed6:	d1f6      	bne.n	10005ec6 <cdcd_control_xfer_cb+0x22>
10005ed8:	2901      	cmp	r1, #1
10005eda:	d044      	beq.n	10005f66 <cdcd_control_xfer_cb+0xc2>
10005edc:	2001      	movs	r0, #1
10005ede:	e7f2      	b.n	10005ec6 <cdcd_control_xfer_cb+0x22>
10005ee0:	2b23      	cmp	r3, #35	@ 0x23
10005ee2:	d1f0      	bne.n	10005ec6 <cdcd_control_xfer_cb+0x22>
10005ee4:	2901      	cmp	r1, #1
10005ee6:	d038      	beq.n	10005f5a <cdcd_control_xfer_cb+0xb6>
10005ee8:	2903      	cmp	r1, #3
10005eea:	d1f7      	bne.n	10005edc <cdcd_control_xfer_cb+0x38>
10005eec:	4b23      	ldr	r3, [pc, #140]	@ (10005f7c <cdcd_control_xfer_cb+0xd8>)
10005eee:	2b00      	cmp	r3, #0
10005ef0:	d0f4      	beq.n	10005edc <cdcd_control_xfer_cb+0x38>
10005ef2:	78e1      	ldrb	r1, [r4, #3]
10005ef4:	78a3      	ldrb	r3, [r4, #2]
10005ef6:	0209      	lsls	r1, r1, #8
10005ef8:	2000      	movs	r0, #0
10005efa:	4319      	orrs	r1, r3
10005efc:	e000      	b.n	10005f00 <cdcd_control_xfer_cb+0x5c>
10005efe:	bf00      	nop
10005f00:	2001      	movs	r0, #1
10005f02:	e7e0      	b.n	10005ec6 <cdcd_control_xfer_cb+0x22>
10005f04:	2901      	cmp	r1, #1
10005f06:	d02e      	beq.n	10005f66 <cdcd_control_xfer_cb+0xc2>
10005f08:	2903      	cmp	r1, #3
10005f0a:	d1e7      	bne.n	10005edc <cdcd_control_xfer_cb+0x38>
10005f0c:	4b1c      	ldr	r3, [pc, #112]	@ (10005f80 <cdcd_control_xfer_cb+0xdc>)
10005f0e:	2b00      	cmp	r3, #0
10005f10:	d0e4      	beq.n	10005edc <cdcd_control_xfer_cb+0x38>
10005f12:	3208      	adds	r2, #8
10005f14:	2000      	movs	r0, #0
10005f16:	0011      	movs	r1, r2
10005f18:	f7fe fe26 	bl	10004b68 <tud_cdc_line_coding_cb>
10005f1c:	2001      	movs	r0, #1
10005f1e:	e7d2      	b.n	10005ec6 <cdcd_control_xfer_cb+0x22>
10005f20:	2901      	cmp	r1, #1
10005f22:	d01a      	beq.n	10005f5a <cdcd_control_xfer_cb+0xb6>
10005f24:	2903      	cmp	r1, #3
10005f26:	d1d9      	bne.n	10005edc <cdcd_control_xfer_cb+0x38>
10005f28:	2501      	movs	r5, #1
10005f2a:	002e      	movs	r6, r5
10005f2c:	78a3      	ldrb	r3, [r4, #2]
10005f2e:	78e4      	ldrb	r4, [r4, #3]
10005f30:	3902      	subs	r1, #2
10005f32:	0224      	lsls	r4, r4, #8
10005f34:	431c      	orrs	r4, r3
10005f36:	7114      	strb	r4, [r2, #4]
10005f38:	4026      	ands	r6, r4
10005f3a:	3224      	adds	r2, #36	@ 0x24
10005f3c:	0010      	movs	r0, r2
10005f3e:	4071      	eors	r1, r6
10005f40:	f000 fbb0 	bl	100066a4 <tu_fifo_set_overwritable>
10005f44:	4b0f      	ldr	r3, [pc, #60]	@ (10005f84 <cdcd_control_xfer_cb+0xe0>)
10005f46:	2b00      	cmp	r3, #0
10005f48:	d0c8      	beq.n	10005edc <cdcd_control_xfer_cb+0x38>
10005f4a:	0862      	lsrs	r2, r4, #1
10005f4c:	2000      	movs	r0, #0
10005f4e:	0031      	movs	r1, r6
10005f50:	402a      	ands	r2, r5
10005f52:	e000      	b.n	10005f56 <cdcd_control_xfer_cb+0xb2>
10005f54:	bf00      	nop
10005f56:	2001      	movs	r0, #1
10005f58:	e7b5      	b.n	10005ec6 <cdcd_control_xfer_cb+0x22>
10005f5a:	0021      	movs	r1, r4
10005f5c:	0028      	movs	r0, r5
10005f5e:	f7ff fcd3 	bl	10005908 <tud_control_status>
10005f62:	2001      	movs	r0, #1
10005f64:	e7af      	b.n	10005ec6 <cdcd_control_xfer_cb+0x22>
10005f66:	2307      	movs	r3, #7
10005f68:	0021      	movs	r1, r4
10005f6a:	0028      	movs	r0, r5
10005f6c:	4a06      	ldr	r2, [pc, #24]	@ (10005f88 <cdcd_control_xfer_cb+0xe4>)
10005f6e:	f7ff fce1 	bl	10005934 <tud_control_xfer>
10005f72:	2001      	movs	r0, #1
10005f74:	e7a7      	b.n	10005ec6 <cdcd_control_xfer_cb+0x22>
10005f76:	46c0      	nop			@ (mov r8, r8)
10005f78:	2000145c 	.word	0x2000145c
10005f7c:	00000000 	.word	0x00000000
10005f80:	10004b69 	.word	0x10004b69
10005f84:	00000000 	.word	0x00000000
10005f88:	20001464 	.word	0x20001464

10005f8c <cdcd_xfer_cb>:
10005f8c:	b5f0      	push	{r4, r5, r6, r7, lr}
10005f8e:	464f      	mov	r7, r9
10005f90:	4646      	mov	r6, r8
10005f92:	46d6      	mov	lr, sl
10005f94:	4d36      	ldr	r5, [pc, #216]	@ (10006070 <cdcd_xfer_cb+0xe4>)
10005f96:	b5c0      	push	{r6, r7, lr}
10005f98:	78ea      	ldrb	r2, [r5, #3]
10005f9a:	001f      	movs	r7, r3
10005f9c:	4680      	mov	r8, r0
10005f9e:	000c      	movs	r4, r1
10005fa0:	78ab      	ldrb	r3, [r5, #2]
10005fa2:	428a      	cmp	r2, r1
10005fa4:	d03b      	beq.n	1000601e <cdcd_xfer_cb+0x92>
10005fa6:	428b      	cmp	r3, r1
10005fa8:	d010      	beq.n	10005fcc <cdcd_xfer_cb+0x40>
10005faa:	2000      	movs	r0, #0
10005fac:	bce0      	pop	{r5, r6, r7}
10005fae:	46ba      	mov	sl, r7
10005fb0:	46b1      	mov	r9, r6
10005fb2:	46a8      	mov	r8, r5
10005fb4:	bdf0      	pop	{r4, r5, r6, r7, pc}
10005fb6:	4b2f      	ldr	r3, [pc, #188]	@ (10006074 <cdcd_xfer_cb+0xe8>)
10005fb8:	2b00      	cmp	r3, #0
10005fba:	d004      	beq.n	10005fc6 <cdcd_xfer_cb+0x3a>
10005fbc:	482e      	ldr	r0, [pc, #184]	@ (10006078 <cdcd_xfer_cb+0xec>)
10005fbe:	f000 f971 	bl	100062a4 <tu_fifo_empty>
10005fc2:	2800      	cmp	r0, #0
10005fc4:	d051      	beq.n	1000606a <cdcd_xfer_cb+0xde>
10005fc6:	2000      	movs	r0, #0
10005fc8:	f7ff fd9e 	bl	10005b08 <_prep_out_transaction.isra.0>
10005fcc:	78ab      	ldrb	r3, [r5, #2]
10005fce:	42a3      	cmp	r3, r4
10005fd0:	d001      	beq.n	10005fd6 <cdcd_xfer_cb+0x4a>
10005fd2:	2001      	movs	r0, #1
10005fd4:	e7ea      	b.n	10005fac <cdcd_xfer_cb+0x20>
10005fd6:	4b29      	ldr	r3, [pc, #164]	@ (1000607c <cdcd_xfer_cb+0xf0>)
10005fd8:	2b00      	cmp	r3, #0
10005fda:	d002      	beq.n	10005fe2 <cdcd_xfer_cb+0x56>
10005fdc:	2000      	movs	r0, #0
10005fde:	e000      	b.n	10005fe2 <cdcd_xfer_cb+0x56>
10005fe0:	bf00      	nop
10005fe2:	2000      	movs	r0, #0
10005fe4:	f7ff fe30 	bl	10005c48 <tud_cdc_n_write_flush>
10005fe8:	2800      	cmp	r0, #0
10005fea:	d1f2      	bne.n	10005fd2 <cdcd_xfer_cb+0x46>
10005fec:	4c24      	ldr	r4, [pc, #144]	@ (10006080 <cdcd_xfer_cb+0xf4>)
10005fee:	0020      	movs	r0, r4
10005ff0:	f000 f942 	bl	10006278 <tu_fifo_count>
10005ff4:	2800      	cmp	r0, #0
10005ff6:	d1ec      	bne.n	10005fd2 <cdcd_xfer_cb+0x46>
10005ff8:	2f00      	cmp	r7, #0
10005ffa:	d0ea      	beq.n	10005fd2 <cdcd_xfer_cb+0x46>
10005ffc:	06bf      	lsls	r7, r7, #26
10005ffe:	d1e8      	bne.n	10005fd2 <cdcd_xfer_cb+0x46>
10006000:	3c24      	subs	r4, #36	@ 0x24
10006002:	4640      	mov	r0, r8
10006004:	78a1      	ldrb	r1, [r4, #2]
10006006:	f7ff fc31 	bl	1000586c <usbd_edpt_claim>
1000600a:	2800      	cmp	r0, #0
1000600c:	d0e1      	beq.n	10005fd2 <cdcd_xfer_cb+0x46>
1000600e:	2300      	movs	r3, #0
10006010:	2200      	movs	r2, #0
10006012:	4640      	mov	r0, r8
10006014:	78a1      	ldrb	r1, [r4, #2]
10006016:	f7ff fc51 	bl	100058bc <usbd_edpt_xfer>
1000601a:	2001      	movs	r0, #1
1000601c:	e7c6      	b.n	10005fac <cdcd_xfer_cb+0x20>
1000601e:	2310      	movs	r3, #16
10006020:	469a      	mov	sl, r3
10006022:	4e18      	ldr	r6, [pc, #96]	@ (10006084 <cdcd_xfer_cb+0xf8>)
10006024:	44aa      	add	sl, r5
10006026:	0031      	movs	r1, r6
10006028:	4650      	mov	r0, sl
1000602a:	b2ba      	uxth	r2, r7
1000602c:	f000 fa5e 	bl	100064ec <tu_fifo_write_n>
10006030:	4b15      	ldr	r3, [pc, #84]	@ (10006088 <cdcd_xfer_cb+0xfc>)
10006032:	2b00      	cmp	r3, #0
10006034:	d0bf      	beq.n	10005fb6 <cdcd_xfer_cb+0x2a>
10006036:	796b      	ldrb	r3, [r5, #5]
10006038:	2bff      	cmp	r3, #255	@ 0xff
1000603a:	d0bc      	beq.n	10005fb6 <cdcd_xfer_cb+0x2a>
1000603c:	2f00      	cmp	r7, #0
1000603e:	d0ba      	beq.n	10005fb6 <cdcd_xfer_cb+0x2a>
10006040:	19f2      	adds	r2, r6, r7
10006042:	4691      	mov	r9, r2
10006044:	e003      	b.n	1000604e <cdcd_xfer_cb+0xc2>
10006046:	3601      	adds	r6, #1
10006048:	45b1      	cmp	r9, r6
1000604a:	d0b4      	beq.n	10005fb6 <cdcd_xfer_cb+0x2a>
1000604c:	796b      	ldrb	r3, [r5, #5]
1000604e:	7832      	ldrb	r2, [r6, #0]
10006050:	429a      	cmp	r2, r3
10006052:	d1f8      	bne.n	10006046 <cdcd_xfer_cb+0xba>
10006054:	4650      	mov	r0, sl
10006056:	f000 f925 	bl	100062a4 <tu_fifo_empty>
1000605a:	2800      	cmp	r0, #0
1000605c:	d1f3      	bne.n	10006046 <cdcd_xfer_cb+0xba>
1000605e:	4653      	mov	r3, sl
10006060:	3b10      	subs	r3, #16
10006062:	7959      	ldrb	r1, [r3, #5]
10006064:	e000      	b.n	10006068 <cdcd_xfer_cb+0xdc>
10006066:	bf00      	nop
10006068:	e7ed      	b.n	10006046 <cdcd_xfer_cb+0xba>
1000606a:	e000      	b.n	1000606e <cdcd_xfer_cb+0xe2>
1000606c:	bf00      	nop
1000606e:	e7aa      	b.n	10005fc6 <cdcd_xfer_cb+0x3a>
10006070:	2000145c 	.word	0x2000145c
10006074:	00000000 	.word	0x00000000
10006078:	2000146c 	.word	0x2000146c
1000607c:	00000000 	.word	0x00000000
10006080:	20001480 	.word	0x20001480
10006084:	200013d8 	.word	0x200013d8
10006088:	00000000 	.word	0x00000000

1000608c <tusb_rhport_init>:
1000608c:	b500      	push	{lr}
1000608e:	0003      	movs	r3, r0
10006090:	b083      	sub	sp, #12
10006092:	2900      	cmp	r1, #0
10006094:	d010      	beq.n	100060b8 <tusb_rhport_init+0x2c>
10006096:	2000      	movs	r0, #0
10006098:	2b01      	cmp	r3, #1
1000609a:	d807      	bhi.n	100060ac <tusb_rhport_init+0x20>
1000609c:	780a      	ldrb	r2, [r1, #0]
1000609e:	2a00      	cmp	r2, #0
100060a0:	d004      	beq.n	100060ac <tusb_rhport_init+0x20>
100060a2:	480b      	ldr	r0, [pc, #44]	@ (100060d0 <tusb_rhport_init+0x44>)
100060a4:	54c2      	strb	r2, [r0, r3]
100060a6:	2001      	movs	r0, #1
100060a8:	2a01      	cmp	r2, #1
100060aa:	d001      	beq.n	100060b0 <tusb_rhport_init+0x24>
100060ac:	b003      	add	sp, #12
100060ae:	bd00      	pop	{pc}
100060b0:	0018      	movs	r0, r3
100060b2:	f7fe ff07 	bl	10004ec4 <tud_rhport_init>
100060b6:	e7f9      	b.n	100060ac <tusb_rhport_init+0x20>
100060b8:	2301      	movs	r3, #1
100060ba:	a901      	add	r1, sp, #4
100060bc:	2000      	movs	r0, #0
100060be:	800b      	strh	r3, [r1, #0]
100060c0:	f7fe ff00 	bl	10004ec4 <tud_rhport_init>
100060c4:	2800      	cmp	r0, #0
100060c6:	d0f1      	beq.n	100060ac <tusb_rhport_init+0x20>
100060c8:	2201      	movs	r2, #1
100060ca:	4b01      	ldr	r3, [pc, #4]	@ (100060d0 <tusb_rhport_init+0x44>)
100060cc:	701a      	strb	r2, [r3, #0]
100060ce:	e7ed      	b.n	100060ac <tusb_rhport_init+0x20>
100060d0:	20001578 	.word	0x20001578

100060d4 <tu_edpt_claim>:
100060d4:	7803      	ldrb	r3, [r0, #0]
100060d6:	b570      	push	{r4, r5, r6, lr}
100060d8:	07db      	lsls	r3, r3, #31
100060da:	0004      	movs	r4, r0
100060dc:	000e      	movs	r6, r1
100060de:	0fdd      	lsrs	r5, r3, #31
100060e0:	2b00      	cmp	r3, #0
100060e2:	d117      	bne.n	10006114 <tu_edpt_claim+0x40>
100060e4:	7803      	ldrb	r3, [r0, #0]
100060e6:	075b      	lsls	r3, r3, #29
100060e8:	d501      	bpl.n	100060ee <tu_edpt_claim+0x1a>
100060ea:	0028      	movs	r0, r5
100060ec:	bd70      	pop	{r4, r5, r6, pc}
100060ee:	2101      	movs	r1, #1
100060f0:	0030      	movs	r0, r6
100060f2:	4249      	negs	r1, r1
100060f4:	f000 fb40 	bl	10006778 <__mutex_enter_timeout_ms_veneer>
100060f8:	7823      	ldrb	r3, [r4, #0]
100060fa:	07db      	lsls	r3, r3, #31
100060fc:	0fdd      	lsrs	r5, r3, #31
100060fe:	2b00      	cmp	r3, #0
10006100:	d10a      	bne.n	10006118 <tu_edpt_claim+0x44>
10006102:	7823      	ldrb	r3, [r4, #0]
10006104:	075b      	lsls	r3, r3, #29
10006106:	d408      	bmi.n	1000611a <tu_edpt_claim+0x46>
10006108:	2204      	movs	r2, #4
1000610a:	7823      	ldrb	r3, [r4, #0]
1000610c:	2501      	movs	r5, #1
1000610e:	4313      	orrs	r3, r2
10006110:	7023      	strb	r3, [r4, #0]
10006112:	e002      	b.n	1000611a <tu_edpt_claim+0x46>
10006114:	2500      	movs	r5, #0
10006116:	e7e8      	b.n	100060ea <tu_edpt_claim+0x16>
10006118:	2500      	movs	r5, #0
1000611a:	0030      	movs	r0, r6
1000611c:	f000 fb64 	bl	100067e8 <__mutex_exit_veneer>
10006120:	e7e3      	b.n	100060ea <tu_edpt_claim+0x16>
10006122:	46c0      	nop			@ (mov r8, r8)

10006124 <tu_edpt_release>:
10006124:	b570      	push	{r4, r5, r6, lr}
10006126:	000c      	movs	r4, r1
10006128:	2101      	movs	r1, #1
1000612a:	0006      	movs	r6, r0
1000612c:	4249      	negs	r1, r1
1000612e:	0020      	movs	r0, r4
10006130:	f000 fb22 	bl	10006778 <__mutex_enter_timeout_ms_veneer>
10006134:	7833      	ldrb	r3, [r6, #0]
10006136:	075b      	lsls	r3, r3, #29
10006138:	0fdd      	lsrs	r5, r3, #31
1000613a:	2b00      	cmp	r3, #0
1000613c:	db04      	blt.n	10006148 <tu_edpt_release+0x24>
1000613e:	0020      	movs	r0, r4
10006140:	f000 fb52 	bl	100067e8 <__mutex_exit_veneer>
10006144:	0028      	movs	r0, r5
10006146:	bd70      	pop	{r4, r5, r6, pc}
10006148:	7833      	ldrb	r3, [r6, #0]
1000614a:	07db      	lsls	r3, r3, #31
1000614c:	d404      	bmi.n	10006158 <tu_edpt_release+0x34>
1000614e:	2204      	movs	r2, #4
10006150:	7833      	ldrb	r3, [r6, #0]
10006152:	4393      	bics	r3, r2
10006154:	7033      	strb	r3, [r6, #0]
10006156:	e7f2      	b.n	1000613e <tu_edpt_release+0x1a>
10006158:	2500      	movs	r5, #0
1000615a:	e7f0      	b.n	1000613e <tu_edpt_release+0x1a>

1000615c <tu_edpt_validate>:
1000615c:	7943      	ldrb	r3, [r0, #5]
1000615e:	7902      	ldrb	r2, [r0, #4]
10006160:	021b      	lsls	r3, r3, #8
10006162:	4313      	orrs	r3, r2
10006164:	055b      	lsls	r3, r3, #21
10006166:	0d5a      	lsrs	r2, r3, #21
10006168:	78c3      	ldrb	r3, [r0, #3]
1000616a:	079b      	lsls	r3, r3, #30
1000616c:	0f9b      	lsrs	r3, r3, #30
1000616e:	2b02      	cmp	r3, #2
10006170:	d005      	beq.n	1000617e <tu_edpt_validate+0x22>
10006172:	2b03      	cmp	r3, #3
10006174:	d015      	beq.n	100061a2 <tu_edpt_validate+0x46>
10006176:	2000      	movs	r0, #0
10006178:	2b01      	cmp	r3, #1
1000617a:	d008      	beq.n	1000618e <tu_edpt_validate+0x32>
1000617c:	4770      	bx	lr
1000617e:	2902      	cmp	r1, #2
10006180:	d01e      	beq.n	100061c0 <tu_edpt_validate+0x64>
10006182:	2000      	movs	r0, #0
10006184:	2340      	movs	r3, #64	@ 0x40
10006186:	4293      	cmp	r3, r2
10006188:	4140      	adcs	r0, r0
1000618a:	b2c0      	uxtb	r0, r0
1000618c:	e7f6      	b.n	1000617c <tu_edpt_validate+0x20>
1000618e:	3902      	subs	r1, #2
10006190:	424b      	negs	r3, r1
10006192:	4159      	adcs	r1, r3
10006194:	4b0d      	ldr	r3, [pc, #52]	@ (100061cc <tu_edpt_validate+0x70>)
10006196:	469c      	mov	ip, r3
10006198:	4461      	add	r1, ip
1000619a:	4291      	cmp	r1, r2
1000619c:	4140      	adcs	r0, r0
1000619e:	b2c0      	uxtb	r0, r0
100061a0:	e7ec      	b.n	1000617c <tu_edpt_validate+0x20>
100061a2:	3902      	subs	r1, #2
100061a4:	1e4b      	subs	r3, r1, #1
100061a6:	4199      	sbcs	r1, r3
100061a8:	4b09      	ldr	r3, [pc, #36]	@ (100061d0 <tu_edpt_validate+0x74>)
100061aa:	4249      	negs	r1, r1
100061ac:	4019      	ands	r1, r3
100061ae:	2380      	movs	r3, #128	@ 0x80
100061b0:	00db      	lsls	r3, r3, #3
100061b2:	469c      	mov	ip, r3
100061b4:	2000      	movs	r0, #0
100061b6:	4461      	add	r1, ip
100061b8:	4291      	cmp	r1, r2
100061ba:	4140      	adcs	r0, r0
100061bc:	b2c0      	uxtb	r0, r0
100061be:	e7dd      	b.n	1000617c <tu_edpt_validate+0x20>
100061c0:	4b04      	ldr	r3, [pc, #16]	@ (100061d4 <tu_edpt_validate+0x78>)
100061c2:	18d0      	adds	r0, r2, r3
100061c4:	4243      	negs	r3, r0
100061c6:	4158      	adcs	r0, r3
100061c8:	b2c0      	uxtb	r0, r0
100061ca:	e7d7      	b.n	1000617c <tu_edpt_validate+0x20>
100061cc:	000003ff 	.word	0x000003ff
100061d0:	fffffc40 	.word	0xfffffc40
100061d4:	fffffe00 	.word	0xfffffe00

100061d8 <tu_edpt_bind_driver>:
100061d8:	188a      	adds	r2, r1, r2
100061da:	b570      	push	{r4, r5, r6, lr}
100061dc:	4291      	cmp	r1, r2
100061de:	d207      	bcs.n	100061f0 <tu_edpt_bind_driver+0x18>
100061e0:	267f      	movs	r6, #127	@ 0x7f
100061e2:	784c      	ldrb	r4, [r1, #1]
100061e4:	2c05      	cmp	r4, #5
100061e6:	d004      	beq.n	100061f2 <tu_edpt_bind_driver+0x1a>
100061e8:	780c      	ldrb	r4, [r1, #0]
100061ea:	1909      	adds	r1, r1, r4
100061ec:	428a      	cmp	r2, r1
100061ee:	d8f8      	bhi.n	100061e2 <tu_edpt_bind_driver+0xa>
100061f0:	bd70      	pop	{r4, r5, r6, pc}
100061f2:	0034      	movs	r4, r6
100061f4:	788d      	ldrb	r5, [r1, #2]
100061f6:	402c      	ands	r4, r5
100061f8:	0064      	lsls	r4, r4, #1
100061fa:	1904      	adds	r4, r0, r4
100061fc:	09ed      	lsrs	r5, r5, #7
100061fe:	5563      	strb	r3, [r4, r5]
10006200:	780c      	ldrb	r4, [r1, #0]
10006202:	1909      	adds	r1, r1, r4
10006204:	428a      	cmp	r2, r1
10006206:	d8ec      	bhi.n	100061e2 <tu_edpt_bind_driver+0xa>
10006208:	e7f2      	b.n	100061f0 <tu_edpt_bind_driver+0x18>
1000620a:	46c0      	nop			@ (mov r8, r8)

1000620c <tu_fifo_config>:
1000620c:	b5f0      	push	{r4, r5, r6, r7, lr}
1000620e:	46c6      	mov	lr, r8
10006210:	b500      	push	{lr}
10006212:	0004      	movs	r4, r0
10006214:	a806      	add	r0, sp, #24
10006216:	7805      	ldrb	r5, [r0, #0]
10006218:	2080      	movs	r0, #128	@ 0x80
1000621a:	4688      	mov	r8, r1
1000621c:	0017      	movs	r7, r2
1000621e:	001e      	movs	r6, r3
10006220:	0200      	lsls	r0, r0, #8
10006222:	4282      	cmp	r2, r0
10006224:	d826      	bhi.n	10006274 <tu_fifo_config+0x68>
10006226:	68e0      	ldr	r0, [r4, #12]
10006228:	2800      	cmp	r0, #0
1000622a:	d003      	beq.n	10006234 <tu_fifo_config+0x28>
1000622c:	2101      	movs	r1, #1
1000622e:	4249      	negs	r1, r1
10006230:	f000 faa2 	bl	10006778 <__mutex_enter_timeout_ms_veneer>
10006234:	6920      	ldr	r0, [r4, #16]
10006236:	2800      	cmp	r0, #0
10006238:	d003      	beq.n	10006242 <tu_fifo_config+0x36>
1000623a:	2101      	movs	r1, #1
1000623c:	4249      	negs	r1, r1
1000623e:	f000 fa9b 	bl	10006778 <__mutex_enter_timeout_ms_veneer>
10006242:	4643      	mov	r3, r8
10006244:	6023      	str	r3, [r4, #0]
10006246:	0473      	lsls	r3, r6, #17
10006248:	0c5b      	lsrs	r3, r3, #17
1000624a:	03ed      	lsls	r5, r5, #15
1000624c:	431d      	orrs	r5, r3
1000624e:	2300      	movs	r3, #0
10006250:	68e0      	ldr	r0, [r4, #12]
10006252:	8163      	strh	r3, [r4, #10]
10006254:	80a7      	strh	r7, [r4, #4]
10006256:	80e5      	strh	r5, [r4, #6]
10006258:	8123      	strh	r3, [r4, #8]
1000625a:	2800      	cmp	r0, #0
1000625c:	d001      	beq.n	10006262 <tu_fifo_config+0x56>
1000625e:	f000 fac3 	bl	100067e8 <__mutex_exit_veneer>
10006262:	6920      	ldr	r0, [r4, #16]
10006264:	2800      	cmp	r0, #0
10006266:	d001      	beq.n	1000626c <tu_fifo_config+0x60>
10006268:	f000 fabe 	bl	100067e8 <__mutex_exit_veneer>
1000626c:	2001      	movs	r0, #1
1000626e:	bc80      	pop	{r7}
10006270:	46b8      	mov	r8, r7
10006272:	bdf0      	pop	{r4, r5, r6, r7, pc}
10006274:	2000      	movs	r0, #0
10006276:	e7fa      	b.n	1000626e <tu_fifo_config+0x62>

10006278 <tu_fifo_count>:
10006278:	b510      	push	{r4, lr}
1000627a:	8904      	ldrh	r4, [r0, #8]
1000627c:	8941      	ldrh	r1, [r0, #10]
1000627e:	8882      	ldrh	r2, [r0, #4]
10006280:	b2a3      	uxth	r3, r4
10006282:	b288      	uxth	r0, r1
10006284:	428c      	cmp	r4, r1
10006286:	d307      	bcc.n	10006298 <tu_fifo_count+0x20>
10006288:	1a1b      	subs	r3, r3, r0
1000628a:	b29b      	uxth	r3, r3
1000628c:	1c10      	adds	r0, r2, #0
1000628e:	429a      	cmp	r2, r3
10006290:	d900      	bls.n	10006294 <tu_fifo_count+0x1c>
10006292:	1c18      	adds	r0, r3, #0
10006294:	b280      	uxth	r0, r0
10006296:	bd10      	pop	{r4, pc}
10006298:	0051      	lsls	r1, r2, #1
1000629a:	1a09      	subs	r1, r1, r0
1000629c:	185b      	adds	r3, r3, r1
1000629e:	b29b      	uxth	r3, r3
100062a0:	e7f4      	b.n	1000628c <tu_fifo_count+0x14>
100062a2:	46c0      	nop			@ (mov r8, r8)

100062a4 <tu_fifo_empty>:
100062a4:	8903      	ldrh	r3, [r0, #8]
100062a6:	8940      	ldrh	r0, [r0, #10]
100062a8:	1a18      	subs	r0, r3, r0
100062aa:	4243      	negs	r3, r0
100062ac:	4158      	adcs	r0, r3
100062ae:	b2c0      	uxtb	r0, r0
100062b0:	4770      	bx	lr
100062b2:	46c0      	nop			@ (mov r8, r8)

100062b4 <tu_fifo_remaining>:
100062b4:	b510      	push	{r4, lr}
100062b6:	8904      	ldrh	r4, [r0, #8]
100062b8:	8941      	ldrh	r1, [r0, #10]
100062ba:	8882      	ldrh	r2, [r0, #4]
100062bc:	b2a3      	uxth	r3, r4
100062be:	b288      	uxth	r0, r1
100062c0:	428c      	cmp	r4, r1
100062c2:	d307      	bcc.n	100062d4 <tu_fifo_remaining+0x20>
100062c4:	1a1b      	subs	r3, r3, r0
100062c6:	b29b      	uxth	r3, r3
100062c8:	2000      	movs	r0, #0
100062ca:	429a      	cmp	r2, r3
100062cc:	d901      	bls.n	100062d2 <tu_fifo_remaining+0x1e>
100062ce:	1ad2      	subs	r2, r2, r3
100062d0:	b290      	uxth	r0, r2
100062d2:	bd10      	pop	{r4, pc}
100062d4:	0051      	lsls	r1, r2, #1
100062d6:	1a09      	subs	r1, r1, r0
100062d8:	185b      	adds	r3, r3, r1
100062da:	b29b      	uxth	r3, r3
100062dc:	e7f4      	b.n	100062c8 <tu_fifo_remaining+0x14>
100062de:	46c0      	nop			@ (mov r8, r8)

100062e0 <tu_fifo_read>:
100062e0:	b570      	push	{r4, r5, r6, lr}
100062e2:	0004      	movs	r4, r0
100062e4:	6900      	ldr	r0, [r0, #16]
100062e6:	000e      	movs	r6, r1
100062e8:	2800      	cmp	r0, #0
100062ea:	d003      	beq.n	100062f4 <tu_fifo_read+0x14>
100062ec:	2101      	movs	r1, #1
100062ee:	4249      	negs	r1, r1
100062f0:	f000 fa42 	bl	10006778 <__mutex_enter_timeout_ms_veneer>
100062f4:	8925      	ldrh	r5, [r4, #8]
100062f6:	8960      	ldrh	r0, [r4, #10]
100062f8:	88a2      	ldrh	r2, [r4, #4]
100062fa:	b2a9      	uxth	r1, r5
100062fc:	b283      	uxth	r3, r0
100062fe:	4285      	cmp	r5, r0
10006300:	d32b      	bcc.n	1000635a <tu_fifo_read+0x7a>
10006302:	1acd      	subs	r5, r1, r3
10006304:	b2ad      	uxth	r5, r5
10006306:	2d00      	cmp	r5, #0
10006308:	d02d      	beq.n	10006366 <tu_fifo_read+0x86>
1000630a:	42aa      	cmp	r2, r5
1000630c:	d208      	bcs.n	10006320 <tu_fifo_read+0x40>
1000630e:	4291      	cmp	r1, r2
10006310:	d32f      	bcc.n	10006372 <tu_fifo_read+0x92>
10006312:	1a89      	subs	r1, r1, r2
10006314:	b28b      	uxth	r3, r1
10006316:	8163      	strh	r3, [r4, #10]
10006318:	429a      	cmp	r2, r3
1000631a:	d803      	bhi.n	10006324 <tu_fifo_read+0x44>
1000631c:	1a9b      	subs	r3, r3, r2
1000631e:	b29b      	uxth	r3, r3
10006320:	429a      	cmp	r2, r3
10006322:	d9fb      	bls.n	1000631c <tu_fifo_read+0x3c>
10006324:	88e2      	ldrh	r2, [r4, #6]
10006326:	6821      	ldr	r1, [r4, #0]
10006328:	0452      	lsls	r2, r2, #17
1000632a:	0c52      	lsrs	r2, r2, #17
1000632c:	4353      	muls	r3, r2
1000632e:	0030      	movs	r0, r6
10006330:	18c9      	adds	r1, r1, r3
10006332:	f7fc fa8f 	bl	10002854 <__wrap___aeabi_memcpy>
10006336:	8963      	ldrh	r3, [r4, #10]
10006338:	2501      	movs	r5, #1
1000633a:	1c59      	adds	r1, r3, #1
1000633c:	b289      	uxth	r1, r1
1000633e:	88a2      	ldrh	r2, [r4, #4]
10006340:	428b      	cmp	r3, r1
10006342:	d912      	bls.n	1000636a <tu_fifo_read+0x8a>
10006344:	0052      	lsls	r2, r2, #1
10006346:	1a89      	subs	r1, r1, r2
10006348:	b289      	uxth	r1, r1
1000634a:	6920      	ldr	r0, [r4, #16]
1000634c:	8161      	strh	r1, [r4, #10]
1000634e:	2800      	cmp	r0, #0
10006350:	d001      	beq.n	10006356 <tu_fifo_read+0x76>
10006352:	f000 fa49 	bl	100067e8 <__mutex_exit_veneer>
10006356:	0028      	movs	r0, r5
10006358:	bd70      	pop	{r4, r5, r6, pc}
1000635a:	0055      	lsls	r5, r2, #1
1000635c:	1aed      	subs	r5, r5, r3
1000635e:	194d      	adds	r5, r1, r5
10006360:	b2ad      	uxth	r5, r5
10006362:	2d00      	cmp	r5, #0
10006364:	d1d1      	bne.n	1000630a <tu_fifo_read+0x2a>
10006366:	8961      	ldrh	r1, [r4, #10]
10006368:	b289      	uxth	r1, r1
1000636a:	0052      	lsls	r2, r2, #1
1000636c:	4291      	cmp	r1, r2
1000636e:	dbec      	blt.n	1000634a <tu_fifo_read+0x6a>
10006370:	e7e9      	b.n	10006346 <tu_fifo_read+0x66>
10006372:	1889      	adds	r1, r1, r2
10006374:	b28b      	uxth	r3, r1
10006376:	8163      	strh	r3, [r4, #10]
10006378:	e7ce      	b.n	10006318 <tu_fifo_read+0x38>
1000637a:	46c0      	nop			@ (mov r8, r8)

1000637c <tu_fifo_read_n>:
1000637c:	b5f0      	push	{r4, r5, r6, r7, lr}
1000637e:	4646      	mov	r6, r8
10006380:	464f      	mov	r7, r9
10006382:	46d6      	mov	lr, sl
10006384:	b5c0      	push	{r6, r7, lr}
10006386:	0006      	movs	r6, r0
10006388:	6900      	ldr	r0, [r0, #16]
1000638a:	4689      	mov	r9, r1
1000638c:	4690      	mov	r8, r2
1000638e:	2800      	cmp	r0, #0
10006390:	d003      	beq.n	1000639a <tu_fifo_read_n+0x1e>
10006392:	2101      	movs	r1, #1
10006394:	4249      	negs	r1, r1
10006396:	f000 f9ef 	bl	10006778 <__mutex_enter_timeout_ms_veneer>
1000639a:	8931      	ldrh	r1, [r6, #8]
1000639c:	8972      	ldrh	r2, [r6, #10]
1000639e:	88b5      	ldrh	r5, [r6, #4]
100063a0:	b28b      	uxth	r3, r1
100063a2:	b294      	uxth	r4, r2
100063a4:	4291      	cmp	r1, r2
100063a6:	d354      	bcc.n	10006452 <tu_fifo_read_n+0xd6>
100063a8:	1b1f      	subs	r7, r3, r4
100063aa:	b2bf      	uxth	r7, r7
100063ac:	2f00      	cmp	r7, #0
100063ae:	d04a      	beq.n	10006446 <tu_fifo_read_n+0xca>
100063b0:	42bd      	cmp	r5, r7
100063b2:	d205      	bcs.n	100063c0 <tu_fifo_read_n+0x44>
100063b4:	42ab      	cmp	r3, r5
100063b6:	d251      	bcs.n	1000645c <tu_fifo_read_n+0xe0>
100063b8:	195b      	adds	r3, r3, r5
100063ba:	b29c      	uxth	r4, r3
100063bc:	002f      	movs	r7, r5
100063be:	8174      	strh	r4, [r6, #10]
100063c0:	4643      	mov	r3, r8
100063c2:	45b8      	cmp	r8, r7
100063c4:	d83d      	bhi.n	10006442 <tu_fifo_read_n+0xc6>
100063c6:	b29f      	uxth	r7, r3
100063c8:	42a5      	cmp	r5, r4
100063ca:	d803      	bhi.n	100063d4 <tu_fifo_read_n+0x58>
100063cc:	1b64      	subs	r4, r4, r5
100063ce:	b2a4      	uxth	r4, r4
100063d0:	42a5      	cmp	r5, r4
100063d2:	d9fb      	bls.n	100063cc <tu_fifo_read_n+0x50>
100063d4:	88f2      	ldrh	r2, [r6, #6]
100063d6:	6831      	ldr	r1, [r6, #0]
100063d8:	0452      	lsls	r2, r2, #17
100063da:	0c52      	lsrs	r2, r2, #17
100063dc:	4690      	mov	r8, r2
100063de:	4362      	muls	r2, r4
100063e0:	1b2b      	subs	r3, r5, r4
100063e2:	b29b      	uxth	r3, r3
100063e4:	1889      	adds	r1, r1, r2
100063e6:	4642      	mov	r2, r8
100063e8:	429f      	cmp	r7, r3
100063ea:	d925      	bls.n	10006438 <tu_fifo_read_n+0xbc>
100063ec:	4353      	muls	r3, r2
100063ee:	b29b      	uxth	r3, r3
100063f0:	001a      	movs	r2, r3
100063f2:	4648      	mov	r0, r9
100063f4:	469a      	mov	sl, r3
100063f6:	f7fc fa2d 	bl	10002854 <__wrap___aeabi_memcpy>
100063fa:	4643      	mov	r3, r8
100063fc:	4648      	mov	r0, r9
100063fe:	1b7d      	subs	r5, r7, r5
10006400:	1964      	adds	r4, r4, r5
10006402:	435c      	muls	r4, r3
10006404:	6831      	ldr	r1, [r6, #0]
10006406:	4450      	add	r0, sl
10006408:	b2a2      	uxth	r2, r4
1000640a:	f7fc fa23 	bl	10002854 <__wrap___aeabi_memcpy>
1000640e:	8971      	ldrh	r1, [r6, #10]
10006410:	88b5      	ldrh	r5, [r6, #4]
10006412:	19cb      	adds	r3, r1, r7
10006414:	b29b      	uxth	r3, r3
10006416:	006a      	lsls	r2, r5, #1
10006418:	4299      	cmp	r1, r3
1000641a:	d916      	bls.n	1000644a <tu_fifo_read_n+0xce>
1000641c:	1a9b      	subs	r3, r3, r2
1000641e:	b29b      	uxth	r3, r3
10006420:	6930      	ldr	r0, [r6, #16]
10006422:	8173      	strh	r3, [r6, #10]
10006424:	2800      	cmp	r0, #0
10006426:	d001      	beq.n	1000642c <tu_fifo_read_n+0xb0>
10006428:	f000 f9de 	bl	100067e8 <__mutex_exit_veneer>
1000642c:	0038      	movs	r0, r7
1000642e:	bce0      	pop	{r5, r6, r7}
10006430:	46ba      	mov	sl, r7
10006432:	46b1      	mov	r9, r6
10006434:	46a8      	mov	r8, r5
10006436:	bdf0      	pop	{r4, r5, r6, r7, pc}
10006438:	4648      	mov	r0, r9
1000643a:	437a      	muls	r2, r7
1000643c:	f7fc fa0a 	bl	10002854 <__wrap___aeabi_memcpy>
10006440:	e7e5      	b.n	1000640e <tu_fifo_read_n+0x92>
10006442:	1c3b      	adds	r3, r7, #0
10006444:	e7bf      	b.n	100063c6 <tu_fifo_read_n+0x4a>
10006446:	8973      	ldrh	r3, [r6, #10]
10006448:	b29b      	uxth	r3, r3
1000644a:	006a      	lsls	r2, r5, #1
1000644c:	4293      	cmp	r3, r2
1000644e:	dbe7      	blt.n	10006420 <tu_fifo_read_n+0xa4>
10006450:	e7e4      	b.n	1000641c <tu_fifo_read_n+0xa0>
10006452:	006f      	lsls	r7, r5, #1
10006454:	1b3f      	subs	r7, r7, r4
10006456:	19df      	adds	r7, r3, r7
10006458:	b2bf      	uxth	r7, r7
1000645a:	e7a7      	b.n	100063ac <tu_fifo_read_n+0x30>
1000645c:	1b5b      	subs	r3, r3, r5
1000645e:	b29c      	uxth	r4, r3
10006460:	e7ac      	b.n	100063bc <tu_fifo_read_n+0x40>
10006462:	46c0      	nop			@ (mov r8, r8)

10006464 <tu_fifo_write>:
10006464:	b5f8      	push	{r3, r4, r5, r6, r7, lr}
10006466:	0004      	movs	r4, r0
10006468:	68c0      	ldr	r0, [r0, #12]
1000646a:	000e      	movs	r6, r1
1000646c:	2800      	cmp	r0, #0
1000646e:	d003      	beq.n	10006478 <tu_fifo_write+0x14>
10006470:	2101      	movs	r1, #1
10006472:	4249      	negs	r1, r1
10006474:	f000 f980 	bl	10006778 <__mutex_enter_timeout_ms_veneer>
10006478:	8925      	ldrh	r5, [r4, #8]
1000647a:	8920      	ldrh	r0, [r4, #8]
1000647c:	8961      	ldrh	r1, [r4, #10]
1000647e:	88a2      	ldrh	r2, [r4, #4]
10006480:	b2ad      	uxth	r5, r5
10006482:	b283      	uxth	r3, r0
10006484:	b28f      	uxth	r7, r1
10006486:	4288      	cmp	r0, r1
10006488:	d328      	bcc.n	100064dc <tu_fifo_write+0x78>
1000648a:	1bdb      	subs	r3, r3, r7
1000648c:	b29b      	uxth	r3, r3
1000648e:	429a      	cmp	r2, r3
10006490:	d809      	bhi.n	100064a6 <tu_fifo_write+0x42>
10006492:	79e7      	ldrb	r7, [r4, #7]
10006494:	09ff      	lsrs	r7, r7, #7
10006496:	d106      	bne.n	100064a6 <tu_fifo_write+0x42>
10006498:	68e0      	ldr	r0, [r4, #12]
1000649a:	2800      	cmp	r0, #0
1000649c:	d001      	beq.n	100064a2 <tu_fifo_write+0x3e>
1000649e:	f000 f9a3 	bl	100067e8 <__mutex_exit_veneer>
100064a2:	0038      	movs	r0, r7
100064a4:	bdf8      	pop	{r3, r4, r5, r6, r7, pc}
100064a6:	002b      	movs	r3, r5
100064a8:	4295      	cmp	r5, r2
100064aa:	d303      	bcc.n	100064b4 <tu_fifo_write+0x50>
100064ac:	1a9b      	subs	r3, r3, r2
100064ae:	b29b      	uxth	r3, r3
100064b0:	4293      	cmp	r3, r2
100064b2:	d2fb      	bcs.n	100064ac <tu_fifo_write+0x48>
100064b4:	88e2      	ldrh	r2, [r4, #6]
100064b6:	6820      	ldr	r0, [r4, #0]
100064b8:	0452      	lsls	r2, r2, #17
100064ba:	0c52      	lsrs	r2, r2, #17
100064bc:	4353      	muls	r3, r2
100064be:	0031      	movs	r1, r6
100064c0:	18c0      	adds	r0, r0, r3
100064c2:	f7fc f9c7 	bl	10002854 <__wrap___aeabi_memcpy>
100064c6:	88a2      	ldrh	r2, [r4, #4]
100064c8:	1c6b      	adds	r3, r5, #1
100064ca:	b29b      	uxth	r3, r3
100064cc:	0052      	lsls	r2, r2, #1
100064ce:	429d      	cmp	r5, r3
100064d0:	d909      	bls.n	100064e6 <tu_fifo_write+0x82>
100064d2:	1a9b      	subs	r3, r3, r2
100064d4:	b29b      	uxth	r3, r3
100064d6:	2701      	movs	r7, #1
100064d8:	8123      	strh	r3, [r4, #8]
100064da:	e7dd      	b.n	10006498 <tu_fifo_write+0x34>
100064dc:	0051      	lsls	r1, r2, #1
100064de:	1bc9      	subs	r1, r1, r7
100064e0:	185b      	adds	r3, r3, r1
100064e2:	b29b      	uxth	r3, r3
100064e4:	e7d3      	b.n	1000648e <tu_fifo_write+0x2a>
100064e6:	4293      	cmp	r3, r2
100064e8:	dbf5      	blt.n	100064d6 <tu_fifo_write+0x72>
100064ea:	e7f2      	b.n	100064d2 <tu_fifo_write+0x6e>

100064ec <tu_fifo_write_n>:
100064ec:	b5f0      	push	{r4, r5, r6, r7, lr}
100064ee:	4657      	mov	r7, sl
100064f0:	4645      	mov	r5, r8
100064f2:	46de      	mov	lr, fp
100064f4:	464e      	mov	r6, r9
100064f6:	b5e0      	push	{r5, r6, r7, lr}
100064f8:	0014      	movs	r4, r2
100064fa:	0005      	movs	r5, r0
100064fc:	000f      	movs	r7, r1
100064fe:	b083      	sub	sp, #12
10006500:	2a00      	cmp	r2, #0
10006502:	d075      	beq.n	100065f0 <tu_fifo_write_n+0x104>
10006504:	68c0      	ldr	r0, [r0, #12]
10006506:	2800      	cmp	r0, #0
10006508:	d003      	beq.n	10006512 <tu_fifo_write_n+0x26>
1000650a:	2101      	movs	r1, #1
1000650c:	4249      	negs	r1, r1
1000650e:	f000 f933 	bl	10006778 <__mutex_enter_timeout_ms_veneer>
10006512:	892e      	ldrh	r6, [r5, #8]
10006514:	79e9      	ldrb	r1, [r5, #7]
10006516:	896a      	ldrh	r2, [r5, #10]
10006518:	88ab      	ldrh	r3, [r5, #4]
1000651a:	b2b6      	uxth	r6, r6
1000651c:	b292      	uxth	r2, r2
1000651e:	09c9      	lsrs	r1, r1, #7
10006520:	d145      	bne.n	100065ae <tu_fifo_write_n+0xc2>
10006522:	4296      	cmp	r6, r2
10006524:	d300      	bcc.n	10006528 <tu_fifo_write_n+0x3c>
10006526:	e06d      	b.n	10006604 <tu_fifo_write_n+0x118>
10006528:	0059      	lsls	r1, r3, #1
1000652a:	1a8a      	subs	r2, r1, r2
1000652c:	18b2      	adds	r2, r6, r2
1000652e:	b292      	uxth	r2, r2
10006530:	2100      	movs	r1, #0
10006532:	4689      	mov	r9, r1
10006534:	429a      	cmp	r2, r3
10006536:	d234      	bcs.n	100065a2 <tu_fifo_write_n+0xb6>
10006538:	1a9a      	subs	r2, r3, r2
1000653a:	1c11      	adds	r1, r2, #0
1000653c:	b292      	uxth	r2, r2
1000653e:	42a2      	cmp	r2, r4
10006540:	d900      	bls.n	10006544 <tu_fifo_write_n+0x58>
10006542:	1c21      	adds	r1, r4, #0
10006544:	b28a      	uxth	r2, r1
10006546:	4691      	mov	r9, r2
10006548:	88ea      	ldrh	r2, [r5, #6]
1000654a:	0452      	lsls	r2, r2, #17
1000654c:	0c52      	lsrs	r2, r2, #17
1000654e:	4690      	mov	r8, r2
10006550:	464a      	mov	r2, r9
10006552:	18b2      	adds	r2, r6, r2
10006554:	b292      	uxth	r2, r2
10006556:	4692      	mov	sl, r2
10006558:	464a      	mov	r2, r9
1000655a:	1ad2      	subs	r2, r2, r3
1000655c:	b292      	uxth	r2, r2
1000655e:	4693      	mov	fp, r2
10006560:	0034      	movs	r4, r6
10006562:	429e      	cmp	r6, r3
10006564:	d303      	bcc.n	1000656e <tu_fifo_write_n+0x82>
10006566:	1ae4      	subs	r4, r4, r3
10006568:	b2a4      	uxth	r4, r4
1000656a:	429c      	cmp	r4, r3
1000656c:	d2fb      	bcs.n	10006566 <tu_fifo_write_n+0x7a>
1000656e:	4642      	mov	r2, r8
10006570:	4362      	muls	r2, r4
10006572:	6828      	ldr	r0, [r5, #0]
10006574:	1b1b      	subs	r3, r3, r4
10006576:	b29b      	uxth	r3, r3
10006578:	1880      	adds	r0, r0, r2
1000657a:	4642      	mov	r2, r8
1000657c:	454b      	cmp	r3, r9
1000657e:	d354      	bcc.n	1000662a <tu_fifo_write_n+0x13e>
10006580:	464b      	mov	r3, r9
10006582:	0039      	movs	r1, r7
10006584:	435a      	muls	r2, r3
10006586:	f7fc f965 	bl	10002854 <__wrap___aeabi_memcpy>
1000658a:	88ab      	ldrh	r3, [r5, #4]
1000658c:	005b      	lsls	r3, r3, #1
1000658e:	4556      	cmp	r6, sl
10006590:	d801      	bhi.n	10006596 <tu_fifo_write_n+0xaa>
10006592:	459a      	cmp	sl, r3
10006594:	db03      	blt.n	1000659e <tu_fifo_write_n+0xb2>
10006596:	4652      	mov	r2, sl
10006598:	1ad3      	subs	r3, r2, r3
1000659a:	b29b      	uxth	r3, r3
1000659c:	469a      	mov	sl, r3
1000659e:	4653      	mov	r3, sl
100065a0:	812b      	strh	r3, [r5, #8]
100065a2:	68e8      	ldr	r0, [r5, #12]
100065a4:	2800      	cmp	r0, #0
100065a6:	d025      	beq.n	100065f4 <tu_fifo_write_n+0x108>
100065a8:	f000 f91e 	bl	100067e8 <__mutex_exit_veneer>
100065ac:	e022      	b.n	100065f4 <tu_fifo_write_n+0x108>
100065ae:	88e9      	ldrh	r1, [r5, #6]
100065b0:	0449      	lsls	r1, r1, #17
100065b2:	0c49      	lsrs	r1, r1, #17
100065b4:	4688      	mov	r8, r1
100065b6:	429c      	cmp	r4, r3
100065b8:	d227      	bcs.n	1000660a <tu_fifo_write_n+0x11e>
100065ba:	4296      	cmp	r6, r2
100065bc:	d347      	bcc.n	1000664e <tu_fifo_write_n+0x162>
100065be:	1ab1      	subs	r1, r6, r2
100065c0:	b289      	uxth	r1, r1
100065c2:	468c      	mov	ip, r1
100065c4:	0058      	lsls	r0, r3, #1
100065c6:	1ae1      	subs	r1, r4, r3
100065c8:	b289      	uxth	r1, r1
100065ca:	468b      	mov	fp, r1
100065cc:	4661      	mov	r1, ip
100065ce:	1909      	adds	r1, r1, r4
100065d0:	4281      	cmp	r1, r0
100065d2:	db08      	blt.n	100065e6 <tu_fifo_write_n+0xfa>
100065d4:	18d1      	adds	r1, r2, r3
100065d6:	b289      	uxth	r1, r1
100065d8:	1b0e      	subs	r6, r1, r4
100065da:	b2b6      	uxth	r6, r6
100065dc:	468a      	mov	sl, r1
100065de:	42b2      	cmp	r2, r6
100065e0:	d93b      	bls.n	1000665a <tu_fifo_write_n+0x16e>
100065e2:	1a36      	subs	r6, r6, r0
100065e4:	b2b6      	uxth	r6, r6
100065e6:	19a2      	adds	r2, r4, r6
100065e8:	b292      	uxth	r2, r2
100065ea:	4692      	mov	sl, r2
100065ec:	46a1      	mov	r9, r4
100065ee:	e7b7      	b.n	10006560 <tu_fifo_write_n+0x74>
100065f0:	2300      	movs	r3, #0
100065f2:	4699      	mov	r9, r3
100065f4:	4648      	mov	r0, r9
100065f6:	b003      	add	sp, #12
100065f8:	bcf0      	pop	{r4, r5, r6, r7}
100065fa:	46bb      	mov	fp, r7
100065fc:	46b2      	mov	sl, r6
100065fe:	46a9      	mov	r9, r5
10006600:	46a0      	mov	r8, r4
10006602:	bdf0      	pop	{r4, r5, r6, r7, pc}
10006604:	1ab2      	subs	r2, r6, r2
10006606:	b292      	uxth	r2, r2
10006608:	e792      	b.n	10006530 <tu_fifo_write_n+0x44>
1000660a:	2100      	movs	r1, #0
1000660c:	4689      	mov	r9, r1
1000660e:	2b00      	cmp	r3, #0
10006610:	d0c7      	beq.n	100065a2 <tu_fifo_write_n+0xb6>
10006612:	4641      	mov	r1, r8
10006614:	1ae4      	subs	r4, r4, r3
10006616:	434c      	muls	r4, r1
10006618:	0016      	movs	r6, r2
1000661a:	18d1      	adds	r1, r2, r3
1000661c:	2200      	movs	r2, #0
1000661e:	b289      	uxth	r1, r1
10006620:	468a      	mov	sl, r1
10006622:	4699      	mov	r9, r3
10006624:	4693      	mov	fp, r2
10006626:	193f      	adds	r7, r7, r4
10006628:	e79a      	b.n	10006560 <tu_fifo_write_n+0x74>
1000662a:	4353      	muls	r3, r2
1000662c:	b29b      	uxth	r3, r3
1000662e:	001a      	movs	r2, r3
10006630:	0039      	movs	r1, r7
10006632:	445c      	add	r4, fp
10006634:	9301      	str	r3, [sp, #4]
10006636:	f7fc f90d 	bl	10002854 <__wrap___aeabi_memcpy>
1000663a:	4641      	mov	r1, r8
1000663c:	0022      	movs	r2, r4
1000663e:	434a      	muls	r2, r1
10006640:	9b01      	ldr	r3, [sp, #4]
10006642:	6828      	ldr	r0, [r5, #0]
10006644:	b292      	uxth	r2, r2
10006646:	18f9      	adds	r1, r7, r3
10006648:	f7fc f904 	bl	10002854 <__wrap___aeabi_memcpy>
1000664c:	e79d      	b.n	1000658a <tu_fifo_write_n+0x9e>
1000664e:	0058      	lsls	r0, r3, #1
10006650:	1a81      	subs	r1, r0, r2
10006652:	1871      	adds	r1, r6, r1
10006654:	b289      	uxth	r1, r1
10006656:	468c      	mov	ip, r1
10006658:	e7b5      	b.n	100065c6 <tu_fifo_write_n+0xda>
1000665a:	46a1      	mov	r9, r4
1000665c:	42b0      	cmp	r0, r6
1000665e:	dd00      	ble.n	10006662 <tu_fifo_write_n+0x176>
10006660:	e77e      	b.n	10006560 <tu_fifo_write_n+0x74>
10006662:	e7be      	b.n	100065e2 <tu_fifo_write_n+0xf6>

10006664 <tu_fifo_clear>:
10006664:	b510      	push	{r4, lr}
10006666:	0004      	movs	r4, r0
10006668:	68c0      	ldr	r0, [r0, #12]
1000666a:	2800      	cmp	r0, #0
1000666c:	d003      	beq.n	10006676 <tu_fifo_clear+0x12>
1000666e:	2101      	movs	r1, #1
10006670:	4249      	negs	r1, r1
10006672:	f000 f881 	bl	10006778 <__mutex_enter_timeout_ms_veneer>
10006676:	6920      	ldr	r0, [r4, #16]
10006678:	2800      	cmp	r0, #0
1000667a:	d003      	beq.n	10006684 <tu_fifo_clear+0x20>
1000667c:	2101      	movs	r1, #1
1000667e:	4249      	negs	r1, r1
10006680:	f000 f87a 	bl	10006778 <__mutex_enter_timeout_ms_veneer>
10006684:	2300      	movs	r3, #0
10006686:	68e0      	ldr	r0, [r4, #12]
10006688:	8163      	strh	r3, [r4, #10]
1000668a:	8123      	strh	r3, [r4, #8]
1000668c:	2800      	cmp	r0, #0
1000668e:	d001      	beq.n	10006694 <tu_fifo_clear+0x30>
10006690:	f000 f8aa 	bl	100067e8 <__mutex_exit_veneer>
10006694:	6920      	ldr	r0, [r4, #16]
10006696:	2800      	cmp	r0, #0
10006698:	d001      	beq.n	1000669e <tu_fifo_clear+0x3a>
1000669a:	f000 f8a5 	bl	100067e8 <__mutex_exit_veneer>
1000669e:	2001      	movs	r0, #1
100066a0:	bd10      	pop	{r4, pc}
100066a2:	46c0      	nop			@ (mov r8, r8)

100066a4 <tu_fifo_set_overwritable>:
100066a4:	b570      	push	{r4, r5, r6, lr}
100066a6:	0004      	movs	r4, r0
100066a8:	68c0      	ldr	r0, [r0, #12]
100066aa:	000d      	movs	r5, r1
100066ac:	2800      	cmp	r0, #0
100066ae:	d003      	beq.n	100066b8 <tu_fifo_set_overwritable+0x14>
100066b0:	2101      	movs	r1, #1
100066b2:	4249      	negs	r1, r1
100066b4:	f000 f860 	bl	10006778 <__mutex_enter_timeout_ms_veneer>
100066b8:	6920      	ldr	r0, [r4, #16]
100066ba:	2800      	cmp	r0, #0
100066bc:	d003      	beq.n	100066c6 <tu_fifo_set_overwritable+0x22>
100066be:	2101      	movs	r1, #1
100066c0:	4249      	negs	r1, r1
100066c2:	f000 f859 	bl	10006778 <__mutex_enter_timeout_ms_veneer>
100066c6:	217f      	movs	r1, #127	@ 0x7f
100066c8:	79e3      	ldrb	r3, [r4, #7]
100066ca:	01ed      	lsls	r5, r5, #7
100066cc:	4019      	ands	r1, r3
100066ce:	68e0      	ldr	r0, [r4, #12]
100066d0:	4329      	orrs	r1, r5
100066d2:	71e1      	strb	r1, [r4, #7]
100066d4:	2800      	cmp	r0, #0
100066d6:	d001      	beq.n	100066dc <tu_fifo_set_overwritable+0x38>
100066d8:	f000 f886 	bl	100067e8 <__mutex_exit_veneer>
100066dc:	6920      	ldr	r0, [r4, #16]
100066de:	2800      	cmp	r0, #0
100066e0:	d001      	beq.n	100066e6 <tu_fifo_set_overwritable+0x42>
100066e2:	f000 f881 	bl	100067e8 <__mutex_exit_veneer>
100066e6:	2001      	movs	r0, #1
100066e8:	bd70      	pop	{r4, r5, r6, pc}
100066ea:	46c0      	nop			@ (mov r8, r8)

100066ec <strlen>:
100066ec:	b510      	push	{r4, lr}
100066ee:	0783      	lsls	r3, r0, #30
100066f0:	d00a      	beq.n	10006708 <strlen+0x1c>
100066f2:	0003      	movs	r3, r0
100066f4:	2103      	movs	r1, #3
100066f6:	e002      	b.n	100066fe <strlen+0x12>
100066f8:	3301      	adds	r3, #1
100066fa:	420b      	tst	r3, r1
100066fc:	d005      	beq.n	1000670a <strlen+0x1e>
100066fe:	781a      	ldrb	r2, [r3, #0]
10006700:	2a00      	cmp	r2, #0
10006702:	d1f9      	bne.n	100066f8 <strlen+0xc>
10006704:	1a18      	subs	r0, r3, r0
10006706:	bd10      	pop	{r4, pc}
10006708:	0003      	movs	r3, r0
1000670a:	6819      	ldr	r1, [r3, #0]
1000670c:	4a0c      	ldr	r2, [pc, #48]	@ (10006740 <strlen+0x54>)
1000670e:	4c0d      	ldr	r4, [pc, #52]	@ (10006744 <strlen+0x58>)
10006710:	188a      	adds	r2, r1, r2
10006712:	438a      	bics	r2, r1
10006714:	4222      	tst	r2, r4
10006716:	d10f      	bne.n	10006738 <strlen+0x4c>
10006718:	6859      	ldr	r1, [r3, #4]
1000671a:	4a09      	ldr	r2, [pc, #36]	@ (10006740 <strlen+0x54>)
1000671c:	3304      	adds	r3, #4
1000671e:	188a      	adds	r2, r1, r2
10006720:	438a      	bics	r2, r1
10006722:	4222      	tst	r2, r4
10006724:	d108      	bne.n	10006738 <strlen+0x4c>
10006726:	6859      	ldr	r1, [r3, #4]
10006728:	4a05      	ldr	r2, [pc, #20]	@ (10006740 <strlen+0x54>)
1000672a:	3304      	adds	r3, #4
1000672c:	188a      	adds	r2, r1, r2
1000672e:	438a      	bics	r2, r1
10006730:	4222      	tst	r2, r4
10006732:	d0f1      	beq.n	10006718 <strlen+0x2c>
10006734:	e000      	b.n	10006738 <strlen+0x4c>
10006736:	3301      	adds	r3, #1
10006738:	781a      	ldrb	r2, [r3, #0]
1000673a:	2a00      	cmp	r2, #0
1000673c:	d1fb      	bne.n	10006736 <strlen+0x4a>
1000673e:	e7e1      	b.n	10006704 <strlen+0x18>
10006740:	fefefeff 	.word	0xfefefeff
10006744:	80808080 	.word	0x80808080

10006748 <__e15_is_critical_frame_period_veneer>:
10006748:	b401      	push	{r0}
1000674a:	4802      	ldr	r0, [pc, #8]	@ (10006754 <__e15_is_critical_frame_period_veneer+0xc>)
1000674c:	4684      	mov	ip, r0
1000674e:	bc01      	pop	{r0}
10006750:	4760      	bx	ip
10006752:	bf00      	nop
10006754:	20000bb9 	.word	0x20000bb9

10006758 <__e15_is_bulkin_ep_veneer>:
10006758:	b401      	push	{r0}
1000675a:	4802      	ldr	r0, [pc, #8]	@ (10006764 <__e15_is_bulkin_ep_veneer+0xc>)
1000675c:	4684      	mov	ip, r0
1000675e:	bc01      	pop	{r0}
10006760:	4760      	bx	ip
10006762:	bf00      	nop
10006764:	20000b91 	.word	0x20000b91

10006768 <__hw_endpoint_start_next_buffer_veneer>:
10006768:	b401      	push	{r0}
1000676a:	4802      	ldr	r0, [pc, #8]	@ (10006774 <__hw_endpoint_start_next_buffer_veneer+0xc>)
1000676c:	4684      	mov	ip, r0
1000676e:	bc01      	pop	{r0}
10006770:	4760      	bx	ip
10006772:	bf00      	nop
10006774:	20000c49 	.word	0x20000c49

10006778 <__mutex_enter_timeout_ms_veneer>:
10006778:	b401      	push	{r0}
1000677a:	4802      	ldr	r0, [pc, #8]	@ (10006784 <__mutex_enter_timeout_ms_veneer+0xc>)
1000677c:	4684      	mov	ip, r0
1000677e:	bc01      	pop	{r0}
10006780:	4760      	bx	ip
10006782:	bf00      	nop
10006784:	200001a9 	.word	0x200001a9

10006788 <____aeabi_ldiv0_veneer>:
10006788:	b401      	push	{r0}
1000678a:	4802      	ldr	r0, [pc, #8]	@ (10006794 <____aeabi_ldiv0_veneer+0xc>)
1000678c:	4684      	mov	ip, r0
1000678e:	bc01      	pop	{r0}
10006790:	4760      	bx	ip
10006792:	bf00      	nop
10006794:	20000ed5 	.word	0x20000ed5

10006798 <__mutex_try_enter_veneer>:
10006798:	b401      	push	{r0}
1000679a:	4802      	ldr	r0, [pc, #8]	@ (100067a4 <__mutex_try_enter_veneer+0xc>)
1000679c:	4684      	mov	ip, r0
1000679e:	bc01      	pop	{r0}
100067a0:	4760      	bx	ip
100067a2:	bf00      	nop
100067a4:	200000c1 	.word	0x200000c1

100067a8 <__mutex_try_enter_block_until_veneer>:
100067a8:	b401      	push	{r0}
100067aa:	4802      	ldr	r0, [pc, #8]	@ (100067b4 <__mutex_try_enter_block_until_veneer+0xc>)
100067ac:	4684      	mov	ip, r0
100067ae:	bc01      	pop	{r0}
100067b0:	4760      	bx	ip
100067b2:	bf00      	nop
100067b4:	20000175 	.word	0x20000175

100067b8 <__reset_non_control_endpoints_veneer>:
100067b8:	b401      	push	{r0}
100067ba:	4802      	ldr	r0, [pc, #8]	@ (100067c4 <__reset_non_control_endpoints_veneer+0xc>)
100067bc:	4684      	mov	ip, r0
100067be:	bc01      	pop	{r0}
100067c0:	4760      	bx	ip
100067c2:	bf00      	nop
100067c4:	20000391 	.word	0x20000391

100067c8 <___hw_endpoint_buffer_control_update32_veneer>:
100067c8:	b401      	push	{r0}
100067ca:	4802      	ldr	r0, [pc, #8]	@ (100067d4 <___hw_endpoint_buffer_control_update32_veneer+0xc>)
100067cc:	4684      	mov	ip, r0
100067ce:	bc01      	pop	{r0}
100067d0:	4760      	bx	ip
100067d2:	bf00      	nop
100067d4:	20000bf9 	.word	0x20000bf9

100067d8 <____aeabi_idiv0_veneer>:
100067d8:	b401      	push	{r0}
100067da:	4802      	ldr	r0, [pc, #8]	@ (100067e4 <____aeabi_idiv0_veneer+0xc>)
100067dc:	4684      	mov	ip, r0
100067de:	bc01      	pop	{r0}
100067e0:	4760      	bx	ip
100067e2:	bf00      	nop
100067e4:	20000ed5 	.word	0x20000ed5

100067e8 <__mutex_exit_veneer>:
100067e8:	b401      	push	{r0}
100067ea:	4802      	ldr	r0, [pc, #8]	@ (100067f4 <__mutex_exit_veneer+0xc>)
100067ec:	4684      	mov	ip, r0
100067ee:	bc01      	pop	{r0}
100067f0:	4760      	bx	ip
100067f2:	bf00      	nop
100067f4:	200001e9 	.word	0x200001e9

100067f8 <__flash_do_cmd_cs_veneer>:
100067f8:	b401      	push	{r0}
100067fa:	4802      	ldr	r0, [pc, #8]	@ (10006804 <__flash_do_cmd_cs_veneer+0xc>)
100067fc:	4684      	mov	ip, r0
100067fe:	bc01      	pop	{r0}
10006800:	4760      	bx	ip
10006802:	bf00      	nop
10006804:	2000029d 	.word	0x2000029d

10006808 <__pre_init_runtime_init_early_resets>:
10006808:	100017e1                                ....

1000680c <__pre_init_runtime_init_usb_power_down>:
1000680c:	1000180d 100019f1 10002839 10002085     ........9(... ..
1000681c:	10002779                                y'..

10006820 <__pre_init_runtime_init_clocks>:
10006820:	10001919                                ....

10006824 <__pre_init_runtime_init_post_clock_resets>:
10006824:	10001829                                )...

10006828 <__pre_init_runtime_init_rp2040_gpio_ie_disable>:
10006828:	10001849                                I...

1000682c <__pre_init_runtime_init_spin_locks_reset>:
1000682c:	1000185d                                ]...

10006830 <__pre_init_runtime_init_mutex>:
10006830:	10000a91                                ....

10006834 <__pre_init_runtime_init_install_ram_vector_table>:
10006834:	10001865                                e...

10006838 <__pre_init_runtime_init_default_alarm_pool>:
10006838:	10000e69                                i...

1000683c <__pre_init_first_per_core_initializer>:
1000683c:	100017a9                                ....

10006840 <__pre_init_runtime_init_per_core_irq_priorities>:
10006840:	100006cd                                ....

10006844 <__init_array_start>:
10006844:	10004889 	.word	0x10004889
10006848:	10000345 	.word	0x10000345

Disassembly of section .data:

200000c0 <mutex_try_enter>:
200000c0:	0003      	movs	r3, r0
200000c2:	6800      	ldr	r0, [r0, #0]
200000c4:	f3ef 8c10 	mrs	ip, PRIMASK
200000c8:	b672      	cpsid	i
200000ca:	6802      	ldr	r2, [r0, #0]
200000cc:	2a00      	cmp	r2, #0
200000ce:	d0fc      	beq.n	200000ca <mutex_try_enter+0xa>
200000d0:	f3bf 8f5f 	dmb	sy
200000d4:	2204      	movs	r2, #4
200000d6:	569a      	ldrsb	r2, [r3, r2]
200000d8:	2a00      	cmp	r2, #0
200000da:	db04      	blt.n	200000e6 <mutex_try_enter+0x26>
200000dc:	2900      	cmp	r1, #0
200000de:	d000      	beq.n	200000e2 <mutex_try_enter+0x22>
200000e0:	600a      	str	r2, [r1, #0]
200000e2:	2000      	movs	r0, #0
200000e4:	e004      	b.n	200000f0 <mutex_try_enter+0x30>
200000e6:	22d0      	movs	r2, #208	@ 0xd0
200000e8:	2001      	movs	r0, #1
200000ea:	0612      	lsls	r2, r2, #24
200000ec:	6812      	ldr	r2, [r2, #0]
200000ee:	711a      	strb	r2, [r3, #4]
200000f0:	681b      	ldr	r3, [r3, #0]
200000f2:	f3bf 8f5f 	dmb	sy
200000f6:	2200      	movs	r2, #0
200000f8:	601a      	str	r2, [r3, #0]
200000fa:	f38c 8810 	msr	PRIMASK, ip
200000fe:	4770      	bx	lr

20000100 <mutex_enter_block_until>:
20000100:	b5f0      	push	{r4, r5, r6, r7, lr}
20000102:	464f      	mov	r7, r9
20000104:	46d6      	mov	lr, sl
20000106:	4646      	mov	r6, r8
20000108:	b5c0      	push	{r6, r7, lr}
2000010a:	001f      	movs	r7, r3
2000010c:	23d0      	movs	r3, #208	@ 0xd0
2000010e:	061b      	lsls	r3, r3, #24
20000110:	681b      	ldr	r3, [r3, #0]
20000112:	0004      	movs	r4, r0
20000114:	469a      	mov	sl, r3
20000116:	2300      	movs	r3, #0
20000118:	4690      	mov	r8, r2
2000011a:	4699      	mov	r9, r3
2000011c:	e00c      	b.n	20000138 <mutex_enter_block_until+0x38>
2000011e:	6822      	ldr	r2, [r4, #0]
20000120:	f3bf 8f5f 	dmb	sy
20000124:	4649      	mov	r1, r9
20000126:	6011      	str	r1, [r2, #0]
20000128:	f383 8810 	msr	PRIMASK, r3
2000012c:	4640      	mov	r0, r8
2000012e:	0039      	movs	r1, r7
20000130:	f000 fee2 	bl	20000ef8 <__best_effort_wfe_or_timeout_veneer>
20000134:	2800      	cmp	r0, #0
20000136:	d11a      	bne.n	2000016e <mutex_enter_block_until+0x6e>
20000138:	6826      	ldr	r6, [r4, #0]
2000013a:	f3ef 8310 	mrs	r3, PRIMASK
2000013e:	b672      	cpsid	i
20000140:	6835      	ldr	r5, [r6, #0]
20000142:	2d00      	cmp	r5, #0
20000144:	d0fc      	beq.n	20000140 <mutex_enter_block_until+0x40>
20000146:	f3bf 8f5f 	dmb	sy
2000014a:	7925      	ldrb	r5, [r4, #4]
2000014c:	2d7f      	cmp	r5, #127	@ 0x7f
2000014e:	d9e6      	bls.n	2000011e <mutex_enter_block_until+0x1e>
20000150:	4652      	mov	r2, sl
20000152:	7122      	strb	r2, [r4, #4]
20000154:	6822      	ldr	r2, [r4, #0]
20000156:	f3bf 8f5f 	dmb	sy
2000015a:	2100      	movs	r1, #0
2000015c:	6011      	str	r1, [r2, #0]
2000015e:	f383 8810 	msr	PRIMASK, r3
20000162:	2001      	movs	r0, #1
20000164:	bce0      	pop	{r5, r6, r7}
20000166:	46ba      	mov	sl, r7
20000168:	46b1      	mov	r9, r6
2000016a:	46a8      	mov	r8, r5
2000016c:	bdf0      	pop	{r4, r5, r6, r7, pc}
2000016e:	2000      	movs	r0, #0
20000170:	e7f8      	b.n	20000164 <mutex_enter_block_until+0x64>
20000172:	46c0      	nop			@ (mov r8, r8)

20000174 <mutex_try_enter_block_until>:
20000174:	b570      	push	{r4, r5, r6, lr}
20000176:	b082      	sub	sp, #8
20000178:	a901      	add	r1, sp, #4
2000017a:	0004      	movs	r4, r0
2000017c:	0016      	movs	r6, r2
2000017e:	001d      	movs	r5, r3
20000180:	f7ff ff9e 	bl	200000c0 <mutex_try_enter>
20000184:	2800      	cmp	r0, #0
20000186:	d107      	bne.n	20000198 <mutex_try_enter_block_until+0x24>
20000188:	23d0      	movs	r3, #208	@ 0xd0
2000018a:	061b      	lsls	r3, r3, #24
2000018c:	9901      	ldr	r1, [sp, #4]
2000018e:	781b      	ldrb	r3, [r3, #0]
20000190:	b249      	sxtb	r1, r1
20000192:	b25b      	sxtb	r3, r3
20000194:	4299      	cmp	r1, r3
20000196:	d101      	bne.n	2000019c <mutex_try_enter_block_until+0x28>
20000198:	b002      	add	sp, #8
2000019a:	bd70      	pop	{r4, r5, r6, pc}
2000019c:	0032      	movs	r2, r6
2000019e:	002b      	movs	r3, r5
200001a0:	0020      	movs	r0, r4
200001a2:	f7ff ffad 	bl	20000100 <mutex_enter_block_until>
200001a6:	e7f7      	b.n	20000198 <mutex_try_enter_block_until+0x24>

200001a8 <mutex_enter_timeout_ms>:
200001a8:	b5f8      	push	{r3, r4, r5, r6, r7, lr}
200001aa:	000f      	movs	r7, r1
200001ac:	0006      	movs	r6, r0
200001ae:	f000 fecb 	bl	20000f48 <__time_us_64_veneer>
200001b2:	22fa      	movs	r2, #250	@ 0xfa
200001b4:	0004      	movs	r4, r0
200001b6:	000d      	movs	r5, r1
200001b8:	2300      	movs	r3, #0
200001ba:	0092      	lsls	r2, r2, #2
200001bc:	0038      	movs	r0, r7
200001be:	2100      	movs	r1, #0
200001c0:	f000 fe92 	bl	20000ee8 <____wrap___aeabi_lmul_veneer>
200001c4:	000b      	movs	r3, r1
200001c6:	0002      	movs	r2, r0
200001c8:	2180      	movs	r1, #128	@ 0x80
200001ca:	1912      	adds	r2, r2, r4
200001cc:	416b      	adcs	r3, r5
200001ce:	0609      	lsls	r1, r1, #24
200001d0:	428b      	cmp	r3, r1
200001d2:	d302      	bcc.n	200001da <mutex_enter_timeout_ms+0x32>
200001d4:	2201      	movs	r2, #1
200001d6:	4b03      	ldr	r3, [pc, #12]	@ (200001e4 <mutex_enter_timeout_ms+0x3c>)
200001d8:	4252      	negs	r2, r2
200001da:	0030      	movs	r0, r6
200001dc:	f7ff ff90 	bl	20000100 <mutex_enter_block_until>
200001e0:	bdf8      	pop	{r3, r4, r5, r6, r7, pc}
200001e2:	46c0      	nop			@ (mov r8, r8)
200001e4:	7fffffff 	.word	0x7fffffff

200001e8 <mutex_exit>:
200001e8:	6802      	ldr	r2, [r0, #0]
200001ea:	f3ef 8110 	mrs	r1, PRIMASK
200001ee:	b672      	cpsid	i
200001f0:	6813      	ldr	r3, [r2, #0]
200001f2:	2b00      	cmp	r3, #0
200001f4:	d0fc      	beq.n	200001f0 <mutex_exit+0x8>
200001f6:	f3bf 8f5f 	dmb	sy
200001fa:	23ff      	movs	r3, #255	@ 0xff
200001fc:	7103      	strb	r3, [r0, #4]
200001fe:	6803      	ldr	r3, [r0, #0]
20000200:	f3bf 8f5f 	dmb	sy
20000204:	2200      	movs	r2, #0
20000206:	601a      	str	r2, [r3, #0]
20000208:	f381 8810 	msr	PRIMASK, r1
2000020c:	bf40      	sev
2000020e:	4770      	bx	lr

20000210 <flash_init_boot2_copyout>:
20000210:	b510      	push	{r4, lr}
20000212:	4c08      	ldr	r4, [pc, #32]	@ (20000234 <flash_init_boot2_copyout+0x24>)
20000214:	7823      	ldrb	r3, [r4, #0]
20000216:	2b00      	cmp	r3, #0
20000218:	d10a      	bne.n	20000230 <flash_init_boot2_copyout+0x20>
2000021a:	2380      	movs	r3, #128	@ 0x80
2000021c:	4806      	ldr	r0, [pc, #24]	@ (20000238 <flash_init_boot2_copyout+0x28>)
2000021e:	4907      	ldr	r1, [pc, #28]	@ (2000023c <flash_init_boot2_copyout+0x2c>)
20000220:	055b      	lsls	r3, r3, #21
20000222:	681a      	ldr	r2, [r3, #0]
20000224:	50c2      	str	r2, [r0, r3]
20000226:	3304      	adds	r3, #4
20000228:	428b      	cmp	r3, r1
2000022a:	d1fa      	bne.n	20000222 <flash_init_boot2_copyout+0x12>
2000022c:	2301      	movs	r3, #1
2000022e:	7023      	strb	r3, [r4, #0]
20000230:	bd10      	pop	{r4, pc}
20000232:	46c0      	nop			@ (mov r8, r8)
20000234:	20001c5c 	.word	0x20001c5c
20000238:	100016a0 	.word	0x100016a0
2000023c:	10000100 	.word	0x10000100

20000240 <flash_enable_xip_via_boot2>:
20000240:	b510      	push	{r4, lr}
20000242:	4b01      	ldr	r3, [pc, #4]	@ (20000248 <flash_enable_xip_via_boot2+0x8>)
20000244:	4798      	blx	r3
20000246:	bd10      	pop	{r4, pc}
20000248:	200016a1 	.word	0x200016a1

2000024c <flash_save_hardware_state>:
2000024c:	4b08      	ldr	r3, [pc, #32]	@ (20000270 <flash_save_hardware_state+0x24>)
2000024e:	685a      	ldr	r2, [r3, #4]
20000250:	6042      	str	r2, [r0, #4]
20000252:	689a      	ldr	r2, [r3, #8]
20000254:	6082      	str	r2, [r0, #8]
20000256:	68da      	ldr	r2, [r3, #12]
20000258:	60c2      	str	r2, [r0, #12]
2000025a:	691a      	ldr	r2, [r3, #16]
2000025c:	6102      	str	r2, [r0, #16]
2000025e:	695a      	ldr	r2, [r3, #20]
20000260:	6142      	str	r2, [r0, #20]
20000262:	699b      	ldr	r3, [r3, #24]
20000264:	6183      	str	r3, [r0, #24]
20000266:	23a0      	movs	r3, #160	@ 0xa0
20000268:	055b      	lsls	r3, r3, #21
2000026a:	681b      	ldr	r3, [r3, #0]
2000026c:	6003      	str	r3, [r0, #0]
2000026e:	4770      	bx	lr
20000270:	40020000 	.word	0x40020000

20000274 <flash_restore_hardware_state>:
20000274:	6842      	ldr	r2, [r0, #4]
20000276:	4b08      	ldr	r3, [pc, #32]	@ (20000298 <flash_restore_hardware_state+0x24>)
20000278:	605a      	str	r2, [r3, #4]
2000027a:	6882      	ldr	r2, [r0, #8]
2000027c:	609a      	str	r2, [r3, #8]
2000027e:	68c2      	ldr	r2, [r0, #12]
20000280:	60da      	str	r2, [r3, #12]
20000282:	6902      	ldr	r2, [r0, #16]
20000284:	611a      	str	r2, [r3, #16]
20000286:	6942      	ldr	r2, [r0, #20]
20000288:	615a      	str	r2, [r3, #20]
2000028a:	6982      	ldr	r2, [r0, #24]
2000028c:	619a      	str	r2, [r3, #24]
2000028e:	23a0      	movs	r3, #160	@ 0xa0
20000290:	6802      	ldr	r2, [r0, #0]
20000292:	055b      	lsls	r3, r3, #21
20000294:	601a      	str	r2, [r3, #0]
20000296:	4770      	bx	lr
20000298:	40020000 	.word	0x40020000

2000029c <flash_do_cmd_cs>:
2000029c:	2314      	movs	r3, #20
2000029e:	b5f0      	push	{r4, r5, r6, r7, lr}
200002a0:	46d6      	mov	lr, sl
200002a2:	464f      	mov	r7, r9
200002a4:	4646      	mov	r6, r8
200002a6:	469a      	mov	sl, r3
200002a8:	b5c0      	push	{r6, r7, lr}
200002aa:	4681      	mov	r9, r0
200002ac:	8818      	ldrh	r0, [r3, #0]
200002ae:	3304      	adds	r3, #4
200002b0:	b088      	sub	sp, #32
200002b2:	4698      	mov	r8, r3
200002b4:	000e      	movs	r6, r1
200002b6:	881b      	ldrh	r3, [r3, #0]
200002b8:	4930      	ldr	r1, [pc, #192]	@ (2000037c <flash_do_cmd_cs+0xe0>)
200002ba:	0014      	movs	r4, r2
200002bc:	4798      	blx	r3
200002be:	4653      	mov	r3, sl
200002c0:	0007      	movs	r7, r0
200002c2:	8818      	ldrh	r0, [r3, #0]
200002c4:	4643      	mov	r3, r8
200002c6:	492e      	ldr	r1, [pc, #184]	@ (20000380 <flash_do_cmd_cs+0xe4>)
200002c8:	881b      	ldrh	r3, [r3, #0]
200002ca:	4798      	blx	r3
200002cc:	4653      	mov	r3, sl
200002ce:	0005      	movs	r5, r0
200002d0:	8818      	ldrh	r0, [r3, #0]
200002d2:	4643      	mov	r3, r8
200002d4:	492b      	ldr	r1, [pc, #172]	@ (20000384 <flash_do_cmd_cs+0xe8>)
200002d6:	881b      	ldrh	r3, [r3, #0]
200002d8:	4798      	blx	r3
200002da:	4680      	mov	r8, r0
200002dc:	f7ff ff98 	bl	20000210 <flash_init_boot2_copyout>
200002e0:	a801      	add	r0, sp, #4
200002e2:	f7ff ffb3 	bl	2000024c <flash_save_hardware_state>
200002e6:	47b8      	blx	r7
200002e8:	47a8      	blx	r5
200002ea:	4b27      	ldr	r3, [pc, #156]	@ (20000388 <flash_do_cmd_cs+0xec>)
200002ec:	681a      	ldr	r2, [r3, #0]
200002ee:	2380      	movs	r3, #128	@ 0x80
200002f0:	009b      	lsls	r3, r3, #2
200002f2:	4053      	eors	r3, r2
200002f4:	22c0      	movs	r2, #192	@ 0xc0
200002f6:	0092      	lsls	r2, r2, #2
200002f8:	4013      	ands	r3, r2
200002fa:	4a24      	ldr	r2, [pc, #144]	@ (2000038c <flash_do_cmd_cs+0xf0>)
200002fc:	6013      	str	r3, [r2, #0]
200002fe:	1e22      	subs	r2, r4, #0
20000300:	d020      	beq.n	20000344 <flash_do_cmd_cs+0xa8>
20000302:	21c0      	movs	r1, #192	@ 0xc0
20000304:	2708      	movs	r7, #8
20000306:	2002      	movs	r0, #2
20000308:	0549      	lsls	r1, r1, #21
2000030a:	e011      	b.n	20000330 <flash_do_cmd_cs+0x94>
2000030c:	2c00      	cmp	r4, #0
2000030e:	d014      	beq.n	2000033a <flash_do_cmd_cs+0x9e>
20000310:	1b13      	subs	r3, r2, r4
20000312:	2b0d      	cmp	r3, #13
20000314:	d929      	bls.n	2000036a <flash_do_cmd_cs+0xce>
20000316:	2d00      	cmp	r5, #0
20000318:	d00a      	beq.n	20000330 <flash_do_cmd_cs+0x94>
2000031a:	0023      	movs	r3, r4
2000031c:	2a00      	cmp	r2, #0
2000031e:	d005      	beq.n	2000032c <flash_do_cmd_cs+0x90>
20000320:	6e0b      	ldr	r3, [r1, #96]	@ 0x60
20000322:	3a01      	subs	r2, #1
20000324:	7033      	strb	r3, [r6, #0]
20000326:	0013      	movs	r3, r2
20000328:	3601      	adds	r6, #1
2000032a:	4323      	orrs	r3, r4
2000032c:	2b00      	cmp	r3, #0
2000032e:	d009      	beq.n	20000344 <flash_do_cmd_cs+0xa8>
20000330:	003d      	movs	r5, r7
20000332:	6a8b      	ldr	r3, [r1, #40]	@ 0x28
20000334:	401d      	ands	r5, r3
20000336:	4218      	tst	r0, r3
20000338:	d1e8      	bne.n	2000030c <flash_do_cmd_cs+0x70>
2000033a:	2d00      	cmp	r5, #0
2000033c:	d1ed      	bne.n	2000031a <flash_do_cmd_cs+0x7e>
2000033e:	0023      	movs	r3, r4
20000340:	4313      	orrs	r3, r2
20000342:	d1f5      	bne.n	20000330 <flash_do_cmd_cs+0x94>
20000344:	4b10      	ldr	r3, [pc, #64]	@ (20000388 <flash_do_cmd_cs+0xec>)
20000346:	681a      	ldr	r2, [r3, #0]
20000348:	23c0      	movs	r3, #192	@ 0xc0
2000034a:	009b      	lsls	r3, r3, #2
2000034c:	4393      	bics	r3, r2
2000034e:	4a0f      	ldr	r2, [pc, #60]	@ (2000038c <flash_do_cmd_cs+0xf0>)
20000350:	6013      	str	r3, [r2, #0]
20000352:	47c0      	blx	r8
20000354:	f7ff ff74 	bl	20000240 <flash_enable_xip_via_boot2>
20000358:	a801      	add	r0, sp, #4
2000035a:	f7ff ff8b 	bl	20000274 <flash_restore_hardware_state>
2000035e:	b008      	add	sp, #32
20000360:	bce0      	pop	{r5, r6, r7}
20000362:	46ba      	mov	sl, r7
20000364:	46b1      	mov	r9, r6
20000366:	46a8      	mov	r8, r5
20000368:	bdf0      	pop	{r4, r5, r6, r7, pc}
2000036a:	464b      	mov	r3, r9
2000036c:	781b      	ldrb	r3, [r3, #0]
2000036e:	3c01      	subs	r4, #1
20000370:	660b      	str	r3, [r1, #96]	@ 0x60
20000372:	2301      	movs	r3, #1
20000374:	469c      	mov	ip, r3
20000376:	44e1      	add	r9, ip
20000378:	e7df      	b.n	2000033a <flash_do_cmd_cs+0x9e>
2000037a:	46c0      	nop			@ (mov r8, r8)
2000037c:	00004649 	.word	0x00004649
20000380:	00005845 	.word	0x00005845
20000384:	00004346 	.word	0x00004346
20000388:	4001800c 	.word	0x4001800c
2000038c:	4001900c 	.word	0x4001900c

20000390 <reset_non_control_endpoints>:
20000390:	2200      	movs	r2, #0
20000392:	4b15      	ldr	r3, [pc, #84]	@ (200003e8 <reset_non_control_endpoints+0x58>)
20000394:	b510      	push	{r4, lr}
20000396:	609a      	str	r2, [r3, #8]
20000398:	60da      	str	r2, [r3, #12]
2000039a:	611a      	str	r2, [r3, #16]
2000039c:	615a      	str	r2, [r3, #20]
2000039e:	619a      	str	r2, [r3, #24]
200003a0:	61da      	str	r2, [r3, #28]
200003a2:	621a      	str	r2, [r3, #32]
200003a4:	625a      	str	r2, [r3, #36]	@ 0x24
200003a6:	629a      	str	r2, [r3, #40]	@ 0x28
200003a8:	62da      	str	r2, [r3, #44]	@ 0x2c
200003aa:	631a      	str	r2, [r3, #48]	@ 0x30
200003ac:	635a      	str	r2, [r3, #52]	@ 0x34
200003ae:	639a      	str	r2, [r3, #56]	@ 0x38
200003b0:	63da      	str	r2, [r3, #60]	@ 0x3c
200003b2:	641a      	str	r2, [r3, #64]	@ 0x40
200003b4:	645a      	str	r2, [r3, #68]	@ 0x44
200003b6:	649a      	str	r2, [r3, #72]	@ 0x48
200003b8:	64da      	str	r2, [r3, #76]	@ 0x4c
200003ba:	651a      	str	r2, [r3, #80]	@ 0x50
200003bc:	655a      	str	r2, [r3, #84]	@ 0x54
200003be:	659a      	str	r2, [r3, #88]	@ 0x58
200003c0:	65da      	str	r2, [r3, #92]	@ 0x5c
200003c2:	661a      	str	r2, [r3, #96]	@ 0x60
200003c4:	665a      	str	r2, [r3, #100]	@ 0x64
200003c6:	669a      	str	r2, [r3, #104]	@ 0x68
200003c8:	66da      	str	r2, [r3, #108]	@ 0x6c
200003ca:	671a      	str	r2, [r3, #112]	@ 0x70
200003cc:	675a      	str	r2, [r3, #116]	@ 0x74
200003ce:	679a      	str	r2, [r3, #120]	@ 0x78
200003d0:	67da      	str	r2, [r3, #124]	@ 0x7c
200003d2:	32f0      	adds	r2, #240	@ 0xf0
200003d4:	0092      	lsls	r2, r2, #2
200003d6:	2100      	movs	r1, #0
200003d8:	4804      	ldr	r0, [pc, #16]	@ (200003ec <reset_non_control_endpoints+0x5c>)
200003da:	f000 fd9d 	bl	20000f18 <____wrap_memset_veneer>
200003de:	4b04      	ldr	r3, [pc, #16]	@ (200003f0 <reset_non_control_endpoints+0x60>)
200003e0:	4a04      	ldr	r2, [pc, #16]	@ (200003f4 <reset_non_control_endpoints+0x64>)
200003e2:	601a      	str	r2, [r3, #0]
200003e4:	bd10      	pop	{r4, pc}
200003e6:	46c0      	nop			@ (mov r8, r8)
200003e8:	50100000 	.word	0x50100000
200003ec:	2000184c 	.word	0x2000184c
200003f0:	20001c14 	.word	0x20001c14
200003f4:	50100180 	.word	0x50100180

200003f8 <hw_handle_buff_status>:
200003f8:	b5f0      	push	{r4, r5, r6, r7, lr}
200003fa:	464f      	mov	r7, r9
200003fc:	46d6      	mov	lr, sl
200003fe:	4646      	mov	r6, r8
20000400:	b5c0      	push	{r6, r7, lr}
20000402:	4b20      	ldr	r3, [pc, #128]	@ (20000484 <hw_handle_buff_status+0x8c>)
20000404:	b084      	sub	sp, #16
20000406:	6d9f      	ldr	r7, [r3, #88]	@ 0x58
20000408:	2f00      	cmp	r7, #0
2000040a:	d023      	beq.n	20000454 <hw_handle_buff_status+0x5c>
2000040c:	4b1e      	ldr	r3, [pc, #120]	@ (20000488 <hw_handle_buff_status+0x90>)
2000040e:	2400      	movs	r4, #0
20000410:	469a      	mov	sl, r3
20000412:	2301      	movs	r3, #1
20000414:	4699      	mov	r9, r3
20000416:	4b1d      	ldr	r3, [pc, #116]	@ (2000048c <hw_handle_buff_status+0x94>)
20000418:	2601      	movs	r6, #1
2000041a:	4698      	mov	r8, r3
2000041c:	e004      	b.n	20000428 <hw_handle_buff_status+0x30>
2000041e:	3401      	adds	r4, #1
20000420:	0076      	lsls	r6, r6, #1
20000422:	b2e4      	uxtb	r4, r4
20000424:	2c20      	cmp	r4, #32
20000426:	d015      	beq.n	20000454 <hw_handle_buff_status+0x5c>
20000428:	423e      	tst	r6, r7
2000042a:	d0f8      	beq.n	2000041e <hw_handle_buff_status+0x26>
2000042c:	4653      	mov	r3, sl
2000042e:	659e      	str	r6, [r3, #88]	@ 0x58
20000430:	464b      	mov	r3, r9
20000432:	0865      	lsrs	r5, r4, #1
20000434:	006d      	lsls	r5, r5, #1
20000436:	43a3      	bics	r3, r4
20000438:	18ed      	adds	r5, r5, r3
2000043a:	016d      	lsls	r5, r5, #5
2000043c:	4445      	add	r5, r8
2000043e:	0028      	movs	r0, r5
20000440:	f000 fc38 	bl	20000cb4 <hw_endpoint_xfer_continue>
20000444:	2800      	cmp	r0, #0
20000446:	d10b      	bne.n	20000460 <hw_handle_buff_status+0x68>
20000448:	3401      	adds	r4, #1
2000044a:	43b7      	bics	r7, r6
2000044c:	b2e4      	uxtb	r4, r4
2000044e:	0076      	lsls	r6, r6, #1
20000450:	2f00      	cmp	r7, #0
20000452:	d1e7      	bne.n	20000424 <hw_handle_buff_status+0x2c>
20000454:	b004      	add	sp, #16
20000456:	bce0      	pop	{r5, r6, r7}
20000458:	46ba      	mov	sl, r7
2000045a:	46b1      	mov	r9, r6
2000045c:	46a8      	mov	r8, r5
2000045e:	bdf0      	pop	{r4, r5, r6, r7, pc}
20000460:	8aeb      	ldrh	r3, [r5, #22]
20000462:	21e0      	movs	r1, #224	@ 0xe0
20000464:	9303      	str	r3, [sp, #12]
20000466:	2300      	movs	r3, #0
20000468:	a801      	add	r0, sp, #4
2000046a:	78aa      	ldrb	r2, [r5, #2]
2000046c:	00c9      	lsls	r1, r1, #3
2000046e:	8001      	strh	r1, [r0, #0]
20000470:	2101      	movs	r1, #1
20000472:	7102      	strb	r2, [r0, #4]
20000474:	7143      	strb	r3, [r0, #5]
20000476:	f000 fc3d 	bl	20000cf4 <dcd_event_handler>
2000047a:	0028      	movs	r0, r5
2000047c:	f000 fbb6 	bl	20000bec <hw_endpoint_reset_transfer>
20000480:	e7e2      	b.n	20000448 <hw_handle_buff_status+0x50>
20000482:	46c0      	nop			@ (mov r8, r8)
20000484:	50110000 	.word	0x50110000
20000488:	50113000 	.word	0x50113000
2000048c:	2000180c 	.word	0x2000180c

20000490 <dcd_rp2040_irq>:
20000490:	2398      	movs	r3, #152	@ 0x98
20000492:	b5f0      	push	{r4, r5, r6, r7, lr}
20000494:	46c6      	mov	lr, r8
20000496:	4aca      	ldr	r2, [pc, #808]	@ (200007c0 <dcd_rp2040_irq+0x330>)
20000498:	b500      	push	{lr}
2000049a:	58d5      	ldr	r5, [r2, r3]
2000049c:	2380      	movs	r3, #128	@ 0x80
2000049e:	002c      	movs	r4, r5
200004a0:	029b      	lsls	r3, r3, #10
200004a2:	2610      	movs	r6, #16
200004a4:	b084      	sub	sp, #16
200004a6:	401c      	ands	r4, r3
200004a8:	421d      	tst	r5, r3
200004aa:	d073      	beq.n	20000594 <dcd_rp2040_irq+0x104>
200004ac:	4bc5      	ldr	r3, [pc, #788]	@ (200007c4 <dcd_rp2040_irq+0x334>)
200004ae:	4cc6      	ldr	r4, [pc, #792]	@ (200007c8 <dcd_rp2040_irq+0x338>)
200004b0:	6a9a      	ldr	r2, [r3, #40]	@ 0x28
200004b2:	4bc6      	ldr	r3, [pc, #792]	@ (200007cc <dcd_rp2040_irq+0x33c>)
200004b4:	2600      	movs	r6, #0
200004b6:	601a      	str	r2, [r3, #0]
200004b8:	233b      	movs	r3, #59	@ 0x3b
200004ba:	5ce3      	ldrb	r3, [r4, r3]
200004bc:	2b02      	cmp	r3, #2
200004be:	d100      	bne.n	200004c2 <dcd_rp2040_irq+0x32>
200004c0:	e0f5      	b.n	200006ae <dcd_rp2040_irq+0x21e>
200004c2:	237b      	movs	r3, #123	@ 0x7b
200004c4:	5ce3      	ldrb	r3, [r4, r3]
200004c6:	2b02      	cmp	r3, #2
200004c8:	d100      	bne.n	200004cc <dcd_rp2040_irq+0x3c>
200004ca:	e1d7      	b.n	2000087c <dcd_rp2040_irq+0x3ec>
200004cc:	23bb      	movs	r3, #187	@ 0xbb
200004ce:	5ce3      	ldrb	r3, [r4, r3]
200004d0:	2b02      	cmp	r3, #2
200004d2:	d100      	bne.n	200004d6 <dcd_rp2040_irq+0x46>
200004d4:	e1c7      	b.n	20000866 <dcd_rp2040_irq+0x3d6>
200004d6:	23fb      	movs	r3, #251	@ 0xfb
200004d8:	5ce3      	ldrb	r3, [r4, r3]
200004da:	2b02      	cmp	r3, #2
200004dc:	d100      	bne.n	200004e0 <dcd_rp2040_irq+0x50>
200004de:	e1b7      	b.n	20000850 <dcd_rp2040_irq+0x3c0>
200004e0:	233c      	movs	r3, #60	@ 0x3c
200004e2:	33ff      	adds	r3, #255	@ 0xff
200004e4:	5ce3      	ldrb	r3, [r4, r3]
200004e6:	2b02      	cmp	r3, #2
200004e8:	d100      	bne.n	200004ec <dcd_rp2040_irq+0x5c>
200004ea:	e1a5      	b.n	20000838 <dcd_rp2040_irq+0x3a8>
200004ec:	237c      	movs	r3, #124	@ 0x7c
200004ee:	33ff      	adds	r3, #255	@ 0xff
200004f0:	5ce3      	ldrb	r3, [r4, r3]
200004f2:	2b02      	cmp	r3, #2
200004f4:	d100      	bne.n	200004f8 <dcd_rp2040_irq+0x68>
200004f6:	e193      	b.n	20000820 <dcd_rp2040_irq+0x390>
200004f8:	23bc      	movs	r3, #188	@ 0xbc
200004fa:	33ff      	adds	r3, #255	@ 0xff
200004fc:	5ce3      	ldrb	r3, [r4, r3]
200004fe:	2b02      	cmp	r3, #2
20000500:	d100      	bne.n	20000504 <dcd_rp2040_irq+0x74>
20000502:	e150      	b.n	200007a6 <dcd_rp2040_irq+0x316>
20000504:	23fc      	movs	r3, #252	@ 0xfc
20000506:	33ff      	adds	r3, #255	@ 0xff
20000508:	5ce3      	ldrb	r3, [r4, r3]
2000050a:	2b02      	cmp	r3, #2
2000050c:	d100      	bne.n	20000510 <dcd_rp2040_irq+0x80>
2000050e:	e13d      	b.n	2000078c <dcd_rp2040_irq+0x2fc>
20000510:	4baf      	ldr	r3, [pc, #700]	@ (200007d0 <dcd_rp2040_irq+0x340>)
20000512:	5ce3      	ldrb	r3, [r4, r3]
20000514:	2b02      	cmp	r3, #2
20000516:	d100      	bne.n	2000051a <dcd_rp2040_irq+0x8a>
20000518:	e12c      	b.n	20000774 <dcd_rp2040_irq+0x2e4>
2000051a:	4bae      	ldr	r3, [pc, #696]	@ (200007d4 <dcd_rp2040_irq+0x344>)
2000051c:	5ce3      	ldrb	r3, [r4, r3]
2000051e:	2b02      	cmp	r3, #2
20000520:	d100      	bne.n	20000524 <dcd_rp2040_irq+0x94>
20000522:	e11b      	b.n	2000075c <dcd_rp2040_irq+0x2cc>
20000524:	4bac      	ldr	r3, [pc, #688]	@ (200007d8 <dcd_rp2040_irq+0x348>)
20000526:	5ce3      	ldrb	r3, [r4, r3]
20000528:	2b02      	cmp	r3, #2
2000052a:	d100      	bne.n	2000052e <dcd_rp2040_irq+0x9e>
2000052c:	e10a      	b.n	20000744 <dcd_rp2040_irq+0x2b4>
2000052e:	4bab      	ldr	r3, [pc, #684]	@ (200007dc <dcd_rp2040_irq+0x34c>)
20000530:	5ce3      	ldrb	r3, [r4, r3]
20000532:	2b02      	cmp	r3, #2
20000534:	d100      	bne.n	20000538 <dcd_rp2040_irq+0xa8>
20000536:	e0f9      	b.n	2000072c <dcd_rp2040_irq+0x29c>
20000538:	4ba9      	ldr	r3, [pc, #676]	@ (200007e0 <dcd_rp2040_irq+0x350>)
2000053a:	5ce3      	ldrb	r3, [r4, r3]
2000053c:	2b02      	cmp	r3, #2
2000053e:	d100      	bne.n	20000542 <dcd_rp2040_irq+0xb2>
20000540:	e0e8      	b.n	20000714 <dcd_rp2040_irq+0x284>
20000542:	4ba8      	ldr	r3, [pc, #672]	@ (200007e4 <dcd_rp2040_irq+0x354>)
20000544:	5ce3      	ldrb	r3, [r4, r3]
20000546:	2b02      	cmp	r3, #2
20000548:	d100      	bne.n	2000054c <dcd_rp2040_irq+0xbc>
2000054a:	e0c9      	b.n	200006e0 <dcd_rp2040_irq+0x250>
2000054c:	4ba6      	ldr	r3, [pc, #664]	@ (200007e8 <dcd_rp2040_irq+0x358>)
2000054e:	5ce3      	ldrb	r3, [r4, r3]
20000550:	2b02      	cmp	r3, #2
20000552:	d100      	bne.n	20000556 <dcd_rp2040_irq+0xc6>
20000554:	e19d      	b.n	20000892 <dcd_rp2040_irq+0x402>
20000556:	4ba5      	ldr	r3, [pc, #660]	@ (200007ec <dcd_rp2040_irq+0x35c>)
20000558:	5ce3      	ldrb	r3, [r4, r3]
2000055a:	2b02      	cmp	r3, #2
2000055c:	d100      	bne.n	20000560 <dcd_rp2040_irq+0xd0>
2000055e:	e1b4      	b.n	200008ca <dcd_rp2040_irq+0x43a>
20000560:	2e00      	cmp	r6, #0
20000562:	d108      	bne.n	20000576 <dcd_rp2040_irq+0xe6>
20000564:	4ba2      	ldr	r3, [pc, #648]	@ (200007f0 <dcd_rp2040_irq+0x360>)
20000566:	781b      	ldrb	r3, [r3, #0]
20000568:	2b00      	cmp	r3, #0
2000056a:	d104      	bne.n	20000576 <dcd_rp2040_irq+0xe6>
2000056c:	2180      	movs	r1, #128	@ 0x80
2000056e:	4aa1      	ldr	r2, [pc, #644]	@ (200007f4 <dcd_rp2040_irq+0x364>)
20000570:	3390      	adds	r3, #144	@ 0x90
20000572:	0289      	lsls	r1, r1, #10
20000574:	50d1      	str	r1, [r2, r3]
20000576:	22c0      	movs	r2, #192	@ 0xc0
20000578:	4b91      	ldr	r3, [pc, #580]	@ (200007c0 <dcd_rp2040_irq+0x330>)
2000057a:	a801      	add	r0, sp, #4
2000057c:	6c9b      	ldr	r3, [r3, #72]	@ 0x48
2000057e:	0092      	lsls	r2, r2, #2
20000580:	055b      	lsls	r3, r3, #21
20000582:	0d5b      	lsrs	r3, r3, #21
20000584:	2101      	movs	r1, #1
20000586:	2480      	movs	r4, #128	@ 0x80
20000588:	8002      	strh	r2, [r0, #0]
2000058a:	6043      	str	r3, [r0, #4]
2000058c:	f000 fbb2 	bl	20000cf4 <dcd_event_handler>
20000590:	4e99      	ldr	r6, [pc, #612]	@ (200007f8 <dcd_rp2040_irq+0x368>)
20000592:	02a4      	lsls	r4, r4, #10
20000594:	06eb      	lsls	r3, r5, #27
20000596:	d500      	bpl.n	2000059a <dcd_rp2040_irq+0x10a>
20000598:	e085      	b.n	200006a6 <dcd_rp2040_irq+0x216>
2000059a:	2380      	movs	r3, #128	@ 0x80
2000059c:	025b      	lsls	r3, r3, #9
2000059e:	421d      	tst	r5, r3
200005a0:	d01d      	beq.n	200005de <dcd_rp2040_irq+0x14e>
200005a2:	4f89      	ldr	r7, [pc, #548]	@ (200007c8 <dcd_rp2040_irq+0x338>)
200005a4:	431c      	orrs	r4, r3
200005a6:	7ebb      	ldrb	r3, [r7, #26]
200005a8:	2b00      	cmp	r3, #0
200005aa:	d12b      	bne.n	20000604 <dcd_rp2040_irq+0x174>
200005ac:	3301      	adds	r3, #1
200005ae:	70fb      	strb	r3, [r7, #3]
200005b0:	3720      	adds	r7, #32
200005b2:	2301      	movs	r3, #1
200005b4:	4698      	mov	r8, r3
200005b6:	7ebb      	ldrb	r3, [r7, #26]
200005b8:	2601      	movs	r6, #1
200005ba:	2b00      	cmp	r3, #0
200005bc:	d125      	bne.n	2000060a <dcd_rp2040_irq+0x17a>
200005be:	70fe      	strb	r6, [r7, #3]
200005c0:	23c0      	movs	r3, #192	@ 0xc0
200005c2:	a801      	add	r0, sp, #4
200005c4:	00db      	lsls	r3, r3, #3
200005c6:	4a8d      	ldr	r2, [pc, #564]	@ (200007fc <dcd_rp2040_irq+0x36c>)
200005c8:	8003      	strh	r3, [r0, #0]
200005ca:	ab02      	add	r3, sp, #8
200005cc:	ca42      	ldmia	r2!, {r1, r6}
200005ce:	c342      	stmia	r3!, {r1, r6}
200005d0:	2101      	movs	r1, #1
200005d2:	f000 fb8f 	bl	20000cf4 <dcd_event_handler>
200005d6:	2280      	movs	r2, #128	@ 0x80
200005d8:	4b86      	ldr	r3, [pc, #536]	@ (200007f4 <dcd_rp2040_irq+0x364>)
200005da:	0292      	lsls	r2, r2, #10
200005dc:	651a      	str	r2, [r3, #80]	@ 0x50
200005de:	2380      	movs	r3, #128	@ 0x80
200005e0:	015b      	lsls	r3, r3, #5
200005e2:	421d      	tst	r5, r3
200005e4:	d12c      	bne.n	20000640 <dcd_rp2040_irq+0x1b0>
200005e6:	2380      	movs	r3, #128	@ 0x80
200005e8:	01db      	lsls	r3, r3, #7
200005ea:	421d      	tst	r5, r3
200005ec:	d13f      	bne.n	2000066e <dcd_rp2040_irq+0x1de>
200005ee:	2380      	movs	r3, #128	@ 0x80
200005f0:	021b      	lsls	r3, r3, #8
200005f2:	421d      	tst	r5, r3
200005f4:	d14a      	bne.n	2000068c <dcd_rp2040_irq+0x1fc>
200005f6:	42ac      	cmp	r4, r5
200005f8:	d000      	beq.n	200005fc <dcd_rp2040_irq+0x16c>
200005fa:	e1e3      	b.n	200009c4 <dcd_rp2040_irq+0x534>
200005fc:	b004      	add	sp, #16
200005fe:	bc80      	pop	{r7}
20000600:	46b8      	mov	r8, r7
20000602:	bdf0      	pop	{r4, r5, r6, r7, pc}
20000604:	2300      	movs	r3, #0
20000606:	2602      	movs	r6, #2
20000608:	4698      	mov	r8, r3
2000060a:	f000 fc7d 	bl	20000f08 <__rp2040_chip_version_veneer>
2000060e:	2801      	cmp	r0, #1
20000610:	d85e      	bhi.n	200006d0 <dcd_rp2040_irq+0x240>
20000612:	22c0      	movs	r2, #192	@ 0xc0
20000614:	2100      	movs	r1, #0
20000616:	0038      	movs	r0, r7
20000618:	0192      	lsls	r2, r2, #6
2000061a:	f000 faed 	bl	20000bf8 <_hw_endpoint_buffer_control_update32>
2000061e:	0038      	movs	r0, r7
20000620:	f000 fae4 	bl	20000bec <hw_endpoint_reset_transfer>
20000624:	f000 fc70 	bl	20000f08 <__rp2040_chip_version_veneer>
20000628:	2801      	cmp	r0, #1
2000062a:	d902      	bls.n	20000632 <dcd_rp2040_irq+0x1a2>
2000062c:	4b71      	ldr	r3, [pc, #452]	@ (200007f4 <dcd_rp2040_irq+0x364>)
2000062e:	665e      	str	r6, [r3, #100]	@ 0x64
20000630:	661e      	str	r6, [r3, #96]	@ 0x60
20000632:	2301      	movs	r3, #1
20000634:	70fb      	strb	r3, [r7, #3]
20000636:	4643      	mov	r3, r8
20000638:	2b01      	cmp	r3, #1
2000063a:	d0c1      	beq.n	200005c0 <dcd_rp2040_irq+0x130>
2000063c:	3720      	adds	r7, #32
2000063e:	e7b8      	b.n	200005b2 <dcd_rp2040_irq+0x122>
20000640:	2600      	movs	r6, #0
20000642:	431c      	orrs	r4, r3
20000644:	4b5e      	ldr	r3, [pc, #376]	@ (200007c0 <dcd_rp2040_irq+0x330>)
20000646:	601e      	str	r6, [r3, #0]
20000648:	f7ff fea2 	bl	20000390 <reset_non_control_endpoints>
2000064c:	2380      	movs	r3, #128	@ 0x80
2000064e:	466a      	mov	r2, sp
20000650:	005b      	lsls	r3, r3, #1
20000652:	8093      	strh	r3, [r2, #4]
20000654:	7216      	strb	r6, [r2, #8]
20000656:	2101      	movs	r1, #1
20000658:	a801      	add	r0, sp, #4
2000065a:	f000 fb4b 	bl	20000cf4 <dcd_event_handler>
2000065e:	2280      	movs	r2, #128	@ 0x80
20000660:	4b64      	ldr	r3, [pc, #400]	@ (200007f4 <dcd_rp2040_irq+0x364>)
20000662:	0312      	lsls	r2, r2, #12
20000664:	651a      	str	r2, [r3, #80]	@ 0x50
20000666:	2380      	movs	r3, #128	@ 0x80
20000668:	01db      	lsls	r3, r3, #7
2000066a:	421d      	tst	r5, r3
2000066c:	d0bf      	beq.n	200005ee <dcd_rp2040_irq+0x15e>
2000066e:	431c      	orrs	r4, r3
20000670:	2380      	movs	r3, #128	@ 0x80
20000672:	a801      	add	r0, sp, #4
20000674:	00db      	lsls	r3, r3, #3
20000676:	8003      	strh	r3, [r0, #0]
20000678:	2101      	movs	r1, #1
2000067a:	f000 fb3b 	bl	20000cf4 <dcd_event_handler>
2000067e:	2210      	movs	r2, #16
20000680:	4b5c      	ldr	r3, [pc, #368]	@ (200007f4 <dcd_rp2040_irq+0x364>)
20000682:	651a      	str	r2, [r3, #80]	@ 0x50
20000684:	2380      	movs	r3, #128	@ 0x80
20000686:	021b      	lsls	r3, r3, #8
20000688:	421d      	tst	r5, r3
2000068a:	d0b4      	beq.n	200005f6 <dcd_rp2040_irq+0x166>
2000068c:	431c      	orrs	r4, r3
2000068e:	23a0      	movs	r3, #160	@ 0xa0
20000690:	a801      	add	r0, sp, #4
20000692:	00db      	lsls	r3, r3, #3
20000694:	8003      	strh	r3, [r0, #0]
20000696:	2101      	movs	r1, #1
20000698:	f000 fb2c 	bl	20000cf4 <dcd_event_handler>
2000069c:	2280      	movs	r2, #128	@ 0x80
2000069e:	4b55      	ldr	r3, [pc, #340]	@ (200007f4 <dcd_rp2040_irq+0x364>)
200006a0:	0112      	lsls	r2, r2, #4
200006a2:	651a      	str	r2, [r3, #80]	@ 0x50
200006a4:	e7a7      	b.n	200005f6 <dcd_rp2040_irq+0x166>
200006a6:	f7ff fea7 	bl	200003f8 <hw_handle_buff_status>
200006aa:	0034      	movs	r4, r6
200006ac:	e775      	b.n	2000059a <dcd_rp2040_irq+0x10a>
200006ae:	3338      	adds	r3, #56	@ 0x38
200006b0:	5ce6      	ldrb	r6, [r4, r3]
200006b2:	2e00      	cmp	r6, #0
200006b4:	d100      	bne.n	200006b8 <dcd_rp2040_irq+0x228>
200006b6:	e704      	b.n	200004c2 <dcd_rp2040_irq+0x32>
200006b8:	3302      	adds	r3, #2
200006ba:	5ce2      	ldrb	r2, [r4, r3]
200006bc:	2a00      	cmp	r2, #0
200006be:	d100      	bne.n	200006c2 <dcd_rp2040_irq+0x232>
200006c0:	e6ff      	b.n	200004c2 <dcd_rp2040_irq+0x32>
200006c2:	0020      	movs	r0, r4
200006c4:	2200      	movs	r2, #0
200006c6:	3020      	adds	r0, #32
200006c8:	54e2      	strb	r2, [r4, r3]
200006ca:	f000 fabd 	bl	20000c48 <hw_endpoint_start_next_buffer>
200006ce:	e6f8      	b.n	200004c2 <dcd_rp2040_irq+0x32>
200006d0:	4b4b      	ldr	r3, [pc, #300]	@ (20000800 <dcd_rp2040_irq+0x370>)
200006d2:	4a3b      	ldr	r2, [pc, #236]	@ (200007c0 <dcd_rp2040_irq+0x330>)
200006d4:	661e      	str	r6, [r3, #96]	@ 0x60
200006d6:	6e53      	ldr	r3, [r2, #100]	@ 0x64
200006d8:	4033      	ands	r3, r6
200006da:	429e      	cmp	r6, r3
200006dc:	d1fb      	bne.n	200006d6 <dcd_rp2040_irq+0x246>
200006de:	e798      	b.n	20000612 <dcd_rp2040_irq+0x182>
200006e0:	4b48      	ldr	r3, [pc, #288]	@ (20000804 <dcd_rp2040_irq+0x374>)
200006e2:	5ce7      	ldrb	r7, [r4, r3]
200006e4:	2f00      	cmp	r7, #0
200006e6:	d100      	bne.n	200006ea <dcd_rp2040_irq+0x25a>
200006e8:	e730      	b.n	2000054c <dcd_rp2040_irq+0xbc>
200006ea:	3302      	adds	r3, #2
200006ec:	5ce2      	ldrb	r2, [r4, r3]
200006ee:	2a00      	cmp	r2, #0
200006f0:	d000      	beq.n	200006f4 <dcd_rp2040_irq+0x264>
200006f2:	e160      	b.n	200009b6 <dcd_rp2040_irq+0x526>
200006f4:	4b3c      	ldr	r3, [pc, #240]	@ (200007e8 <dcd_rp2040_irq+0x358>)
200006f6:	5ce3      	ldrb	r3, [r4, r3]
200006f8:	2b02      	cmp	r3, #2
200006fa:	d100      	bne.n	200006fe <dcd_rp2040_irq+0x26e>
200006fc:	e0db      	b.n	200008b6 <dcd_rp2040_irq+0x426>
200006fe:	4b3b      	ldr	r3, [pc, #236]	@ (200007ec <dcd_rp2040_irq+0x35c>)
20000700:	5ce3      	ldrb	r3, [r4, r3]
20000702:	2b02      	cmp	r3, #2
20000704:	d000      	beq.n	20000708 <dcd_rp2040_irq+0x278>
20000706:	e736      	b.n	20000576 <dcd_rp2040_irq+0xe6>
20000708:	4b3f      	ldr	r3, [pc, #252]	@ (20000808 <dcd_rp2040_irq+0x378>)
2000070a:	5ce3      	ldrb	r3, [r4, r3]
2000070c:	2b00      	cmp	r3, #0
2000070e:	d000      	beq.n	20000712 <dcd_rp2040_irq+0x282>
20000710:	e0e0      	b.n	200008d4 <dcd_rp2040_irq+0x444>
20000712:	e730      	b.n	20000576 <dcd_rp2040_irq+0xe6>
20000714:	4b3d      	ldr	r3, [pc, #244]	@ (2000080c <dcd_rp2040_irq+0x37c>)
20000716:	5ce7      	ldrb	r7, [r4, r3]
20000718:	2f00      	cmp	r7, #0
2000071a:	d100      	bne.n	2000071e <dcd_rp2040_irq+0x28e>
2000071c:	e711      	b.n	20000542 <dcd_rp2040_irq+0xb2>
2000071e:	3302      	adds	r3, #2
20000720:	5ce2      	ldrb	r2, [r4, r3]
20000722:	2a00      	cmp	r2, #0
20000724:	d000      	beq.n	20000728 <dcd_rp2040_irq+0x298>
20000726:	e13e      	b.n	200009a6 <dcd_rp2040_irq+0x516>
20000728:	003e      	movs	r6, r7
2000072a:	e70a      	b.n	20000542 <dcd_rp2040_irq+0xb2>
2000072c:	4b38      	ldr	r3, [pc, #224]	@ (20000810 <dcd_rp2040_irq+0x380>)
2000072e:	5ce7      	ldrb	r7, [r4, r3]
20000730:	2f00      	cmp	r7, #0
20000732:	d100      	bne.n	20000736 <dcd_rp2040_irq+0x2a6>
20000734:	e700      	b.n	20000538 <dcd_rp2040_irq+0xa8>
20000736:	3302      	adds	r3, #2
20000738:	5ce2      	ldrb	r2, [r4, r3]
2000073a:	2a00      	cmp	r2, #0
2000073c:	d000      	beq.n	20000740 <dcd_rp2040_irq+0x2b0>
2000073e:	e12a      	b.n	20000996 <dcd_rp2040_irq+0x506>
20000740:	003e      	movs	r6, r7
20000742:	e6f9      	b.n	20000538 <dcd_rp2040_irq+0xa8>
20000744:	4b33      	ldr	r3, [pc, #204]	@ (20000814 <dcd_rp2040_irq+0x384>)
20000746:	5ce7      	ldrb	r7, [r4, r3]
20000748:	2f00      	cmp	r7, #0
2000074a:	d100      	bne.n	2000074e <dcd_rp2040_irq+0x2be>
2000074c:	e6ef      	b.n	2000052e <dcd_rp2040_irq+0x9e>
2000074e:	3302      	adds	r3, #2
20000750:	5ce2      	ldrb	r2, [r4, r3]
20000752:	2a00      	cmp	r2, #0
20000754:	d000      	beq.n	20000758 <dcd_rp2040_irq+0x2c8>
20000756:	e116      	b.n	20000986 <dcd_rp2040_irq+0x4f6>
20000758:	003e      	movs	r6, r7
2000075a:	e6e8      	b.n	2000052e <dcd_rp2040_irq+0x9e>
2000075c:	4b2e      	ldr	r3, [pc, #184]	@ (20000818 <dcd_rp2040_irq+0x388>)
2000075e:	5ce7      	ldrb	r7, [r4, r3]
20000760:	2f00      	cmp	r7, #0
20000762:	d100      	bne.n	20000766 <dcd_rp2040_irq+0x2d6>
20000764:	e6de      	b.n	20000524 <dcd_rp2040_irq+0x94>
20000766:	3302      	adds	r3, #2
20000768:	5ce2      	ldrb	r2, [r4, r3]
2000076a:	2a00      	cmp	r2, #0
2000076c:	d000      	beq.n	20000770 <dcd_rp2040_irq+0x2e0>
2000076e:	e102      	b.n	20000976 <dcd_rp2040_irq+0x4e6>
20000770:	003e      	movs	r6, r7
20000772:	e6d7      	b.n	20000524 <dcd_rp2040_irq+0x94>
20000774:	4b29      	ldr	r3, [pc, #164]	@ (2000081c <dcd_rp2040_irq+0x38c>)
20000776:	5ce7      	ldrb	r7, [r4, r3]
20000778:	2f00      	cmp	r7, #0
2000077a:	d100      	bne.n	2000077e <dcd_rp2040_irq+0x2ee>
2000077c:	e6cd      	b.n	2000051a <dcd_rp2040_irq+0x8a>
2000077e:	3302      	adds	r3, #2
20000780:	5ce2      	ldrb	r2, [r4, r3]
20000782:	2a00      	cmp	r2, #0
20000784:	d000      	beq.n	20000788 <dcd_rp2040_irq+0x2f8>
20000786:	e0ee      	b.n	20000966 <dcd_rp2040_irq+0x4d6>
20000788:	003e      	movs	r6, r7
2000078a:	e6c6      	b.n	2000051a <dcd_rp2040_irq+0x8a>
2000078c:	33f9      	adds	r3, #249	@ 0xf9
2000078e:	33ff      	adds	r3, #255	@ 0xff
20000790:	5ce7      	ldrb	r7, [r4, r3]
20000792:	2f00      	cmp	r7, #0
20000794:	d100      	bne.n	20000798 <dcd_rp2040_irq+0x308>
20000796:	e6bb      	b.n	20000510 <dcd_rp2040_irq+0x80>
20000798:	3302      	adds	r3, #2
2000079a:	5ce2      	ldrb	r2, [r4, r3]
2000079c:	2a00      	cmp	r2, #0
2000079e:	d000      	beq.n	200007a2 <dcd_rp2040_irq+0x312>
200007a0:	e0d8      	b.n	20000954 <dcd_rp2040_irq+0x4c4>
200007a2:	003e      	movs	r6, r7
200007a4:	e6b4      	b.n	20000510 <dcd_rp2040_irq+0x80>
200007a6:	33b9      	adds	r3, #185	@ 0xb9
200007a8:	33ff      	adds	r3, #255	@ 0xff
200007aa:	5ce7      	ldrb	r7, [r4, r3]
200007ac:	2f00      	cmp	r7, #0
200007ae:	d100      	bne.n	200007b2 <dcd_rp2040_irq+0x322>
200007b0:	e6a8      	b.n	20000504 <dcd_rp2040_irq+0x74>
200007b2:	3302      	adds	r3, #2
200007b4:	5ce2      	ldrb	r2, [r4, r3]
200007b6:	2a00      	cmp	r2, #0
200007b8:	d000      	beq.n	200007bc <dcd_rp2040_irq+0x32c>
200007ba:	e0c2      	b.n	20000942 <dcd_rp2040_irq+0x4b2>
200007bc:	003e      	movs	r6, r7
200007be:	e6a1      	b.n	20000504 <dcd_rp2040_irq+0x74>
200007c0:	50110000 	.word	0x50110000
200007c4:	40054000 	.word	0x40054000
200007c8:	2000180c 	.word	0x2000180c
200007cc:	20001804 	.word	0x20001804
200007d0:	0000023b 	.word	0x0000023b
200007d4:	0000027b 	.word	0x0000027b
200007d8:	000002bb 	.word	0x000002bb
200007dc:	000002fb 	.word	0x000002fb
200007e0:	0000033b 	.word	0x0000033b
200007e4:	0000037b 	.word	0x0000037b
200007e8:	000003bb 	.word	0x000003bb
200007ec:	000003fb 	.word	0x000003fb
200007f0:	20001c5a 	.word	0x20001c5a
200007f4:	50113000 	.word	0x50113000
200007f8:	00020010 	.word	0x00020010
200007fc:	50100000 	.word	0x50100000
20000800:	50112000 	.word	0x50112000
20000804:	0000037a 	.word	0x0000037a
20000808:	000003fa 	.word	0x000003fa
2000080c:	0000033a 	.word	0x0000033a
20000810:	000002fa 	.word	0x000002fa
20000814:	000002ba 	.word	0x000002ba
20000818:	0000027a 	.word	0x0000027a
2000081c:	0000023a 	.word	0x0000023a
20000820:	3379      	adds	r3, #121	@ 0x79
20000822:	33ff      	adds	r3, #255	@ 0xff
20000824:	5ce7      	ldrb	r7, [r4, r3]
20000826:	2f00      	cmp	r7, #0
20000828:	d100      	bne.n	2000082c <dcd_rp2040_irq+0x39c>
2000082a:	e665      	b.n	200004f8 <dcd_rp2040_irq+0x68>
2000082c:	3302      	adds	r3, #2
2000082e:	5ce2      	ldrb	r2, [r4, r3]
20000830:	2a00      	cmp	r2, #0
20000832:	d17d      	bne.n	20000930 <dcd_rp2040_irq+0x4a0>
20000834:	003e      	movs	r6, r7
20000836:	e65f      	b.n	200004f8 <dcd_rp2040_irq+0x68>
20000838:	3339      	adds	r3, #57	@ 0x39
2000083a:	33ff      	adds	r3, #255	@ 0xff
2000083c:	5ce7      	ldrb	r7, [r4, r3]
2000083e:	2f00      	cmp	r7, #0
20000840:	d100      	bne.n	20000844 <dcd_rp2040_irq+0x3b4>
20000842:	e653      	b.n	200004ec <dcd_rp2040_irq+0x5c>
20000844:	3302      	adds	r3, #2
20000846:	5ce2      	ldrb	r2, [r4, r3]
20000848:	2a00      	cmp	r2, #0
2000084a:	d168      	bne.n	2000091e <dcd_rp2040_irq+0x48e>
2000084c:	003e      	movs	r6, r7
2000084e:	e64d      	b.n	200004ec <dcd_rp2040_irq+0x5c>
20000850:	33f8      	adds	r3, #248	@ 0xf8
20000852:	5ce7      	ldrb	r7, [r4, r3]
20000854:	2f00      	cmp	r7, #0
20000856:	d100      	bne.n	2000085a <dcd_rp2040_irq+0x3ca>
20000858:	e642      	b.n	200004e0 <dcd_rp2040_irq+0x50>
2000085a:	3302      	adds	r3, #2
2000085c:	5ce2      	ldrb	r2, [r4, r3]
2000085e:	2a00      	cmp	r2, #0
20000860:	d155      	bne.n	2000090e <dcd_rp2040_irq+0x47e>
20000862:	003e      	movs	r6, r7
20000864:	e63c      	b.n	200004e0 <dcd_rp2040_irq+0x50>
20000866:	33b8      	adds	r3, #184	@ 0xb8
20000868:	5ce7      	ldrb	r7, [r4, r3]
2000086a:	2f00      	cmp	r7, #0
2000086c:	d100      	bne.n	20000870 <dcd_rp2040_irq+0x3e0>
2000086e:	e632      	b.n	200004d6 <dcd_rp2040_irq+0x46>
20000870:	3302      	adds	r3, #2
20000872:	5ce2      	ldrb	r2, [r4, r3]
20000874:	2a00      	cmp	r2, #0
20000876:	d142      	bne.n	200008fe <dcd_rp2040_irq+0x46e>
20000878:	003e      	movs	r6, r7
2000087a:	e62c      	b.n	200004d6 <dcd_rp2040_irq+0x46>
2000087c:	3378      	adds	r3, #120	@ 0x78
2000087e:	5ce7      	ldrb	r7, [r4, r3]
20000880:	2f00      	cmp	r7, #0
20000882:	d100      	bne.n	20000886 <dcd_rp2040_irq+0x3f6>
20000884:	e622      	b.n	200004cc <dcd_rp2040_irq+0x3c>
20000886:	3302      	adds	r3, #2
20000888:	5ce2      	ldrb	r2, [r4, r3]
2000088a:	2a00      	cmp	r2, #0
2000088c:	d12f      	bne.n	200008ee <dcd_rp2040_irq+0x45e>
2000088e:	003e      	movs	r6, r7
20000890:	e61c      	b.n	200004cc <dcd_rp2040_irq+0x3c>
20000892:	4b4f      	ldr	r3, [pc, #316]	@ (200009d0 <dcd_rp2040_irq+0x540>)
20000894:	5ce3      	ldrb	r3, [r4, r3]
20000896:	2b00      	cmp	r3, #0
20000898:	d100      	bne.n	2000089c <dcd_rp2040_irq+0x40c>
2000089a:	e65c      	b.n	20000556 <dcd_rp2040_irq+0xc6>
2000089c:	23ef      	movs	r3, #239	@ 0xef
2000089e:	009b      	lsls	r3, r3, #2
200008a0:	5ce2      	ldrb	r2, [r4, r3]
200008a2:	2a00      	cmp	r2, #0
200008a4:	d100      	bne.n	200008a8 <dcd_rp2040_irq+0x418>
200008a6:	e72a      	b.n	200006fe <dcd_rp2040_irq+0x26e>
200008a8:	2200      	movs	r2, #0
200008aa:	54e2      	strb	r2, [r4, r3]
200008ac:	3b1c      	subs	r3, #28
200008ae:	18e0      	adds	r0, r4, r3
200008b0:	f000 f9ca 	bl	20000c48 <hw_endpoint_start_next_buffer>
200008b4:	e723      	b.n	200006fe <dcd_rp2040_irq+0x26e>
200008b6:	4b46      	ldr	r3, [pc, #280]	@ (200009d0 <dcd_rp2040_irq+0x540>)
200008b8:	5ce3      	ldrb	r3, [r4, r3]
200008ba:	2b00      	cmp	r3, #0
200008bc:	d1ee      	bne.n	2000089c <dcd_rp2040_irq+0x40c>
200008be:	4b45      	ldr	r3, [pc, #276]	@ (200009d4 <dcd_rp2040_irq+0x544>)
200008c0:	5ce3      	ldrb	r3, [r4, r3]
200008c2:	2b02      	cmp	r3, #2
200008c4:	d000      	beq.n	200008c8 <dcd_rp2040_irq+0x438>
200008c6:	e656      	b.n	20000576 <dcd_rp2040_irq+0xe6>
200008c8:	003e      	movs	r6, r7
200008ca:	4b43      	ldr	r3, [pc, #268]	@ (200009d8 <dcd_rp2040_irq+0x548>)
200008cc:	5ce3      	ldrb	r3, [r4, r3]
200008ce:	2b00      	cmp	r3, #0
200008d0:	d100      	bne.n	200008d4 <dcd_rp2040_irq+0x444>
200008d2:	e645      	b.n	20000560 <dcd_rp2040_irq+0xd0>
200008d4:	23ff      	movs	r3, #255	@ 0xff
200008d6:	009b      	lsls	r3, r3, #2
200008d8:	5ce2      	ldrb	r2, [r4, r3]
200008da:	2a00      	cmp	r2, #0
200008dc:	d100      	bne.n	200008e0 <dcd_rp2040_irq+0x450>
200008de:	e64a      	b.n	20000576 <dcd_rp2040_irq+0xe6>
200008e0:	2200      	movs	r2, #0
200008e2:	54e2      	strb	r2, [r4, r3]
200008e4:	3b1c      	subs	r3, #28
200008e6:	18e0      	adds	r0, r4, r3
200008e8:	f000 f9ae 	bl	20000c48 <hw_endpoint_start_next_buffer>
200008ec:	e643      	b.n	20000576 <dcd_rp2040_irq+0xe6>
200008ee:	0020      	movs	r0, r4
200008f0:	2200      	movs	r2, #0
200008f2:	3060      	adds	r0, #96	@ 0x60
200008f4:	54e2      	strb	r2, [r4, r3]
200008f6:	003e      	movs	r6, r7
200008f8:	f000 f9a6 	bl	20000c48 <hw_endpoint_start_next_buffer>
200008fc:	e5e6      	b.n	200004cc <dcd_rp2040_irq+0x3c>
200008fe:	0020      	movs	r0, r4
20000900:	2200      	movs	r2, #0
20000902:	30a0      	adds	r0, #160	@ 0xa0
20000904:	54e2      	strb	r2, [r4, r3]
20000906:	003e      	movs	r6, r7
20000908:	f000 f99e 	bl	20000c48 <hw_endpoint_start_next_buffer>
2000090c:	e5e3      	b.n	200004d6 <dcd_rp2040_irq+0x46>
2000090e:	0020      	movs	r0, r4
20000910:	2200      	movs	r2, #0
20000912:	30e0      	adds	r0, #224	@ 0xe0
20000914:	54e2      	strb	r2, [r4, r3]
20000916:	003e      	movs	r6, r7
20000918:	f000 f996 	bl	20000c48 <hw_endpoint_start_next_buffer>
2000091c:	e5e0      	b.n	200004e0 <dcd_rp2040_irq+0x50>
2000091e:	0020      	movs	r0, r4
20000920:	2200      	movs	r2, #0
20000922:	3021      	adds	r0, #33	@ 0x21
20000924:	30ff      	adds	r0, #255	@ 0xff
20000926:	54e2      	strb	r2, [r4, r3]
20000928:	003e      	movs	r6, r7
2000092a:	f000 f98d 	bl	20000c48 <hw_endpoint_start_next_buffer>
2000092e:	e5dd      	b.n	200004ec <dcd_rp2040_irq+0x5c>
20000930:	0020      	movs	r0, r4
20000932:	2200      	movs	r2, #0
20000934:	3061      	adds	r0, #97	@ 0x61
20000936:	30ff      	adds	r0, #255	@ 0xff
20000938:	54e2      	strb	r2, [r4, r3]
2000093a:	003e      	movs	r6, r7
2000093c:	f000 f984 	bl	20000c48 <hw_endpoint_start_next_buffer>
20000940:	e5da      	b.n	200004f8 <dcd_rp2040_irq+0x68>
20000942:	0020      	movs	r0, r4
20000944:	2200      	movs	r2, #0
20000946:	30a1      	adds	r0, #161	@ 0xa1
20000948:	30ff      	adds	r0, #255	@ 0xff
2000094a:	54e2      	strb	r2, [r4, r3]
2000094c:	003e      	movs	r6, r7
2000094e:	f000 f97b 	bl	20000c48 <hw_endpoint_start_next_buffer>
20000952:	e5d7      	b.n	20000504 <dcd_rp2040_irq+0x74>
20000954:	0020      	movs	r0, r4
20000956:	2200      	movs	r2, #0
20000958:	30e1      	adds	r0, #225	@ 0xe1
2000095a:	30ff      	adds	r0, #255	@ 0xff
2000095c:	54e2      	strb	r2, [r4, r3]
2000095e:	003e      	movs	r6, r7
20000960:	f000 f972 	bl	20000c48 <hw_endpoint_start_next_buffer>
20000964:	e5d4      	b.n	20000510 <dcd_rp2040_irq+0x80>
20000966:	2200      	movs	r2, #0
20000968:	54e2      	strb	r2, [r4, r3]
2000096a:	3b1c      	subs	r3, #28
2000096c:	18e0      	adds	r0, r4, r3
2000096e:	f000 f96b 	bl	20000c48 <hw_endpoint_start_next_buffer>
20000972:	003e      	movs	r6, r7
20000974:	e5d1      	b.n	2000051a <dcd_rp2040_irq+0x8a>
20000976:	2200      	movs	r2, #0
20000978:	54e2      	strb	r2, [r4, r3]
2000097a:	3b1c      	subs	r3, #28
2000097c:	18e0      	adds	r0, r4, r3
2000097e:	f000 f963 	bl	20000c48 <hw_endpoint_start_next_buffer>
20000982:	003e      	movs	r6, r7
20000984:	e5ce      	b.n	20000524 <dcd_rp2040_irq+0x94>
20000986:	2200      	movs	r2, #0
20000988:	54e2      	strb	r2, [r4, r3]
2000098a:	3b1c      	subs	r3, #28
2000098c:	18e0      	adds	r0, r4, r3
2000098e:	f000 f95b 	bl	20000c48 <hw_endpoint_start_next_buffer>
20000992:	003e      	movs	r6, r7
20000994:	e5cb      	b.n	2000052e <dcd_rp2040_irq+0x9e>
20000996:	2200      	movs	r2, #0
20000998:	54e2      	strb	r2, [r4, r3]
2000099a:	3b1c      	subs	r3, #28
2000099c:	18e0      	adds	r0, r4, r3
2000099e:	f000 f953 	bl	20000c48 <hw_endpoint_start_next_buffer>
200009a2:	003e      	movs	r6, r7
200009a4:	e5c8      	b.n	20000538 <dcd_rp2040_irq+0xa8>
200009a6:	2200      	movs	r2, #0
200009a8:	54e2      	strb	r2, [r4, r3]
200009aa:	3b1c      	subs	r3, #28
200009ac:	18e0      	adds	r0, r4, r3
200009ae:	f000 f94b 	bl	20000c48 <hw_endpoint_start_next_buffer>
200009b2:	003e      	movs	r6, r7
200009b4:	e5c5      	b.n	20000542 <dcd_rp2040_irq+0xb2>
200009b6:	2200      	movs	r2, #0
200009b8:	54e2      	strb	r2, [r4, r3]
200009ba:	3b1c      	subs	r3, #28
200009bc:	18e0      	adds	r0, r4, r3
200009be:	f000 f943 	bl	20000c48 <hw_endpoint_start_next_buffer>
200009c2:	e697      	b.n	200006f4 <dcd_rp2040_irq+0x264>
200009c4:	0021      	movs	r1, r4
200009c6:	4805      	ldr	r0, [pc, #20]	@ (200009dc <dcd_rp2040_irq+0x54c>)
200009c8:	4069      	eors	r1, r5
200009ca:	f000 fa85 	bl	20000ed8 <__panic_veneer>
200009ce:	46c0      	nop			@ (mov r8, r8)
200009d0:	000003ba 	.word	0x000003ba
200009d4:	000003fb 	.word	0x000003fb
200009d8:	000003fa 	.word	0x000003fa
200009dc:	10006f4c 	.word	0x10006f4c

200009e0 <prepare_ep_buffer>:
200009e0:	b5f0      	push	{r4, r5, r6, r7, lr}
200009e2:	46d6      	mov	lr, sl
200009e4:	464f      	mov	r7, r9
200009e6:	4646      	mov	r6, r8
200009e8:	b5c0      	push	{r6, r7, lr}
200009ea:	0002      	movs	r2, r0
200009ec:	8a83      	ldrh	r3, [r0, #20]
200009ee:	8b00      	ldrh	r0, [r0, #24]
200009f0:	468a      	mov	sl, r1
200009f2:	1c04      	adds	r4, r0, #0
200009f4:	4298      	cmp	r0, r3
200009f6:	d900      	bls.n	200009fa <prepare_ep_buffer+0x1a>
200009f8:	1c1c      	adds	r4, r3, #0
200009fa:	78d5      	ldrb	r5, [r2, #3]
200009fc:	2680      	movs	r6, #128	@ 0x80
200009fe:	0028      	movs	r0, r5
20000a00:	1e47      	subs	r7, r0, #1
20000a02:	41b8      	sbcs	r0, r7
20000a04:	b2a4      	uxth	r4, r4
20000a06:	00f6      	lsls	r6, r6, #3
20000a08:	4326      	orrs	r6, r4
20000a0a:	0340      	lsls	r0, r0, #13
20000a0c:	4330      	orrs	r0, r6
20000a0e:	2601      	movs	r6, #1
20000a10:	4075      	eors	r5, r6
20000a12:	1b1b      	subs	r3, r3, r4
20000a14:	70d5      	strb	r5, [r2, #3]
20000a16:	7855      	ldrb	r5, [r2, #1]
20000a18:	b29b      	uxth	r3, r3
20000a1a:	8293      	strh	r3, [r2, #20]
20000a1c:	2d00      	cmp	r5, #0
20000a1e:	d137      	bne.n	20000a90 <prepare_ep_buffer+0xb0>
20000a20:	4651      	mov	r1, sl
20000a22:	68d6      	ldr	r6, [r2, #12]
20000a24:	018d      	lsls	r5, r1, #6
20000a26:	1e61      	subs	r1, r4, #1
20000a28:	1976      	adds	r6, r6, r5
20000a2a:	4688      	mov	r8, r1
20000a2c:	6915      	ldr	r5, [r2, #16]
20000a2e:	2c00      	cmp	r4, #0
20000a30:	d029      	beq.n	20000a86 <prepare_ep_buffer+0xa6>
20000a32:	2906      	cmp	r1, #6
20000a34:	d93a      	bls.n	20000aac <prepare_ep_buffer+0xcc>
20000a36:	002b      	movs	r3, r5
20000a38:	4333      	orrs	r3, r6
20000a3a:	079b      	lsls	r3, r3, #30
20000a3c:	d136      	bne.n	20000aac <prepare_ep_buffer+0xcc>
20000a3e:	1c6b      	adds	r3, r5, #1
20000a40:	1af3      	subs	r3, r6, r3
20000a42:	2b02      	cmp	r3, #2
20000a44:	d932      	bls.n	20000aac <prepare_ep_buffer+0xcc>
20000a46:	1f23      	subs	r3, r4, #4
20000a48:	089b      	lsrs	r3, r3, #2
20000a4a:	3301      	adds	r3, #1
20000a4c:	469c      	mov	ip, r3
20000a4e:	2700      	movs	r7, #0
20000a50:	2300      	movs	r3, #0
20000a52:	58e9      	ldr	r1, [r5, r3]
20000a54:	3701      	adds	r7, #1
20000a56:	50f1      	str	r1, [r6, r3]
20000a58:	3304      	adds	r3, #4
20000a5a:	45bc      	cmp	ip, r7
20000a5c:	d8f9      	bhi.n	20000a52 <prepare_ep_buffer+0x72>
20000a5e:	4663      	mov	r3, ip
20000a60:	4641      	mov	r1, r8
20000a62:	009b      	lsls	r3, r3, #2
20000a64:	18ed      	adds	r5, r5, r3
20000a66:	18f6      	adds	r6, r6, r3
20000a68:	1acf      	subs	r7, r1, r3
20000a6a:	429c      	cmp	r4, r3
20000a6c:	d009      	beq.n	20000a82 <prepare_ep_buffer+0xa2>
20000a6e:	782b      	ldrb	r3, [r5, #0]
20000a70:	7033      	strb	r3, [r6, #0]
20000a72:	2f00      	cmp	r7, #0
20000a74:	d005      	beq.n	20000a82 <prepare_ep_buffer+0xa2>
20000a76:	786b      	ldrb	r3, [r5, #1]
20000a78:	7073      	strb	r3, [r6, #1]
20000a7a:	2f01      	cmp	r7, #1
20000a7c:	d001      	beq.n	20000a82 <prepare_ep_buffer+0xa2>
20000a7e:	78ab      	ldrb	r3, [r5, #2]
20000a80:	70b3      	strb	r3, [r6, #2]
20000a82:	6915      	ldr	r5, [r2, #16]
20000a84:	8a93      	ldrh	r3, [r2, #20]
20000a86:	192d      	adds	r5, r5, r4
20000a88:	6115      	str	r5, [r2, #16]
20000a8a:	2280      	movs	r2, #128	@ 0x80
20000a8c:	0212      	lsls	r2, r2, #8
20000a8e:	4310      	orrs	r0, r2
20000a90:	2b00      	cmp	r3, #0
20000a92:	d102      	bne.n	20000a9a <prepare_ep_buffer+0xba>
20000a94:	2380      	movs	r3, #128	@ 0x80
20000a96:	01db      	lsls	r3, r3, #7
20000a98:	4318      	orrs	r0, r3
20000a9a:	4653      	mov	r3, sl
20000a9c:	2b00      	cmp	r3, #0
20000a9e:	d000      	beq.n	20000aa2 <prepare_ep_buffer+0xc2>
20000aa0:	0400      	lsls	r0, r0, #16
20000aa2:	bce0      	pop	{r5, r6, r7}
20000aa4:	46ba      	mov	sl, r7
20000aa6:	46b1      	mov	r9, r6
20000aa8:	46a8      	mov	r8, r5
20000aaa:	bdf0      	pop	{r4, r5, r6, r7, pc}
20000aac:	2300      	movs	r3, #0
20000aae:	5cef      	ldrb	r7, [r5, r3]
20000ab0:	54f7      	strb	r7, [r6, r3]
20000ab2:	3301      	adds	r3, #1
20000ab4:	429c      	cmp	r4, r3
20000ab6:	d1fa      	bne.n	20000aae <prepare_ep_buffer+0xce>
20000ab8:	6915      	ldr	r5, [r2, #16]
20000aba:	8a93      	ldrh	r3, [r2, #20]
20000abc:	e7e3      	b.n	20000a86 <prepare_ep_buffer+0xa6>
20000abe:	46c0      	nop			@ (mov r8, r8)

20000ac0 <sync_ep_buffer>:
20000ac0:	6883      	ldr	r3, [r0, #8]
20000ac2:	b5f0      	push	{r4, r5, r6, r7, lr}
20000ac4:	681b      	ldr	r3, [r3, #0]
20000ac6:	0005      	movs	r5, r0
20000ac8:	2900      	cmp	r1, #0
20000aca:	d000      	beq.n	20000ace <sync_ep_buffer+0xe>
20000acc:	0c1b      	lsrs	r3, r3, #16
20000ace:	059b      	lsls	r3, r3, #22
20000ad0:	0d98      	lsrs	r0, r3, #22
20000ad2:	786b      	ldrb	r3, [r5, #1]
20000ad4:	2b00      	cmp	r3, #0
20000ad6:	d108      	bne.n	20000aea <sync_ep_buffer+0x2a>
20000ad8:	8aeb      	ldrh	r3, [r5, #22]
20000ada:	18c3      	adds	r3, r0, r3
20000adc:	82eb      	strh	r3, [r5, #22]
20000ade:	8b2b      	ldrh	r3, [r5, #24]
20000ae0:	4283      	cmp	r3, r0
20000ae2:	d901      	bls.n	20000ae8 <sync_ep_buffer+0x28>
20000ae4:	2300      	movs	r3, #0
20000ae6:	82ab      	strh	r3, [r5, #20]
20000ae8:	bdf0      	pop	{r4, r5, r6, r7, pc}
20000aea:	68eb      	ldr	r3, [r5, #12]
20000aec:	0189      	lsls	r1, r1, #6
20000aee:	1e46      	subs	r6, r0, #1
20000af0:	46b4      	mov	ip, r6
20000af2:	692a      	ldr	r2, [r5, #16]
20000af4:	185c      	adds	r4, r3, r1
20000af6:	2800      	cmp	r0, #0
20000af8:	d027      	beq.n	20000b4a <sync_ep_buffer+0x8a>
20000afa:	2e06      	cmp	r6, #6
20000afc:	d92b      	bls.n	20000b56 <sync_ep_buffer+0x96>
20000afe:	3101      	adds	r1, #1
20000b00:	185b      	adds	r3, r3, r1
20000b02:	1ad3      	subs	r3, r2, r3
20000b04:	2b02      	cmp	r3, #2
20000b06:	d926      	bls.n	20000b56 <sync_ep_buffer+0x96>
20000b08:	0013      	movs	r3, r2
20000b0a:	4323      	orrs	r3, r4
20000b0c:	079b      	lsls	r3, r3, #30
20000b0e:	d122      	bne.n	20000b56 <sync_ep_buffer+0x96>
20000b10:	2300      	movs	r3, #0
20000b12:	2100      	movs	r1, #0
20000b14:	1f06      	subs	r6, r0, #4
20000b16:	08b6      	lsrs	r6, r6, #2
20000b18:	3601      	adds	r6, #1
20000b1a:	58e7      	ldr	r7, [r4, r3]
20000b1c:	3101      	adds	r1, #1
20000b1e:	50d7      	str	r7, [r2, r3]
20000b20:	3304      	adds	r3, #4
20000b22:	428e      	cmp	r6, r1
20000b24:	d8f9      	bhi.n	20000b1a <sync_ep_buffer+0x5a>
20000b26:	4663      	mov	r3, ip
20000b28:	00b6      	lsls	r6, r6, #2
20000b2a:	19a4      	adds	r4, r4, r6
20000b2c:	1992      	adds	r2, r2, r6
20000b2e:	1b9f      	subs	r7, r3, r6
20000b30:	42b0      	cmp	r0, r6
20000b32:	d009      	beq.n	20000b48 <sync_ep_buffer+0x88>
20000b34:	7823      	ldrb	r3, [r4, #0]
20000b36:	7013      	strb	r3, [r2, #0]
20000b38:	2f00      	cmp	r7, #0
20000b3a:	d005      	beq.n	20000b48 <sync_ep_buffer+0x88>
20000b3c:	7863      	ldrb	r3, [r4, #1]
20000b3e:	7053      	strb	r3, [r2, #1]
20000b40:	2f01      	cmp	r7, #1
20000b42:	d001      	beq.n	20000b48 <sync_ep_buffer+0x88>
20000b44:	78a3      	ldrb	r3, [r4, #2]
20000b46:	7093      	strb	r3, [r2, #2]
20000b48:	692a      	ldr	r2, [r5, #16]
20000b4a:	8aeb      	ldrh	r3, [r5, #22]
20000b4c:	1812      	adds	r2, r2, r0
20000b4e:	18c3      	adds	r3, r0, r3
20000b50:	82eb      	strh	r3, [r5, #22]
20000b52:	612a      	str	r2, [r5, #16]
20000b54:	e7c3      	b.n	20000ade <sync_ep_buffer+0x1e>
20000b56:	2300      	movs	r3, #0
20000b58:	5ce1      	ldrb	r1, [r4, r3]
20000b5a:	54d1      	strb	r1, [r2, r3]
20000b5c:	3301      	adds	r3, #1
20000b5e:	4298      	cmp	r0, r3
20000b60:	d1fa      	bne.n	20000b58 <sync_ep_buffer+0x98>
20000b62:	692a      	ldr	r2, [r5, #16]
20000b64:	e7f1      	b.n	20000b4a <sync_ep_buffer+0x8a>
20000b66:	46c0      	nop			@ (mov r8, r8)

20000b68 <_hw_endpoint_xfer_sync>:
20000b68:	b510      	push	{r4, lr}
20000b6a:	0004      	movs	r4, r0
20000b6c:	6883      	ldr	r3, [r0, #8]
20000b6e:	2100      	movs	r1, #0
20000b70:	681b      	ldr	r3, [r3, #0]
20000b72:	f7ff ffa5 	bl	20000ac0 <sync_ep_buffer>
20000b76:	6863      	ldr	r3, [r4, #4]
20000b78:	681b      	ldr	r3, [r3, #0]
20000b7a:	005b      	lsls	r3, r3, #1
20000b7c:	d502      	bpl.n	20000b84 <_hw_endpoint_xfer_sync+0x1c>
20000b7e:	8b23      	ldrh	r3, [r4, #24]
20000b80:	4283      	cmp	r3, r0
20000b82:	d000      	beq.n	20000b86 <_hw_endpoint_xfer_sync+0x1e>
20000b84:	bd10      	pop	{r4, pc}
20000b86:	2101      	movs	r1, #1
20000b88:	0020      	movs	r0, r4
20000b8a:	f7ff ff99 	bl	20000ac0 <sync_ep_buffer>
20000b8e:	e7f9      	b.n	20000b84 <_hw_endpoint_xfer_sync+0x1c>

20000b90 <e15_is_bulkin_ep>:
20000b90:	4a08      	ldr	r2, [pc, #32]	@ (20000bb4 <e15_is_bulkin_ep+0x24>)
20000b92:	0003      	movs	r3, r0
20000b94:	6c12      	ldr	r2, [r2, #64]	@ 0x40
20000b96:	2000      	movs	r0, #0
20000b98:	0792      	lsls	r2, r2, #30
20000b9a:	d403      	bmi.n	20000ba4 <e15_is_bulkin_ep+0x14>
20000b9c:	789a      	ldrb	r2, [r3, #2]
20000b9e:	09d2      	lsrs	r2, r2, #7
20000ba0:	2a01      	cmp	r2, #1
20000ba2:	d000      	beq.n	20000ba6 <e15_is_bulkin_ep+0x16>
20000ba4:	4770      	bx	lr
20000ba6:	7ed8      	ldrb	r0, [r3, #27]
20000ba8:	3802      	subs	r0, #2
20000baa:	4243      	negs	r3, r0
20000bac:	4158      	adcs	r0, r3
20000bae:	b2c0      	uxtb	r0, r0
20000bb0:	e7f8      	b.n	20000ba4 <e15_is_bulkin_ep+0x14>
20000bb2:	46c0      	nop			@ (mov r8, r8)
20000bb4:	50110000 	.word	0x50110000

20000bb8 <e15_is_critical_frame_period>:
20000bb8:	b510      	push	{r4, lr}
20000bba:	f7ff ffe9 	bl	20000b90 <e15_is_bulkin_ep>
20000bbe:	2800      	cmp	r0, #0
20000bc0:	d00c      	beq.n	20000bdc <e15_is_critical_frame_period+0x24>
20000bc2:	4907      	ldr	r1, [pc, #28]	@ (20000be0 <e15_is_critical_frame_period+0x28>)
20000bc4:	4b07      	ldr	r3, [pc, #28]	@ (20000be4 <e15_is_critical_frame_period+0x2c>)
20000bc6:	468c      	mov	ip, r1
20000bc8:	4a07      	ldr	r2, [pc, #28]	@ (20000be8 <e15_is_critical_frame_period+0x30>)
20000bca:	6a9b      	ldr	r3, [r3, #40]	@ 0x28
20000bcc:	6812      	ldr	r2, [r2, #0]
20000bce:	4463      	add	r3, ip
20000bd0:	1a9b      	subs	r3, r3, r2
20000bd2:	2000      	movs	r0, #0
20000bd4:	22c6      	movs	r2, #198	@ 0xc6
20000bd6:	429a      	cmp	r2, r3
20000bd8:	4140      	adcs	r0, r0
20000bda:	b2c0      	uxtb	r0, r0
20000bdc:	bd10      	pop	{r4, pc}
20000bde:	46c0      	nop			@ (mov r8, r8)
20000be0:	fffffce0 	.word	0xfffffce0
20000be4:	40054000 	.word	0x40054000
20000be8:	20001804 	.word	0x20001804

20000bec <hw_endpoint_reset_transfer>:
20000bec:	2300      	movs	r3, #0
20000bee:	7683      	strb	r3, [r0, #26]
20000bf0:	6143      	str	r3, [r0, #20]
20000bf2:	6103      	str	r3, [r0, #16]
20000bf4:	4770      	bx	lr
20000bf6:	46c0      	nop			@ (mov r8, r8)

20000bf8 <_hw_endpoint_buffer_control_update32>:
20000bf8:	b510      	push	{r4, lr}
20000bfa:	6883      	ldr	r3, [r0, #8]
20000bfc:	2900      	cmp	r1, #0
20000bfe:	d001      	beq.n	20000c04 <_hw_endpoint_buffer_control_update32+0xc>
20000c00:	681c      	ldr	r4, [r3, #0]
20000c02:	4021      	ands	r1, r4
20000c04:	2a00      	cmp	r2, #0
20000c06:	d012      	beq.n	20000c2e <_hw_endpoint_buffer_control_update32+0x36>
20000c08:	2480      	movs	r4, #128	@ 0x80
20000c0a:	00e4      	lsls	r4, r4, #3
20000c0c:	4311      	orrs	r1, r2
20000c0e:	4222      	tst	r2, r4
20000c10:	d00d      	beq.n	20000c2e <_hw_endpoint_buffer_control_update32+0x36>
20000c12:	681a      	ldr	r2, [r3, #0]
20000c14:	4222      	tst	r2, r4
20000c16:	d10c      	bne.n	20000c32 <_hw_endpoint_buffer_control_update32+0x3a>
20000c18:	4a08      	ldr	r2, [pc, #32]	@ (20000c3c <_hw_endpoint_buffer_control_update32+0x44>)
20000c1a:	400a      	ands	r2, r1
20000c1c:	601a      	str	r2, [r3, #0]
20000c1e:	4a08      	ldr	r2, [pc, #32]	@ (20000c40 <_hw_endpoint_buffer_control_update32+0x48>)
20000c20:	6c12      	ldr	r2, [r2, #64]	@ 0x40
20000c22:	0792      	lsls	r2, r2, #30
20000c24:	d403      	bmi.n	20000c2e <_hw_endpoint_buffer_control_update32+0x36>
20000c26:	230c      	movs	r3, #12
20000c28:	3b03      	subs	r3, #3
20000c2a:	d2fd      	bcs.n	20000c28 <_hw_endpoint_buffer_control_update32+0x30>
20000c2c:	6883      	ldr	r3, [r0, #8]
20000c2e:	6019      	str	r1, [r3, #0]
20000c30:	bd10      	pop	{r4, pc}
20000c32:	7881      	ldrb	r1, [r0, #2]
20000c34:	4803      	ldr	r0, [pc, #12]	@ (20000c44 <_hw_endpoint_buffer_control_update32+0x4c>)
20000c36:	f000 f94f 	bl	20000ed8 <__panic_veneer>
20000c3a:	46c0      	nop			@ (mov r8, r8)
20000c3c:	fffffbff 	.word	0xfffffbff
20000c40:	50110000 	.word	0x50110000
20000c44:	10006f60 	.word	0x10006f60

20000c48 <hw_endpoint_start_next_buffer>:
20000c48:	6843      	ldr	r3, [r0, #4]
20000c4a:	b570      	push	{r4, r5, r6, lr}
20000c4c:	2100      	movs	r1, #0
20000c4e:	2580      	movs	r5, #128	@ 0x80
20000c50:	681e      	ldr	r6, [r3, #0]
20000c52:	0004      	movs	r4, r0
20000c54:	f7ff fec4 	bl	200009e0 <prepare_ep_buffer>
20000c58:	4b13      	ldr	r3, [pc, #76]	@ (20000ca8 <hw_endpoint_start_next_buffer+0x60>)
20000c5a:	016d      	lsls	r5, r5, #5
20000c5c:	6c1b      	ldr	r3, [r3, #64]	@ 0x40
20000c5e:	4305      	orrs	r5, r0
20000c60:	079b      	lsls	r3, r3, #30
20000c62:	d50f      	bpl.n	20000c84 <hw_endpoint_start_next_buffer+0x3c>
20000c64:	78a3      	ldrb	r3, [r4, #2]
20000c66:	065b      	lsls	r3, r3, #25
20000c68:	d00f      	beq.n	20000c8a <hw_endpoint_start_next_buffer+0x42>
20000c6a:	4b10      	ldr	r3, [pc, #64]	@ (20000cac <hw_endpoint_start_next_buffer+0x64>)
20000c6c:	401e      	ands	r6, r3
20000c6e:	2380      	movs	r3, #128	@ 0x80
20000c70:	059b      	lsls	r3, r3, #22
20000c72:	4333      	orrs	r3, r6
20000c74:	6862      	ldr	r2, [r4, #4]
20000c76:	2100      	movs	r1, #0
20000c78:	6013      	str	r3, [r2, #0]
20000c7a:	0020      	movs	r0, r4
20000c7c:	002a      	movs	r2, r5
20000c7e:	f7ff ffbb 	bl	20000bf8 <_hw_endpoint_buffer_control_update32>
20000c82:	bd70      	pop	{r4, r5, r6, pc}
20000c84:	78a3      	ldrb	r3, [r4, #2]
20000c86:	09db      	lsrs	r3, r3, #7
20000c88:	d0ef      	beq.n	20000c6a <hw_endpoint_start_next_buffer+0x22>
20000c8a:	8aa3      	ldrh	r3, [r4, #20]
20000c8c:	2b00      	cmp	r3, #0
20000c8e:	d0ec      	beq.n	20000c6a <hw_endpoint_start_next_buffer+0x22>
20000c90:	2101      	movs	r1, #1
20000c92:	0020      	movs	r0, r4
20000c94:	f7ff fea4 	bl	200009e0 <prepare_ep_buffer>
20000c98:	23a0      	movs	r3, #160	@ 0xa0
20000c9a:	4a05      	ldr	r2, [pc, #20]	@ (20000cb0 <hw_endpoint_start_next_buffer+0x68>)
20000c9c:	05db      	lsls	r3, r3, #23
20000c9e:	4032      	ands	r2, r6
20000ca0:	4305      	orrs	r5, r0
20000ca2:	4313      	orrs	r3, r2
20000ca4:	e7e6      	b.n	20000c74 <hw_endpoint_start_next_buffer+0x2c>
20000ca6:	46c0      	nop			@ (mov r8, r8)
20000ca8:	50110000 	.word	0x50110000
20000cac:	afffffff 	.word	0xafffffff
20000cb0:	dfffffff 	.word	0xdfffffff

20000cb4 <hw_endpoint_xfer_continue>:
20000cb4:	b570      	push	{r4, r5, r6, lr}
20000cb6:	7e85      	ldrb	r5, [r0, #26]
20000cb8:	0004      	movs	r4, r0
20000cba:	2d00      	cmp	r5, #0
20000cbc:	d014      	beq.n	20000ce8 <hw_endpoint_xfer_continue+0x34>
20000cbe:	f7ff ff53 	bl	20000b68 <_hw_endpoint_xfer_sync>
20000cc2:	8aa3      	ldrh	r3, [r4, #20]
20000cc4:	2b00      	cmp	r3, #0
20000cc6:	d101      	bne.n	20000ccc <hw_endpoint_xfer_continue+0x18>
20000cc8:	0028      	movs	r0, r5
20000cca:	bd70      	pop	{r4, r5, r6, pc}
20000ccc:	0020      	movs	r0, r4
20000cce:	f7ff ff73 	bl	20000bb8 <e15_is_critical_frame_period>
20000cd2:	2800      	cmp	r0, #0
20000cd4:	d003      	beq.n	20000cde <hw_endpoint_xfer_continue+0x2a>
20000cd6:	2301      	movs	r3, #1
20000cd8:	2500      	movs	r5, #0
20000cda:	7723      	strb	r3, [r4, #28]
20000cdc:	e7f4      	b.n	20000cc8 <hw_endpoint_xfer_continue+0x14>
20000cde:	0020      	movs	r0, r4
20000ce0:	f7ff ffb2 	bl	20000c48 <hw_endpoint_start_next_buffer>
20000ce4:	2500      	movs	r5, #0
20000ce6:	e7ef      	b.n	20000cc8 <hw_endpoint_xfer_continue+0x14>
20000ce8:	7881      	ldrb	r1, [r0, #2]
20000cea:	4801      	ldr	r0, [pc, #4]	@ (20000cf0 <hw_endpoint_xfer_continue+0x3c>)
20000cec:	f000 f8f4 	bl	20000ed8 <__panic_veneer>
20000cf0:	10006f80 	.word	0x10006f80

20000cf4 <dcd_event_handler>:
20000cf4:	b5f0      	push	{r4, r5, r6, r7, lr}
20000cf6:	46ce      	mov	lr, r9
20000cf8:	4647      	mov	r7, r8
20000cfa:	b580      	push	{r7, lr}
20000cfc:	7843      	ldrb	r3, [r0, #1]
20000cfe:	0005      	movs	r5, r0
20000d00:	000e      	movs	r6, r1
20000d02:	b085      	sub	sp, #20
20000d04:	2b06      	cmp	r3, #6
20000d06:	d808      	bhi.n	20000d1a <dcd_event_handler+0x26>
20000d08:	4a6b      	ldr	r2, [pc, #428]	@ (20000eb8 <dcd_event_handler+0x1c4>)
20000d0a:	009b      	lsls	r3, r3, #2
20000d0c:	58d3      	ldr	r3, [r2, r3]
20000d0e:	469f      	mov	pc, r3
20000d10:	4a6a      	ldr	r2, [pc, #424]	@ (20000ebc <dcd_event_handler+0x1c8>)
20000d12:	7813      	ldrb	r3, [r2, #0]
20000d14:	3301      	adds	r3, #1
20000d16:	b2db      	uxtb	r3, r3
20000d18:	7013      	strb	r3, [r2, #0]
20000d1a:	4b69      	ldr	r3, [pc, #420]	@ (20000ec0 <dcd_event_handler+0x1cc>)
20000d1c:	681c      	ldr	r4, [r3, #0]
20000d1e:	6962      	ldr	r2, [r4, #20]
20000d20:	f3ef 8110 	mrs	r1, PRIMASK
20000d24:	b672      	cpsid	i
20000d26:	6813      	ldr	r3, [r2, #0]
20000d28:	2b00      	cmp	r3, #0
20000d2a:	d0fc      	beq.n	20000d26 <dcd_event_handler+0x32>
20000d2c:	f3bf 8f5f 	dmb	sy
20000d30:	61a1      	str	r1, [r4, #24]
20000d32:	0020      	movs	r0, r4
20000d34:	0029      	movs	r1, r5
20000d36:	f000 f8ff 	bl	20000f38 <__tu_fifo_write_veneer>
20000d3a:	6962      	ldr	r2, [r4, #20]
20000d3c:	69a3      	ldr	r3, [r4, #24]
20000d3e:	f3bf 8f5f 	dmb	sy
20000d42:	2100      	movs	r1, #0
20000d44:	6011      	str	r1, [r2, #0]
20000d46:	f383 8810 	msr	PRIMASK, r3
20000d4a:	2800      	cmp	r0, #0
20000d4c:	d104      	bne.n	20000d58 <dcd_event_handler+0x64>
20000d4e:	b005      	add	sp, #20
20000d50:	bcc0      	pop	{r6, r7}
20000d52:	46b9      	mov	r9, r7
20000d54:	46b0      	mov	r8, r6
20000d56:	bdf0      	pop	{r4, r5, r6, r7, pc}
20000d58:	0032      	movs	r2, r6
20000d5a:	7869      	ldrb	r1, [r5, #1]
20000d5c:	7828      	ldrb	r0, [r5, #0]
20000d5e:	f000 f8e3 	bl	20000f28 <__tud_event_hook_cb_veneer>
20000d62:	e7f4      	b.n	20000d4e <dcd_event_handler+0x5a>
20000d64:	2101      	movs	r1, #1
20000d66:	4b57      	ldr	r3, [pc, #348]	@ (20000ec4 <dcd_event_handler+0x1d0>)
20000d68:	781a      	ldrb	r2, [r3, #0]
20000d6a:	438a      	bics	r2, r1
20000d6c:	701a      	strb	r2, [r3, #0]
20000d6e:	781a      	ldrb	r2, [r3, #0]
20000d70:	3101      	adds	r1, #1
20000d72:	438a      	bics	r2, r1
20000d74:	701a      	strb	r2, [r3, #0]
20000d76:	2200      	movs	r2, #0
20000d78:	705a      	strb	r2, [r3, #1]
20000d7a:	781a      	ldrb	r2, [r3, #0]
20000d7c:	3102      	adds	r1, #2
20000d7e:	438a      	bics	r2, r1
20000d80:	701a      	strb	r2, [r3, #0]
20000d82:	e7ca      	b.n	20000d1a <dcd_event_handler+0x26>
20000d84:	4b50      	ldr	r3, [pc, #320]	@ (20000ec8 <dcd_event_handler+0x1d4>)
20000d86:	4f51      	ldr	r7, [pc, #324]	@ (20000ecc <dcd_event_handler+0x1d8>)
20000d88:	4699      	mov	r9, r3
20000d8a:	4b51      	ldr	r3, [pc, #324]	@ (20000ed0 <dcd_event_handler+0x1dc>)
20000d8c:	2400      	movs	r4, #0
20000d8e:	4698      	mov	r8, r3
20000d90:	783a      	ldrb	r2, [r7, #0]
20000d92:	e010      	b.n	20000db6 <dcd_event_handler+0xc2>
20000d94:	4643      	mov	r3, r8
20000d96:	681b      	ldr	r3, [r3, #0]
20000d98:	0161      	lsls	r1, r4, #5
20000d9a:	185b      	adds	r3, r3, r1
20000d9c:	2b00      	cmp	r3, #0
20000d9e:	d006      	beq.n	20000dae <dcd_event_handler+0xba>
20000da0:	69db      	ldr	r3, [r3, #28]
20000da2:	2b00      	cmp	r3, #0
20000da4:	d003      	beq.n	20000dae <dcd_event_handler+0xba>
20000da6:	6869      	ldr	r1, [r5, #4]
20000da8:	7828      	ldrb	r0, [r5, #0]
20000daa:	4798      	blx	r3
20000dac:	783a      	ldrb	r2, [r7, #0]
20000dae:	3401      	adds	r4, #1
20000db0:	b2e4      	uxtb	r4, r4
20000db2:	4294      	cmp	r4, r2
20000db4:	d817      	bhi.n	20000de6 <dcd_event_handler+0xf2>
20000db6:	42a2      	cmp	r2, r4
20000db8:	d8ec      	bhi.n	20000d94 <dcd_event_handler+0xa0>
20000dba:	1aa3      	subs	r3, r4, r2
20000dbc:	015b      	lsls	r3, r3, #5
20000dbe:	444b      	add	r3, r9
20000dc0:	e7ee      	b.n	20000da0 <dcd_event_handler+0xac>
20000dc2:	4b40      	ldr	r3, [pc, #256]	@ (20000ec4 <dcd_event_handler+0x1d0>)
20000dc4:	781a      	ldrb	r2, [r3, #0]
20000dc6:	07d2      	lsls	r2, r2, #31
20000dc8:	d5c1      	bpl.n	20000d4e <dcd_event_handler+0x5a>
20000dca:	2104      	movs	r1, #4
20000dcc:	781a      	ldrb	r2, [r3, #0]
20000dce:	430a      	orrs	r2, r1
20000dd0:	701a      	strb	r2, [r3, #0]
20000dd2:	e7a2      	b.n	20000d1a <dcd_event_handler+0x26>
20000dd4:	4b3b      	ldr	r3, [pc, #236]	@ (20000ec4 <dcd_event_handler+0x1d0>)
20000dd6:	781a      	ldrb	r2, [r3, #0]
20000dd8:	07d2      	lsls	r2, r2, #31
20000dda:	d5b8      	bpl.n	20000d4e <dcd_event_handler+0x5a>
20000ddc:	2104      	movs	r1, #4
20000dde:	781a      	ldrb	r2, [r3, #0]
20000de0:	438a      	bics	r2, r1
20000de2:	701a      	strb	r2, [r3, #0]
20000de4:	e799      	b.n	20000d1a <dcd_event_handler+0x26>
20000de6:	4f37      	ldr	r7, [pc, #220]	@ (20000ec4 <dcd_event_handler+0x1d0>)
20000de8:	783b      	ldrb	r3, [r7, #0]
20000dea:	075b      	lsls	r3, r3, #29
20000dec:	d52b      	bpl.n	20000e46 <dcd_event_handler+0x152>
20000dee:	2204      	movs	r2, #4
20000df0:	783b      	ldrb	r3, [r7, #0]
20000df2:	2100      	movs	r1, #0
20000df4:	4393      	bics	r3, r2
20000df6:	703b      	strb	r3, [r7, #0]
20000df8:	466b      	mov	r3, sp
20000dfa:	3206      	adds	r2, #6
20000dfc:	1d98      	adds	r0, r3, #6
20000dfe:	f000 f88b 	bl	20000f18 <____wrap_memset_veneer>
20000e02:	782b      	ldrb	r3, [r5, #0]
20000e04:	ac01      	add	r4, sp, #4
20000e06:	7023      	strb	r3, [r4, #0]
20000e08:	2305      	movs	r3, #5
20000e0a:	7063      	strb	r3, [r4, #1]
20000e0c:	4b2c      	ldr	r3, [pc, #176]	@ (20000ec0 <dcd_event_handler+0x1cc>)
20000e0e:	681b      	ldr	r3, [r3, #0]
20000e10:	4698      	mov	r8, r3
20000e12:	695a      	ldr	r2, [r3, #20]
20000e14:	f3ef 8110 	mrs	r1, PRIMASK
20000e18:	b672      	cpsid	i
20000e1a:	6813      	ldr	r3, [r2, #0]
20000e1c:	2b00      	cmp	r3, #0
20000e1e:	d0fc      	beq.n	20000e1a <dcd_event_handler+0x126>
20000e20:	f3bf 8f5f 	dmb	sy
20000e24:	4643      	mov	r3, r8
20000e26:	4640      	mov	r0, r8
20000e28:	6199      	str	r1, [r3, #24]
20000e2a:	0021      	movs	r1, r4
20000e2c:	f000 f884 	bl	20000f38 <__tu_fifo_write_veneer>
20000e30:	4643      	mov	r3, r8
20000e32:	695a      	ldr	r2, [r3, #20]
20000e34:	699b      	ldr	r3, [r3, #24]
20000e36:	f3bf 8f5f 	dmb	sy
20000e3a:	2100      	movs	r1, #0
20000e3c:	6011      	str	r1, [r2, #0]
20000e3e:	f383 8810 	msr	PRIMASK, r3
20000e42:	2800      	cmp	r0, #0
20000e44:	d131      	bne.n	20000eaa <dcd_event_handler+0x1b6>
20000e46:	78fb      	ldrb	r3, [r7, #3]
20000e48:	07db      	lsls	r3, r3, #31
20000e4a:	d400      	bmi.n	20000e4e <dcd_event_handler+0x15a>
20000e4c:	e77f      	b.n	20000d4e <dcd_event_handler+0x5a>
20000e4e:	466b      	mov	r3, sp
20000e50:	220a      	movs	r2, #10
20000e52:	2100      	movs	r1, #0
20000e54:	1d98      	adds	r0, r3, #6
20000e56:	f000 f85f 	bl	20000f18 <____wrap_memset_veneer>
20000e5a:	782b      	ldrb	r3, [r5, #0]
20000e5c:	ac01      	add	r4, sp, #4
20000e5e:	7023      	strb	r3, [r4, #0]
20000e60:	2303      	movs	r3, #3
20000e62:	7063      	strb	r3, [r4, #1]
20000e64:	686b      	ldr	r3, [r5, #4]
20000e66:	6063      	str	r3, [r4, #4]
20000e68:	4b15      	ldr	r3, [pc, #84]	@ (20000ec0 <dcd_event_handler+0x1cc>)
20000e6a:	681d      	ldr	r5, [r3, #0]
20000e6c:	696a      	ldr	r2, [r5, #20]
20000e6e:	f3ef 8110 	mrs	r1, PRIMASK
20000e72:	b672      	cpsid	i
20000e74:	6813      	ldr	r3, [r2, #0]
20000e76:	2b00      	cmp	r3, #0
20000e78:	d0fc      	beq.n	20000e74 <dcd_event_handler+0x180>
20000e7a:	f3bf 8f5f 	dmb	sy
20000e7e:	61a9      	str	r1, [r5, #24]
20000e80:	0028      	movs	r0, r5
20000e82:	0021      	movs	r1, r4
20000e84:	f000 f858 	bl	20000f38 <__tu_fifo_write_veneer>
20000e88:	696a      	ldr	r2, [r5, #20]
20000e8a:	69ab      	ldr	r3, [r5, #24]
20000e8c:	f3bf 8f5f 	dmb	sy
20000e90:	2100      	movs	r1, #0
20000e92:	6011      	str	r1, [r2, #0]
20000e94:	f383 8810 	msr	PRIMASK, r3
20000e98:	2800      	cmp	r0, #0
20000e9a:	d100      	bne.n	20000e9e <dcd_event_handler+0x1aa>
20000e9c:	e757      	b.n	20000d4e <dcd_event_handler+0x5a>
20000e9e:	0032      	movs	r2, r6
20000ea0:	7861      	ldrb	r1, [r4, #1]
20000ea2:	7820      	ldrb	r0, [r4, #0]
20000ea4:	f000 f840 	bl	20000f28 <__tud_event_hook_cb_veneer>
20000ea8:	e751      	b.n	20000d4e <dcd_event_handler+0x5a>
20000eaa:	0032      	movs	r2, r6
20000eac:	7861      	ldrb	r1, [r4, #1]
20000eae:	7820      	ldrb	r0, [r4, #0]
20000eb0:	f000 f83a 	bl	20000f28 <__tud_event_hook_cb_veneer>
20000eb4:	e7c7      	b.n	20000e46 <dcd_event_handler+0x152>
20000eb6:	46c0      	nop			@ (mov r8, r8)
20000eb8:	10007034 	.word	0x10007034
20000ebc:	20001c5b 	.word	0x20001c5b
20000ec0:	200015dc 	.word	0x200015dc
20000ec4:	20001584 	.word	0x20001584
20000ec8:	10007050 	.word	0x10007050
20000ecc:	20001c59 	.word	0x20001c59
20000ed0:	200013d4 	.word	0x200013d4

20000ed4 <__aeabi_idiv0>:
20000ed4:	4770      	bx	lr
20000ed6:	46c0      	nop			@ (mov r8, r8)

20000ed8 <__panic_veneer>:
20000ed8:	b401      	push	{r0}
20000eda:	4802      	ldr	r0, [pc, #8]	@ (20000ee4 <__panic_veneer+0xc>)
20000edc:	4684      	mov	ip, r0
20000ede:	bc01      	pop	{r0}
20000ee0:	4760      	bx	ip
20000ee2:	bf00      	nop
20000ee4:	10000565 	.word	0x10000565

20000ee8 <____wrap___aeabi_lmul_veneer>:
20000ee8:	b401      	push	{r0}
20000eea:	4802      	ldr	r0, [pc, #8]	@ (20000ef4 <____wrap___aeabi_lmul_veneer+0xc>)
20000eec:	4684      	mov	ip, r0
20000eee:	bc01      	pop	{r0}
20000ef0:	4760      	bx	ip
20000ef2:	bf00      	nop
20000ef4:	10002689 	.word	0x10002689

20000ef8 <__best_effort_wfe_or_timeout_veneer>:
20000ef8:	b401      	push	{r0}
20000efa:	4802      	ldr	r0, [pc, #8]	@ (20000f04 <__best_effort_wfe_or_timeout_veneer+0xc>)
20000efc:	4684      	mov	ip, r0
20000efe:	bc01      	pop	{r0}
20000f00:	4760      	bx	ip
20000f02:	bf00      	nop
20000f04:	10001259 	.word	0x10001259

20000f08 <__rp2040_chip_version_veneer>:
20000f08:	b401      	push	{r0}
20000f0a:	4802      	ldr	r0, [pc, #8]	@ (20000f14 <__rp2040_chip_version_veneer+0xc>)
20000f0c:	4684      	mov	ip, r0
20000f0e:	bc01      	pop	{r0}
20000f10:	4760      	bx	ip
20000f12:	bf00      	nop
20000f14:	10000559 	.word	0x10000559

20000f18 <____wrap_memset_veneer>:
20000f18:	b401      	push	{r0}
20000f1a:	4802      	ldr	r0, [pc, #8]	@ (20000f24 <____wrap_memset_veneer+0xc>)
20000f1c:	4684      	mov	ip, r0
20000f1e:	bc01      	pop	{r0}
20000f20:	4760      	bx	ip
20000f22:	bf00      	nop
20000f24:	10002849 	.word	0x10002849

20000f28 <__tud_event_hook_cb_veneer>:
20000f28:	b401      	push	{r0}
20000f2a:	4802      	ldr	r0, [pc, #8]	@ (20000f34 <__tud_event_hook_cb_veneer+0xc>)
20000f2c:	4684      	mov	ip, r0
20000f2e:	bc01      	pop	{r0}
20000f30:	4760      	bx	ip
20000f32:	bf00      	nop
20000f34:	10004e85 	.word	0x10004e85

20000f38 <__tu_fifo_write_veneer>:
20000f38:	b401      	push	{r0}
20000f3a:	4802      	ldr	r0, [pc, #8]	@ (20000f44 <__tu_fifo_write_veneer+0xc>)
20000f3c:	4684      	mov	ip, r0
20000f3e:	bc01      	pop	{r0}
20000f40:	4760      	bx	ip
20000f42:	bf00      	nop
20000f44:	10006465 	.word	0x10006465

20000f48 <__time_us_64_veneer>:
20000f48:	b401      	push	{r0}
20000f4a:	4802      	ldr	r0, [pc, #8]	@ (20000f54 <__time_us_64_veneer+0xc>)
20000f4c:	4684      	mov	ip, r0
20000f4e:	bc01      	pop	{r0}
20000f50:	4760      	bx	ip
20000f52:	bf00      	nop
20000f54:	10001395 	.word	0x10001395

20000f58 <striped_spin_lock_num>:
20000f58:	00000010                                ....

20000f5c <irq_handler_chain_slots>:
20000f5c:	00000000 	.word	0x00000000
20000f60:	00010000 	.word	0x00010000
	...
20000f6c:	00020000 	.word	0x00020000
	...
20000f78:	00030000 	.word	0x00030000
	...
20000f84:	00040000 	.word	0x00040000
	...
20000f90:	00050000 	.word	0x00050000
	...
20000f9c:	00ff0000 	.word	0x00ff0000
20000fa0:	00000000 	.word	0x00000000

20000fa4 <irq_handler_chain_first_slot>:
20000fa4:	b501      	push	{r0, lr}
20000fa6:	6848      	ldr	r0, [r1, #4]
20000fa8:	3101      	adds	r1, #1
20000faa:	468e      	mov	lr, r1
20000fac:	4700      	bx	r0

20000fae <irq_handler_chain_remove_tail>:
20000fae:	4670      	mov	r0, lr
20000fb0:	3809      	subs	r0, #9
20000fb2:	4901      	ldr	r1, [pc, #4]	@ (20000fb8 <irq_handler_chain_remove_tail+0xa>)
20000fb4:	4788      	blx	r1
20000fb6:	bd01      	pop	{r0, pc}
20000fb8:	10000989 	.word	0x10000989
20000fbc:	00000000 	.word	0x00000000

20000fc0 <last_added.0>:
20000fc0:	ffffffff 7fffffff                       ........

20000fc8 <default_alarm_pool>:
	...
20000fdc:	20001040                                @.. 

20000fe0 <aeabi_bits_funcs>:
20000fe0:	00003350 	.word	0x00003350
20000fe4:	0000334c 	.word	0x0000334c
20000fe8:	00003354 	.word	0x00003354
20000fec:	00003352 	.word	0x00003352

20000ff0 <aeabi_bits_funcs_end>:
20000ff0:	0000534d 	.word	0x0000534d
20000ff4:	0000434d 	.word	0x0000434d
20000ff8:	00003453 	.word	0x00003453
20000ffc:	00003443 	.word	0x00003443

20001000 <stdio_usb>:
20001000:	10004545 100044f5 10004465 100043dd     EE...D..eD...C..
20001010:	00000000 00000100                       ........

20001018 <_usbd_qdef>:
20001018:	200015e0 000c0010 00000000 00000000     ... ............
	...

20001034 <_usbd_rhport>:
20001034:	000000ff                                ....

20001038 <print_mutex>:
	...
